ISO-10303-21;
HEADER;
FILE_DESCRIPTION((''),'2;1');
FILE_NAME('wheels', '2026-08-25T19:21:02', (''), (''), 'ImageToStl.com STEP Converter','', '');
FILE_SCHEMA(('AUTOMOTIVE_DESIGN_CC2'));
ENDSEC;
DATA;
#1=PRODUCT_DEFINITION_CONTEXT('',#4,'design');
#2=APPLICATION_PROTOCOL_DEFINITION('INTERNATIONAL STANDARD','automotive_design',1994,#4);
#3=(GEOMETRIC_REPRESENTATION_CONTEXT(3)GLOBAL_UNCERTAINTY_ASSIGNED_CONTEXT((#5))GLOBAL_UNIT_ASSIGNED_CONTEXT((#6,#7,#8))REPRESENTATION_CONTEXT('NONE','WORKSPACE'));
#4=APPLICATION_CONTEXT(' ');
#5=UNCERTAINTY_MEASURE_WITH_UNIT(LENGTH_MEASURE(1.0E-006),#6,'','');
#6=(CONVERSION_BASED_UNIT('METRE',#10)LENGTH_UNIT()NAMED_UNIT(#11));
#7=(NAMED_UNIT(#12)PLANE_ANGLE_UNIT()SI_UNIT($,.RADIAN.));
#8=(NAMED_UNIT(#12)SOLID_ANGLE_UNIT()SI_UNIT($,.STERADIAN.));
#9=AXIS2_PLACEMENT_3D('',#14,#15,#16);
#10=LENGTH_MEASURE_WITH_UNIT(LENGTH_MEASURE(1.0),#17);
#11=DIMENSIONAL_EXPONENTS(1.0,0.0,0.0,0.0,0.0,0.0,0.0);
#12=DIMENSIONAL_EXPONENTS(0.0,0.0,0.0,0.0,0.0,0.0,0.0);
#13=PRODUCT_CONTEXT('',#4,'mechanical');
#14=CARTESIAN_POINT('',(0.0,0.0,0.0));
#15=DIRECTION('',(0.0,0.0,1.0));
#16=DIRECTION('',(1.0,0.0,0.0));
#17=(NAMED_UNIT(#11)LENGTH_UNIT()SI_UNIT(.MILLI.,.METRE.));
#18=PRESENTATION_STYLE_ASSIGNMENT((#19));
#19=SURFACE_STYLE_USAGE(.BOTH.,#20);
#20=SURFACE_SIDE_STYLE('',(#21));
#21=SURFACE_STYLE_FILL_AREA(#22);
#22=FILL_AREA_STYLE('',(#23));
#23=FILL_AREA_STYLE_COLOUR('',#24);
#24=COLOUR_RGB('',0.9,0.9,0.9);
#25=SHAPE_DEFINITION_REPRESENTATION(#26,#27);
#26=PRODUCT_DEFINITION_SHAPE('productshape0','',#30);
#27=MANIFOLD_SURFACE_SHAPE_REPRESENTATION('',(#28,#9),#3);
#28=SHELL_BASED_SURFACE_MODEL('shell0',(#33));
#29=PRODUCT('product0','','',(#13));
#30=PRODUCT_DEFINITION('mesh0','',#31,#2);
#31=PRODUCT_DEFINITION_FORMATION_WITH_SPECIFIED_SOURCE('prodsource0','',#29,.NOT_KNOWN.);
#32=STYLED_ITEM('',(#18),#33);
#33=CLOSED_SHELL('',(#550,#572,#594,#616,#638,#660,#682,#704,#726,#748,#770,#792,#814,#836,#858,#880,#902,#924,#946,#968,#990,#1012,#1034,#1056,#1078,#1100,#1122,#1144,#1166,#1188,#1210,#1232,#1254,#1276,#1298,#1320,#1342,#1364,#1386,#1408,#1430,#1452,#1474,#1496,#1518,#1540,#1562,#1584,#1606,#1628,#1650,#1672,#1694,#1716,#1738,#1760,#1782,#1804,#1826,#1848,#1870,#1892,#1914,#1936,#1958,#1980,#2002,#2024,#2046,#2068,#2090,#2112,#2134,#2156,#2178,#2200,#2222,#2244,#2266,#2288,#2310,#2332,#2354,#2376,#2398,#2420,#2442,#2464,#2486,#2508,#2530,#2552,#2574,#2596,#2618,#2640,#2662,#2684,#2706,#2728,#2750,#2772,#2794,#2816,#2838,#2860,#2882,#2904,#2926,#2948,#2970,#2992,#3014,#3036,#3058,#3080,#3102,#3124,#3146,#3168,#3190,#3212,#3234,#3256,#3278,#3300,#3322,#3344,#3366,#3388,#3410,#3432,#3454,#3476,#3498,#3520,#3542,#3564,#3586,#3608,#3630,#3652,#3674,#3696,#3718,#3740,#3762,#3784,#3806,#3828,#3850,#3872,#3894,#3916,#3938,#3960,#3982,#4004,#4026,#4048,#4070,#4092,#4114,#4136,#4158,#4180,#4202,#4224,#4246,#4268,#4290,#4312,#4334,#4356,#4378,#4400,#4422,#4444,#4466,#4488,#4510,#4532,#4554,#4576,#4598,#4620,#4642,#4664,#4686,#4708,#4730,#4752,#4774,#4796,#4818,#4840,#4862,#4884,#4906,#4928,#4950,#4972,#4994,#5016,#5038,#5060,#5082,#5104,#5126,#5148,#5170,#5192,#5214,#5236,#5258,#5280,#5302,#5324,#5346,#5368,#5390,#5412,#5434,#5456,#5478,#5500,#5522,#5544,#5566,#5588,#5610,#5632,#5654,#5676,#5698,#5720,#5742,#5764,#5786,#5808,#5830,#5852,#5874,#5896,#5918,#5940,#5962,#5984,#6006,#6028,#6050,#6072,#6094,#6116,#6138,#6160,#6182,#6204,#6226,#6248,#6270,#6292,#6314,#6336,#6358,#6380,#6402,#6424,#6446,#6468,#6490,#6512,#6534,#6556,#6578,#6600,#6622,#6644,#6666,#6688,#6710,#6732,#6754,#6776,#6798,#6820,#6842,#6864,#6886,#6908,#6930,#6952,#6974,#6996,#7018,#7040,#7062,#7084,#7106,#7128,#7150,#7172,#7194,#7216,#7238,#7260,#7282,#7304,#7326,#7348,#7370,#7392,#7414,#7436,#7458,#7480,#7502,#7524,#7546,#7568,#7590,#7612,#7634,#7656,#7678,#7700,#7722,#7744,#7766,#7788,#7810,#7832,#7854,#7876,#7898,#7920,#7942,#7964,#7986,#8008,#8030,#8052,#8074,#8096,#8118,#8140,#8162,#8184,#8206,#8228,#8250,#8272,#8294,#8316,#8338,#8360,#8382,#8404,#8426,#8448,#8470,#8492,#8514,#8536,#8558,#8580,#8602,#8624,#8646,#8668,#8690,#8712,#8734,#8756,#8778,#8800,#8822,#8844,#8866,#8888,#8910,#8932,#8954,#8976,#8998,#9020,#9042,#9064,#9086,#9108,#9130,#9152,#9174,#9196,#9218,#9240,#9262,#9284,#9306,#9328,#9350,#9372,#9394,#9416,#9438,#9460,#9482,#9504,#9526,#9548,#9570,#9592,#9614,#9636,#9658,#9680,#9702,#9724,#9746,#9768,#9790,#9812,#9834,#9856,#9878,#9900,#9922,#9944,#9966,#9988,#10010,#10032,#10054,#10076,#10098,#10120,#10142,#10164,#10186,#10208,#10230,#10252,#10274,#10296,#10318,#10340,#10362,#10384,#10406,#10428,#10450,#10472,#10494,#10516,#10538,#10560,#10582,#10604,#10626,#10648,#10670,#10692,#10714,#10736,#10758,#10780,#10802,#10824,#10846,#10868,#10890,#10912,#10934,#10956,#10978,#11000,#11022,#11044,#11066,#11088,#11110,#11132,#11154,#11176,#11198,#11220,#11242,#11264,#11286,#11308,#11330,#11352,#11374,#11396,#11418,#11440,#11462,#11484,#11506,#11528,#11550,#11572,#11594,#11616,#11638,#11660,#11682,#11704));
#34=CARTESIAN_POINT('',(-52.56399917602539,-17.9060001373291,1.4210854715202004E-14));
#35=VERTEX_POINT('',#34);
#36=CARTESIAN_POINT('',(-55.6910285949707,-12.235320091247559,1.4210854715202004E-14));
#37=VERTEX_POINT('',#36);
#38=CARTESIAN_POINT('',(-51.15299987792969,-17.625,1.4210854715202004E-14));
#39=VERTEX_POINT('',#38);
#40=CARTESIAN_POINT('',(-54,-18,1.4210854715202004E-14));
#41=VERTEX_POINT('',#40);
#42=CARTESIAN_POINT('',(-55.43600082397461,-17.9060001373291,1.4210854715202004E-14));
#43=VERTEX_POINT('',#42);
#44=CARTESIAN_POINT('',(-56.84700012207031,-17.625,1.4210854715202004E-14));
#45=VERTEX_POINT('',#44);
#46=CARTESIAN_POINT('',(-46.22200012207031,-14.777999877929688,1.4210854715202004E-14));
#47=VERTEX_POINT('',#46);
#48=CARTESIAN_POINT('',(-47.30400085449219,-15.72700023651123,22));
#49=VERTEX_POINT('',#48);
#50=CARTESIAN_POINT('',(-47.30400085449219,-15.72700023651123,1.4210854715202004E-14));
#51=VERTEX_POINT('',#50);
#52=CARTESIAN_POINT('',(-55.29999923706055,-6.199999809265137,22));
#53=VERTEX_POINT('',#52);
#54=CARTESIAN_POINT('',(-54.75,-5.651000022888184,22));
#55=VERTEX_POINT('',#54);
#56=CARTESIAN_POINT('',(-61.77799987792969,0.777999997138977,22));
#57=VERTEX_POINT('',#56);
#58=CARTESIAN_POINT('',(-48.5,-16.525999069213867,1.4210854715202004E-14));
#59=VERTEX_POINT('',#58);
#60=CARTESIAN_POINT('',(-49.6810188293457,-10.235309600830078,1.4210854715202004E-14));
#61=VERTEX_POINT('',#60);
#62=CARTESIAN_POINT('',(-45.27299880981445,-13.696000099182129,1.4210854715202004E-14));
#63=VERTEX_POINT('',#62);
#64=CARTESIAN_POINT('',(-44.4739990234375,-12.5,1.4210854715202004E-14));
#65=VERTEX_POINT('',#64);
#66=CARTESIAN_POINT('',(-49.790000915527344,-17.163000106811523,1.4210854715202004E-14));
#67=VERTEX_POINT('',#66);
#68=CARTESIAN_POINT('',(-50.707950592041016,-17.471649169921875,1.4210854715202004E-14));
#69=VERTEX_POINT('',#68);
#70=CARTESIAN_POINT('',(-43.27919006347656,-7,1.4210854715202004E-14));
#71=VERTEX_POINT('',#70);
#72=CARTESIAN_POINT('',(-43.09400177001953,-8.435999870300293,1.4210854715202004E-14));
#73=VERTEX_POINT('',#72);
#74=CARTESIAN_POINT('',(-43.375,-9.847000122070312,1.4210854715202004E-14));
#75=VERTEX_POINT('',#74);
#76=CARTESIAN_POINT('',(-43.83700180053711,-11.210000038146973,1.4210854715202004E-14));
#77=VERTEX_POINT('',#76);
#78=CARTESIAN_POINT('',(-62.72700119018555,-13.696000099182129,1.4210854715202004E-14));
#79=VERTEX_POINT('',#78);
#80=CARTESIAN_POINT('',(-63.5260009765625,-12.5,1.4210854715202004E-14));
#81=VERTEX_POINT('',#80);
#82=CARTESIAN_POINT('',(-62.72595977783203,-13.471619606018066,1.4210854715202004E-14));
#83=VERTEX_POINT('',#82);
#84=CARTESIAN_POINT('',(-64.16300201416016,-11.210000038146973,1.4210854715202004E-14));
#85=VERTEX_POINT('',#84);
#86=CARTESIAN_POINT('',(-59.404911041259766,-7,1.4210854715202004E-14));
#87=VERTEX_POINT('',#86);
#88=CARTESIAN_POINT('',(-55.29999923706055,-7.703000068664551,22));
#89=VERTEX_POINT('',#88);
#90=CARTESIAN_POINT('',(-61.77799987792969,-14.777999877929688,22));
#91=VERTEX_POINT('',#90);
#92=CARTESIAN_POINT('',(-55.25291061401367,-7.75,22));
#93=VERTEX_POINT('',#92);
#94=CARTESIAN_POINT('',(-55.500999450683594,-6.952000141143799,22));
#95=VERTEX_POINT('',#94);
#96=CARTESIAN_POINT('',(-64.625,-9.847000122070312,22));
#97=VERTEX_POINT('',#96);
#98=CARTESIAN_POINT('',(-49.790000915527344,-17.163000106811523,22));
#99=VERTEX_POINT('',#98);
#100=CARTESIAN_POINT('',(-60.69599914550781,-15.72700023651123,1.4210854715202004E-14));
#101=VERTEX_POINT('',#100);
#102=CARTESIAN_POINT('',(-59.5,-16.525999069213867,1.4210854715202004E-14));
#103=VERTEX_POINT('',#102);
#104=CARTESIAN_POINT('',(-61.77799987792969,-14.777999877929688,1.4210854715202004E-14));
#105=VERTEX_POINT('',#104);
#106=CARTESIAN_POINT('',(-51.15299987792969,-17.625,22));
#107=VERTEX_POINT('',#106);
#108=CARTESIAN_POINT('',(-52.56399917602539,-17.9060001373291,22));
#109=VERTEX_POINT('',#108);
#110=CARTESIAN_POINT('',(-58.209999084472656,-17.163000106811523,1.4210854715202004E-14));
#111=VERTEX_POINT('',#110);
#112=CARTESIAN_POINT('',(-60.69599914550781,1.7269999980926514,22));
#113=VERTEX_POINT('',#112);
#114=CARTESIAN_POINT('',(-59.5,2.5260000228881836,22));
#115=VERTEX_POINT('',#114);
#116=CARTESIAN_POINT('',(-62.72700119018555,-0.30399999022483826,22));
#117=VERTEX_POINT('',#116);
#118=CARTESIAN_POINT('',(-62.72700119018555,-0.30399999022483826,1.4210854715202004E-14));
#119=VERTEX_POINT('',#118);
#120=CARTESIAN_POINT('',(-63.5260009765625,-1.5,1.4210854715202004E-14));
#121=VERTEX_POINT('',#120);
#122=CARTESIAN_POINT('',(-43.09400177001953,-5.564000129699707,1.4210854715202004E-14));
#123=VERTEX_POINT('',#122);
#124=CARTESIAN_POINT('',(-49.6810188293457,-3.7646899223327637,1.4210854715202004E-14));
#125=VERTEX_POINT('',#124);
#126=CARTESIAN_POINT('',(-43.375,-4.1529998779296875,1.4210854715202004E-14));
#127=VERTEX_POINT('',#126);
#128=CARTESIAN_POINT('',(-54,-18,22));
#129=VERTEX_POINT('',#128);
#130=CARTESIAN_POINT('',(-64.625,-4.1529998779296875,22));
#131=VERTEX_POINT('',#130);
#132=CARTESIAN_POINT('',(-50.707950592041016,3.4716498851776123,1.4210854715202004E-14));
#133=VERTEX_POINT('',#132);
#134=CARTESIAN_POINT('',(-49.790000915527344,3.1630001068115234,1.4210854715202004E-14));
#135=VERTEX_POINT('',#134);
#136=CARTESIAN_POINT('',(-43.83700180053711,-2.7899999618530273,1.4210854715202004E-14));
#137=VERTEX_POINT('',#136);
#138=CARTESIAN_POINT('',(-52.499000549316406,-6.952000141143799,14));
#139=VERTEX_POINT('',#138);
#140=CARTESIAN_POINT('',(-52.499000549316406,-6.952000141143799,22));
#141=VERTEX_POINT('',#140);
#142=CARTESIAN_POINT('',(-52.70000076293945,-6.199999809265137,22));
#143=VERTEX_POINT('',#142);
#144=CARTESIAN_POINT('',(-52.70000076293945,-6.199999809265137,14));
#145=VERTEX_POINT('',#144);
#146=CARTESIAN_POINT('',(-43,-7,1.4210854715202004E-14));
#147=VERTEX_POINT('',#146);
#148=CARTESIAN_POINT('',(-53.249000549316406,-5.651000022888184,22));
#149=VERTEX_POINT('',#148);
#150=CARTESIAN_POINT('',(-53.249000549316406,-5.651000022888184,14));
#151=VERTEX_POINT('',#150);
#152=CARTESIAN_POINT('',(-46.22200012207031,0.777999997138977,22));
#153=VERTEX_POINT('',#152);
#154=CARTESIAN_POINT('',(-47.30400085449219,1.7269999980926514,22));
#155=VERTEX_POINT('',#154);
#156=CARTESIAN_POINT('',(-48.5,2.5260000228881836,22));
#157=VERTEX_POINT('',#156);
#158=CARTESIAN_POINT('',(-49.790000915527344,3.1630001068115234,22));
#159=VERTEX_POINT('',#158);
#160=CARTESIAN_POINT('',(-51.15299987792969,3.625,22));
#161=VERTEX_POINT('',#160);
#162=CARTESIAN_POINT('',(-52.56399917602539,3.9059998989105225,22));
#163=VERTEX_POINT('',#162);
#164=CARTESIAN_POINT('',(-54,-5.448999881744385,22));
#165=VERTEX_POINT('',#164);
#166=CARTESIAN_POINT('',(-54,4,22));
#167=VERTEX_POINT('',#166);
#168=CARTESIAN_POINT('',(-55.43600082397461,3.9059998989105225,22));
#169=VERTEX_POINT('',#168);
#170=CARTESIAN_POINT('',(-58.209999084472656,3.1630001068115234,22));
#171=VERTEX_POINT('',#170);
#172=CARTESIAN_POINT('',(-56.84700012207031,3.625,22));
#173=VERTEX_POINT('',#172);
#174=CARTESIAN_POINT('',(-45.27299880981445,-0.30399999022483826,22));
#175=VERTEX_POINT('',#174);
#176=CARTESIAN_POINT('',(-54,-5.448999881744385,14));
#177=VERTEX_POINT('',#176);
#178=CARTESIAN_POINT('',(-44.4739990234375,-1.5,1.4210854715202004E-14));
#179=VERTEX_POINT('',#178);
#180=CARTESIAN_POINT('',(-45.27299880981445,-0.30399999022483826,1.4210854715202004E-14));
#181=VERTEX_POINT('',#180);
#182=CARTESIAN_POINT('',(-46.22200012207031,0.777999997138977,1.4210854715202004E-14));
#183=VERTEX_POINT('',#182);
#184=CARTESIAN_POINT('',(-47.30400085449219,1.7269999980926514,1.4210854715202004E-14));
#185=VERTEX_POINT('',#184);
#186=CARTESIAN_POINT('',(-51.15299987792969,3.625,1.4210854715202004E-14));
#187=VERTEX_POINT('',#186);
#188=CARTESIAN_POINT('',(-48.5,2.5260000228881836,1.4210854715202004E-14));
#189=VERTEX_POINT('',#188);
#190=CARTESIAN_POINT('',(-55.6910285949707,-1.7646700143814087,1.4210854715202004E-14));
#191=VERTEX_POINT('',#190);
#192=CARTESIAN_POINT('',(-52.56399917602539,3.9059998989105225,1.4210854715202004E-14));
#193=VERTEX_POINT('',#192);
#194=CARTESIAN_POINT('',(-52.70000076293945,-7.703000068664551,22));
#195=VERTEX_POINT('',#194);
#196=CARTESIAN_POINT('',(-52.70000076293945,-7.703000068664551,14));
#197=VERTEX_POINT('',#196);
#198=CARTESIAN_POINT('',(-52.74700164794922,-7.75,14));
#199=VERTEX_POINT('',#198);
#200=CARTESIAN_POINT('',(-52.74700164794922,-7.75,22));
#201=VERTEX_POINT('',#200);
#202=CARTESIAN_POINT('',(-63.5260009765625,-1.5,22));
#203=VERTEX_POINT('',#202);
#204=CARTESIAN_POINT('',(-64.16300201416016,-2.7899999618530273,22));
#205=VERTEX_POINT('',#204);
#206=CARTESIAN_POINT('',(-64.90599822998047,-5.564000129699707,22));
#207=VERTEX_POINT('',#206);
#208=CARTESIAN_POINT('',(-65,-7,22));
#209=VERTEX_POINT('',#208);
#210=CARTESIAN_POINT('',(-64.90599822998047,-8.435999870300293,22));
#211=VERTEX_POINT('',#210);
#212=CARTESIAN_POINT('',(-64.16300201416016,-11.210000038146973,22));
#213=VERTEX_POINT('',#212);
#214=CARTESIAN_POINT('',(-62.72595977783203,-0.5283799767494202,1.4210854715202004E-14));
#215=VERTEX_POINT('',#214);
#216=CARTESIAN_POINT('',(-56.84700012207031,3.625,1.4210854715202004E-14));
#217=VERTEX_POINT('',#216);
#218=CARTESIAN_POINT('',(-55.43600082397461,3.9059998989105225,1.4210854715202004E-14));
#219=VERTEX_POINT('',#218);
#220=CARTESIAN_POINT('',(-54,4,1.4210854715202004E-14));
#221=VERTEX_POINT('',#220);
#222=CARTESIAN_POINT('',(-54.029998779296875,-7,1.0019999742507935));
#223=VERTEX_POINT('',#222);
#224=CARTESIAN_POINT('',(-58.209999084472656,3.1630001068115234,1.4210854715202004E-14));
#225=VERTEX_POINT('',#224);
#226=CARTESIAN_POINT('',(-59.5,2.5260000228881836,1.4210854715202004E-14));
#227=VERTEX_POINT('',#226);
#228=CARTESIAN_POINT('',(-61.77799987792969,0.777999997138977,1.4210854715202004E-14));
#229=VERTEX_POINT('',#228);
#230=CARTESIAN_POINT('',(-60.69599914550781,1.7269999980926514,1.4210854715202004E-14));
#231=VERTEX_POINT('',#230);
#232=CARTESIAN_POINT('',(-44.4739990234375,-12.5,22));
#233=VERTEX_POINT('',#232);
#234=CARTESIAN_POINT('',(-45.27299880981445,-13.696000099182129,22));
#235=VERTEX_POINT('',#234);
#236=CARTESIAN_POINT('',(-46.22200012207031,-14.777999877929688,22));
#237=VERTEX_POINT('',#236);
#238=CARTESIAN_POINT('',(-64.16300201416016,-2.7899999618530273,1.4210854715202004E-14));
#239=VERTEX_POINT('',#238);
#240=CARTESIAN_POINT('',(-54.75,-5.651000022888184,14));
#241=VERTEX_POINT('',#240);
#242=CARTESIAN_POINT('',(-48.5,-16.525999069213867,22));
#243=VERTEX_POINT('',#242);
#244=CARTESIAN_POINT('',(-55.29999923706055,-6.199999809265137,14));
#245=VERTEX_POINT('',#244);
#246=CARTESIAN_POINT('',(-60.69599914550781,-15.72700023651123,22));
#247=VERTEX_POINT('',#246);
#248=CARTESIAN_POINT('',(-64.625,-9.847000122070312,1.4210854715202004E-14));
#249=VERTEX_POINT('',#248);
#250=CARTESIAN_POINT('',(-64.90599822998047,-8.435999870300293,1.4210854715202004E-14));
#251=VERTEX_POINT('',#250);
#252=CARTESIAN_POINT('',(-65,-7,1.4210854715202004E-14));
#253=VERTEX_POINT('',#252);
#254=CARTESIAN_POINT('',(-64.90599822998047,-5.564000129699707,1.4210854715202004E-14));
#255=VERTEX_POINT('',#254);
#256=CARTESIAN_POINT('',(-64.625,-4.1529998779296875,1.4210854715202004E-14));
#257=VERTEX_POINT('',#256);
#258=CARTESIAN_POINT('',(-55.25291061401367,-7.75,14));
#259=VERTEX_POINT('',#258);
#260=CARTESIAN_POINT('',(-55.500999450683594,-6.952000141143799,14));
#261=VERTEX_POINT('',#260);
#262=CARTESIAN_POINT('',(-43.375,-9.847000122070312,22));
#263=VERTEX_POINT('',#262);
#264=CARTESIAN_POINT('',(-43.83700180053711,-11.210000038146973,22));
#265=VERTEX_POINT('',#264);
#266=CARTESIAN_POINT('',(-55.29999923706055,-7.703000068664551,14));
#267=VERTEX_POINT('',#266);
#268=CARTESIAN_POINT('',(-55.43600082397461,-17.9060001373291,22));
#269=VERTEX_POINT('',#268);
#270=CARTESIAN_POINT('',(-62.72700119018555,-13.696000099182129,22));
#271=VERTEX_POINT('',#270);
#272=CARTESIAN_POINT('',(-63.5260009765625,-12.5,22));
#273=VERTEX_POINT('',#272);
#274=CARTESIAN_POINT('',(-56.84700012207031,-17.625,22));
#275=VERTEX_POINT('',#274);
#276=CARTESIAN_POINT('',(-43,-7,22));
#277=VERTEX_POINT('',#276);
#278=CARTESIAN_POINT('',(-43.09400177001953,-8.435999870300293,22));
#279=VERTEX_POINT('',#278);
#280=CARTESIAN_POINT('',(-43.09400177001953,-5.564000129699707,22));
#281=VERTEX_POINT('',#280);
#282=CARTESIAN_POINT('',(-43.375,-4.1529998779296875,22));
#283=VERTEX_POINT('',#282);
#284=CARTESIAN_POINT('',(-43.83700180053711,-2.7899999618530273,22));
#285=VERTEX_POINT('',#284);
#286=CARTESIAN_POINT('',(-44.4739990234375,-1.5,22));
#287=VERTEX_POINT('',#286);
#288=CARTESIAN_POINT('',(-58.209999084472656,-17.163000106811523,22));
#289=VERTEX_POINT('',#288);
#290=CARTESIAN_POINT('',(-59.5,-16.525999069213867,22));
#291=VERTEX_POINT('',#290);
#292=CARTESIAN_POINT('',(-73.5,2.5260000228881836,0));
#293=VERTEX_POINT('',#292);
#294=CARTESIAN_POINT('',(-74.6810073852539,-3.7646799087524414,0));
#295=VERTEX_POINT('',#294);
#296=CARTESIAN_POINT('',(-74.79000091552734,3.1630001068115234,0));
#297=VERTEX_POINT('',#296);
#298=CARTESIAN_POINT('',(-72.30400085449219,1.7269999980926514,0));
#299=VERTEX_POINT('',#298);
#300=CARTESIAN_POINT('',(-71.22200012207031,0.777999997138977,0));
#301=VERTEX_POINT('',#300);
#302=CARTESIAN_POINT('',(-75.70793914794922,3.471679925918579,0));
#303=VERTEX_POINT('',#302);
#304=CARTESIAN_POINT('',(-80.69103240966797,-1.7646600008010864,0));
#305=VERTEX_POINT('',#304);
#306=CARTESIAN_POINT('',(-76.15299987792969,3.625,0));
#307=VERTEX_POINT('',#306);
#308=CARTESIAN_POINT('',(-77.56400299072266,3.9059998989105225,0));
#309=VERTEX_POINT('',#308);
#310=CARTESIAN_POINT('',(-84.5,2.5260000228881836,0));
#311=VERTEX_POINT('',#310);
#312=CARTESIAN_POINT('',(-85.69599914550781,1.7269999980926514,0));
#313=VERTEX_POINT('',#312);
#314=CARTESIAN_POINT('',(-83.20999908447266,3.1630001068115234,0));
#315=VERTEX_POINT('',#314);
#316=CARTESIAN_POINT('',(-81.84700012207031,3.625,0));
#317=VERTEX_POINT('',#316);
#318=CARTESIAN_POINT('',(-80.43599700927734,3.9059998989105225,0));
#319=VERTEX_POINT('',#318);
#320=CARTESIAN_POINT('',(-79,4,0));
#321=VERTEX_POINT('',#320);
#322=CARTESIAN_POINT('',(-68.09400177001953,-5.564000129699707,0));
#323=VERTEX_POINT('',#322);
#324=CARTESIAN_POINT('',(-68.2801513671875,-7,0));
#325=VERTEX_POINT('',#324);
#326=CARTESIAN_POINT('',(-68.83699798583984,-2.7899999618530273,0));
#327=VERTEX_POINT('',#326);
#328=CARTESIAN_POINT('',(-68.375,-4.1529998779296875,0));
#329=VERTEX_POINT('',#328);
#330=CARTESIAN_POINT('',(-70.27300262451172,-0.30399999022483826,0));
#331=VERTEX_POINT('',#330);
#332=CARTESIAN_POINT('',(-69.4739990234375,-1.5,0));
#333=VERTEX_POINT('',#332);
#334=CARTESIAN_POINT('',(-87.72698974609375,-0.5283600091934204,0));
#335=VERTEX_POINT('',#334);
#336=CARTESIAN_POINT('',(-87.72699737548828,-0.30399999022483826,0));
#337=VERTEX_POINT('',#336);
#338=CARTESIAN_POINT('',(-68,-7,0));
#339=VERTEX_POINT('',#338);
#340=CARTESIAN_POINT('',(-68.09400177001953,-8.435999870300293,0));
#341=VERTEX_POINT('',#340);
#342=CARTESIAN_POINT('',(-68.375,-9.847000122070312,0));
#343=VERTEX_POINT('',#342);
#344=CARTESIAN_POINT('',(-74.6810073852539,-10.235320091247559,0));
#345=VERTEX_POINT('',#344);
#346=CARTESIAN_POINT('',(-68.83699798583984,-11.210000038146973,0));
#347=VERTEX_POINT('',#346);
#348=CARTESIAN_POINT('',(-69.4739990234375,-12.5,0));
#349=VERTEX_POINT('',#348);
#350=CARTESIAN_POINT('',(-70.27300262451172,-13.696000099182129,0));
#351=VERTEX_POINT('',#350);
#352=CARTESIAN_POINT('',(-71.22200012207031,-14.777999877929688,0));
#353=VERTEX_POINT('',#352);
#354=CARTESIAN_POINT('',(-72.30400085449219,-15.72700023651123,0));
#355=VERTEX_POINT('',#354);
#356=CARTESIAN_POINT('',(-81.84700012207031,-17.625,0));
#357=VERTEX_POINT('',#356);
#358=CARTESIAN_POINT('',(-80.69103240966797,-12.235340118408203,0));
#359=VERTEX_POINT('',#358);
#360=CARTESIAN_POINT('',(-80.43599700927734,-17.9060001373291,0));
#361=VERTEX_POINT('',#360);
#362=CARTESIAN_POINT('',(-79,-18,0));
#363=VERTEX_POINT('',#362);
#364=CARTESIAN_POINT('',(-74.79000091552734,-17.163000106811523,0));
#365=VERTEX_POINT('',#364);
#366=CARTESIAN_POINT('',(-76.15299987792969,-17.625,0));
#367=VERTEX_POINT('',#366);
#368=CARTESIAN_POINT('',(-75.70793914794922,-17.4716796875,0));
#369=VERTEX_POINT('',#368);
#370=CARTESIAN_POINT('',(-77.56400299072266,-17.9060001373291,0));
#371=VERTEX_POINT('',#370);
#372=CARTESIAN_POINT('',(-73.5,-16.525999069213867,0));
#373=VERTEX_POINT('',#372);
#374=CARTESIAN_POINT('',(-88.5260009765625,-1.5,0));
#375=VERTEX_POINT('',#374);
#376=CARTESIAN_POINT('',(-86.77799987792969,0.777999997138977,0));
#377=VERTEX_POINT('',#376);
#378=CARTESIAN_POINT('',(-84.40492248535156,-7,0));
#379=VERTEX_POINT('',#378);
#380=CARTESIAN_POINT('',(-89.16300201416016,-2.7899999618530273,0));
#381=VERTEX_POINT('',#380);
#382=CARTESIAN_POINT('',(-89.625,-4.1529998779296875,0));
#383=VERTEX_POINT('',#382);
#384=CARTESIAN_POINT('',(-89.90599822998047,-5.564000129699707,0));
#385=VERTEX_POINT('',#384);
#386=CARTESIAN_POINT('',(-90,-7,0));
#387=VERTEX_POINT('',#386);
#388=CARTESIAN_POINT('',(-87.72698974609375,-13.471639633178711,0));
#389=VERTEX_POINT('',#388);
#390=CARTESIAN_POINT('',(-88.5260009765625,-12.5,0));
#391=VERTEX_POINT('',#390);
#392=CARTESIAN_POINT('',(-87.72699737548828,-13.696000099182129,0));
#393=VERTEX_POINT('',#392);
#394=CARTESIAN_POINT('',(-89.16300201416016,-11.210000038146973,0));
#395=VERTEX_POINT('',#394);
#396=CARTESIAN_POINT('',(-89.625,-9.847000122070312,0));
#397=VERTEX_POINT('',#396);
#398=CARTESIAN_POINT('',(-89.90599822998047,-8.435999870300293,0));
#399=VERTEX_POINT('',#398);
#400=CARTESIAN_POINT('',(-89.625,-4.1529998779296875,22));
#401=VERTEX_POINT('',#400);
#402=CARTESIAN_POINT('',(-89.16300201416016,-2.7899999618530273,22));
#403=VERTEX_POINT('',#402);
#404=CARTESIAN_POINT('',(-86.77799987792969,-14.777999877929688,0));
#405=VERTEX_POINT('',#404);
#406=CARTESIAN_POINT('',(-85.69599914550781,-15.72700023651123,0));
#407=VERTEX_POINT('',#406);
#408=CARTESIAN_POINT('',(-83.20999908447266,-17.163000106811523,0));
#409=VERTEX_POINT('',#408);
#410=CARTESIAN_POINT('',(-84.5,-16.525999069213867,0));
#411=VERTEX_POINT('',#410);
#412=CARTESIAN_POINT('',(-81.84700012207031,3.625,22));
#413=VERTEX_POINT('',#412);
#414=CARTESIAN_POINT('',(-79,-5.448999881744385,22));
#415=VERTEX_POINT('',#414);
#416=CARTESIAN_POINT('',(-80.43599700927734,3.9059998989105225,22));
#417=VERTEX_POINT('',#416);
#418=CARTESIAN_POINT('',(-83.20999908447266,3.1630001068115234,22));
#419=VERTEX_POINT('',#418);
#420=CARTESIAN_POINT('',(-79.75,-5.651000022888184,22));
#421=VERTEX_POINT('',#420);
#422=CARTESIAN_POINT('',(-84.5,2.5260000228881836,22));
#423=VERTEX_POINT('',#422);
#424=CARTESIAN_POINT('',(-74.79000091552734,3.1630001068115234,22));
#425=VERTEX_POINT('',#424);
#426=CARTESIAN_POINT('',(-76.15299987792969,3.625,22));
#427=VERTEX_POINT('',#426);
#428=CARTESIAN_POINT('',(-78.2490005493164,-5.651000022888184,22));
#429=VERTEX_POINT('',#428);
#430=CARTESIAN_POINT('',(-79,4,22));
#431=VERTEX_POINT('',#430);
#432=CARTESIAN_POINT('',(-77.56400299072266,3.9059998989105225,22));
#433=VERTEX_POINT('',#432);
#434=CARTESIAN_POINT('',(-87.72699737548828,-0.30399999022483826,22));
#435=VERTEX_POINT('',#434);
#436=CARTESIAN_POINT('',(-68.375,-4.1529998779296875,22));
#437=VERTEX_POINT('',#436);
#438=CARTESIAN_POINT('',(-68.83699798583984,-2.7899999618530273,22));
#439=VERTEX_POINT('',#438);
#440=CARTESIAN_POINT('',(-77.69999694824219,-6.199999809265137,22));
#441=VERTEX_POINT('',#440);
#442=CARTESIAN_POINT('',(-69.4739990234375,-1.5,22));
#443=VERTEX_POINT('',#442);
#444=CARTESIAN_POINT('',(-70.27300262451172,-0.30399999022483826,22));
#445=VERTEX_POINT('',#444);
#446=CARTESIAN_POINT('',(-71.22200012207031,0.777999997138977,22));
#447=VERTEX_POINT('',#446);
#448=CARTESIAN_POINT('',(-72.30400085449219,1.7269999980926514,22));
#449=VERTEX_POINT('',#448);
#450=CARTESIAN_POINT('',(-77.4990005493164,-6.952000141143799,22));
#451=VERTEX_POINT('',#450);
#452=CARTESIAN_POINT('',(-68.09400177001953,-5.564000129699707,22));
#453=VERTEX_POINT('',#452);
#454=CARTESIAN_POINT('',(-85.69599914550781,1.7269999980926514,22));
#455=VERTEX_POINT('',#454);
#456=CARTESIAN_POINT('',(-68.375,-9.847000122070312,22));
#457=VERTEX_POINT('',#456);
#458=CARTESIAN_POINT('',(-77.69999694824219,-7.703000068664551,22));
#459=VERTEX_POINT('',#458);
#460=CARTESIAN_POINT('',(-72.30400085449219,-15.72700023651123,22));
#461=VERTEX_POINT('',#460);
#462=CARTESIAN_POINT('',(-71.22200012207031,-14.777999877929688,22));
#463=VERTEX_POINT('',#462);
#464=CARTESIAN_POINT('',(-77.74700164794922,-7.75,22));
#465=VERTEX_POINT('',#464);
#466=CARTESIAN_POINT('',(-73.5,2.5260000228881836,22));
#467=VERTEX_POINT('',#466);
#468=CARTESIAN_POINT('',(-84.5,-16.525999069213867,22));
#469=VERTEX_POINT('',#468);
#470=CARTESIAN_POINT('',(-68.09400177001953,-8.435999870300293,22));
#471=VERTEX_POINT('',#470);
#472=CARTESIAN_POINT('',(-68,-7,22));
#473=VERTEX_POINT('',#472);
#474=CARTESIAN_POINT('',(-69.4739990234375,-12.5,22));
#475=VERTEX_POINT('',#474);
#476=CARTESIAN_POINT('',(-70.27300262451172,-13.696000099182129,22));
#477=VERTEX_POINT('',#476);
#478=CARTESIAN_POINT('',(-68.83699798583984,-11.210000038146973,22));
#479=VERTEX_POINT('',#478);
#480=CARTESIAN_POINT('',(-74.79000091552734,-17.163000106811523,22));
#481=VERTEX_POINT('',#480);
#482=CARTESIAN_POINT('',(-73.5,-16.525999069213867,22));
#483=VERTEX_POINT('',#482);
#484=CARTESIAN_POINT('',(-87.72699737548828,-13.696000099182129,22));
#485=VERTEX_POINT('',#484);
#486=CARTESIAN_POINT('',(-86.77799987792969,-14.777999877929688,22));
#487=VERTEX_POINT('',#486);
#488=CARTESIAN_POINT('',(-80.30000305175781,-7.703000068664551,22));
#489=VERTEX_POINT('',#488);
#490=CARTESIAN_POINT('',(-88.5260009765625,-1.5,22));
#491=VERTEX_POINT('',#490);
#492=CARTESIAN_POINT('',(-83.20999908447266,-17.163000106811523,22));
#493=VERTEX_POINT('',#492);
#494=CARTESIAN_POINT('',(-80.30000305175781,-6.199999809265137,14));
#495=VERTEX_POINT('',#494);
#496=CARTESIAN_POINT('',(-80.5009994506836,-6.952000141143799,22));
#497=VERTEX_POINT('',#496);
#498=CARTESIAN_POINT('',(-80.5009994506836,-6.952000141143799,14));
#499=VERTEX_POINT('',#498);
#500=CARTESIAN_POINT('',(-79.02999877929688,-7,1.003000020980835));
#501=VERTEX_POINT('',#500);
#502=CARTESIAN_POINT('',(-80.30000305175781,-7.703000068664551,14));
#503=VERTEX_POINT('',#502);
#504=CARTESIAN_POINT('',(-80.2529067993164,-7.75,14));
#505=VERTEX_POINT('',#504);
#506=CARTESIAN_POINT('',(-80.2529067993164,-7.75,22));
#507=VERTEX_POINT('',#506);
#508=CARTESIAN_POINT('',(-77.74700164794922,-7.75,14));
#509=VERTEX_POINT('',#508);
#510=CARTESIAN_POINT('',(-77.69999694824219,-6.199999809265137,14));
#511=VERTEX_POINT('',#510);
#512=CARTESIAN_POINT('',(-78.2490005493164,-5.651000022888184,14));
#513=VERTEX_POINT('',#512);
#514=CARTESIAN_POINT('',(-79,-5.448999881744385,14));
#515=VERTEX_POINT('',#514);
#516=CARTESIAN_POINT('',(-77.56400299072266,-17.9060001373291,22));
#517=VERTEX_POINT('',#516);
#518=CARTESIAN_POINT('',(-77.69999694824219,-7.703000068664551,14));
#519=VERTEX_POINT('',#518);
#520=CARTESIAN_POINT('',(-85.69599914550781,-15.72700023651123,22));
#521=VERTEX_POINT('',#520);
#522=CARTESIAN_POINT('',(-80.30000305175781,-6.199999809265137,22));
#523=VERTEX_POINT('',#522);
#524=CARTESIAN_POINT('',(-77.4990005493164,-6.952000141143799,14));
#525=VERTEX_POINT('',#524);
#526=CARTESIAN_POINT('',(-76.15299987792969,-17.625,22));
#527=VERTEX_POINT('',#526);
#528=CARTESIAN_POINT('',(-79,-18,22));
#529=VERTEX_POINT('',#528);
#530=CARTESIAN_POINT('',(-80.43599700927734,-17.9060001373291,22));
#531=VERTEX_POINT('',#530);
#532=CARTESIAN_POINT('',(-81.84700012207031,-17.625,22));
#533=VERTEX_POINT('',#532);
#534=CARTESIAN_POINT('',(-88.5260009765625,-12.5,22));
#535=VERTEX_POINT('',#534);
#536=CARTESIAN_POINT('',(-79.75,-5.651000022888184,14));
#537=VERTEX_POINT('',#536);
#538=CARTESIAN_POINT('',(-89.90599822998047,-8.435999870300293,22));
#539=VERTEX_POINT('',#538);
#540=CARTESIAN_POINT('',(-89.625,-9.847000122070312,22));
#541=VERTEX_POINT('',#540);
#542=CARTESIAN_POINT('',(-90,-7,22));
#543=VERTEX_POINT('',#542);
#544=CARTESIAN_POINT('',(-89.90599822998047,-5.564000129699707,22));
#545=VERTEX_POINT('',#544);
#546=CARTESIAN_POINT('',(-89.16300201416016,-11.210000038146973,22));
#547=VERTEX_POINT('',#546);
#548=CARTESIAN_POINT('',(-86.77799987792969,0.777999997138977,22));
#549=VERTEX_POINT('',#548);
#550=FACE_SURFACE('',(#555),#551,.T.);
#551=PLANE('',#552);
#552=AXIS2_PLACEMENT_3D('',#34,#553,#554);
#553=DIRECTION('',(0,0,-1));
#554=DIRECTION('',(-0.4828853512327195,0.8756835830166357,0));
#555=FACE_BOUND('',#556,.T.);
#556=EDGE_LOOP('',(#557,#558,#559));
#557=ORIENTED_EDGE('',*,*,#560,.T.);
#558=ORIENTED_EDGE('',*,*,#561,.T.);
#559=ORIENTED_EDGE('',*,*,#562,.T.);
#560=EDGE_CURVE('',#35,#37,#563,.F.);
#561=EDGE_CURVE('',#37,#39,#564,.T.);
#562=EDGE_CURVE('',#39,#35,#565,.T.);
#563=LINE('',#34,#566);
#564=LINE('',#36,#567);
#565=LINE('',#38,#568);
#566=VECTOR('',#569,1.0);
#567=VECTOR('',#570,1.0);
#568=VECTOR('',#571,1.0);
#569=DIRECTION('',(-0.4828853512327195,0.8756835830166357,0));
#570=DIRECTION('',(0.6440818417917837,-0.7649565877055401,0));
#571=DIRECTION('',(-0.9807407110983418,-0.19531425343358505,0));
#572=FACE_SURFACE('',(#577),#573,.T.);
#573=PLANE('',#574);
#574=AXIS2_PLACEMENT_3D('',#40,#575,#576);
#575=DIRECTION('',(0,0,-1));
#576=DIRECTION('',(-0.28148212364079583,0.9595664719396295,0));
#577=FACE_BOUND('',#578,.T.);
#578=EDGE_LOOP('',(#579,#580,#581));
#579=ORIENTED_EDGE('',*,*,#582,.T.);
#580=ORIENTED_EDGE('',*,*,#583,.T.);
#581=ORIENTED_EDGE('',*,*,#584,.T.);
#582=EDGE_CURVE('',#41,#37,#585,.F.);
#583=EDGE_CURVE('',#37,#35,#586,.T.);
#584=EDGE_CURVE('',#35,#41,#587,.T.);
#585=LINE('',#40,#588);
#586=LINE('',#36,#589);
#587=LINE('',#34,#590);
#588=VECTOR('',#591,1.0);
#589=VECTOR('',#592,1.0);
#590=VECTOR('',#593,1.0);
#591=DIRECTION('',(-0.28148212364079583,0.9595664719396295,0));
#592=DIRECTION('',(0.4828853512327195,-0.8756835830166357,0));
#593=DIRECTION('',(-0.9978643892288098,-0.06531968087042447,0));
#594=FACE_SURFACE('',(#599),#595,.T.);
#595=PLANE('',#596);
#596=AXIS2_PLACEMENT_3D('',#42,#597,#598);
#597=DIRECTION('',(0,0,-1));
#598=DIRECTION('',(-0.044927637087733056,0.998990243909175,0));
#599=FACE_BOUND('',#600,.T.);
#600=EDGE_LOOP('',(#601,#602,#603));
#601=ORIENTED_EDGE('',*,*,#604,.T.);
#602=ORIENTED_EDGE('',*,*,#605,.T.);
#603=ORIENTED_EDGE('',*,*,#606,.T.);
#604=EDGE_CURVE('',#43,#37,#607,.F.);
#605=EDGE_CURVE('',#37,#41,#608,.T.);
#606=EDGE_CURVE('',#41,#43,#609,.T.);
#607=LINE('',#42,#610);
#608=LINE('',#36,#611);
#609=LINE('',#40,#612);
#610=VECTOR('',#613,1.0);
#611=VECTOR('',#614,1.0);
#612=VECTOR('',#615,1.0);
#613=DIRECTION('',(-0.044927637087733056,0.998990243909175,0));
#614=DIRECTION('',(0.28148212364079583,-0.9595664719396295,0));
#615=DIRECTION('',(-0.9978643892288098,0.06531968087042447,0));
#616=FACE_SURFACE('',(#621),#617,.T.);
#617=PLANE('',#618);
#618=AXIS2_PLACEMENT_3D('',#44,#619,#620);
#619=DIRECTION('',(0,0,-1));
#620=DIRECTION('',(0.209709493172035,0.9777637385756992,0));
#621=FACE_BOUND('',#622,.T.);
#622=EDGE_LOOP('',(#623,#624,#625));
#623=ORIENTED_EDGE('',*,*,#626,.T.);
#624=ORIENTED_EDGE('',*,*,#627,.T.);
#625=ORIENTED_EDGE('',*,*,#628,.T.);
#626=EDGE_CURVE('',#45,#37,#629,.F.);
#627=EDGE_CURVE('',#37,#43,#630,.T.);
#628=EDGE_CURVE('',#43,#45,#631,.T.);
#629=LINE('',#44,#632);
#630=LINE('',#36,#633);
#631=LINE('',#42,#634);
#632=VECTOR('',#635,1.0);
#633=VECTOR('',#636,1.0);
#634=VECTOR('',#637,1.0);
#635=DIRECTION('',(0.209709493172035,0.9777637385756992,0));
#636=DIRECTION('',(0.044927637087733056,-0.998990243909175,0));
#637=DIRECTION('',(-0.9807407110983418,0.19531425343358505,0));
#638=FACE_SURFACE('',(#643),#639,.T.);
#639=PLANE('',#640);
#640=AXIS2_PLACEMENT_3D('',#46,#641,#642);
#641=DIRECTION('',(0.6593894822449515,-0.7518015101772108,0));
#642=DIRECTION('',(-0.04907694869074023,-0.04304437188443706,0.9978670428249852));
#643=FACE_BOUND('',#644,.T.);
#644=EDGE_LOOP('',(#645,#646,#647));
#645=ORIENTED_EDGE('',*,*,#648,.T.);
#646=ORIENTED_EDGE('',*,*,#649,.T.);
#647=ORIENTED_EDGE('',*,*,#650,.T.);
#648=EDGE_CURVE('',#47,#49,#651,.F.);
#649=EDGE_CURVE('',#49,#51,#652,.T.);
#650=EDGE_CURVE('',#51,#47,#653,.T.);
#651=LINE('',#46,#654);
#652=LINE('',#48,#655);
#653=LINE('',#50,#656);
#654=VECTOR('',#657,1.0);
#655=VECTOR('',#658,1.0);
#656=VECTOR('',#659,1.0);
#657=DIRECTION('',(-0.04907694869074023,-0.04304437188443706,0.9978670428249852));
#658=DIRECTION('',(0,0,-1));
#659=DIRECTION('',(0.7518015101772108,0.6593894822449515,0));
#660=FACE_SURFACE('',(#665),#661,.T.);
#661=PLANE('',#662);
#662=AXIS2_PLACEMENT_3D('',#52,#663,#664);
#663=DIRECTION('',(0,-0,1));
#664=DIRECTION('',(0.7077495449171267,0.7064634326485696,0));
#665=FACE_BOUND('',#666,.T.);
#666=EDGE_LOOP('',(#667,#668,#669));
#667=ORIENTED_EDGE('',*,*,#670,.T.);
#668=ORIENTED_EDGE('',*,*,#671,.T.);
#669=ORIENTED_EDGE('',*,*,#672,.T.);
#670=EDGE_CURVE('',#53,#55,#673,.F.);
#671=EDGE_CURVE('',#55,#57,#674,.T.);
#672=EDGE_CURVE('',#57,#53,#675,.T.);
#673=LINE('',#52,#676);
#674=LINE('',#54,#677);
#675=LINE('',#56,#678);
#676=VECTOR('',#679,1.0);
#677=VECTOR('',#680,1.0);
#678=VECTOR('',#681,1.0);
#679=DIRECTION('',(0.7077495449171267,0.7064634326485696,0));
#680=DIRECTION('',(-0.7378510152599944,0.6749636133005954,0));
#681=DIRECTION('',(0.6803625154750682,-0.7328757381278477,0));
#682=FACE_SURFACE('',(#687),#683,.T.);
#683=PLANE('',#684);
#684=AXIS2_PLACEMENT_3D('',#48,#685,#686);
#685=DIRECTION('',(0.5555018594767054,-0.83151529397716,0));
#686=DIRECTION('',(-0.05424778259457089,-0.03624075747258586,-0.9978696235387594));
#687=FACE_BOUND('',#688,.T.);
#688=EDGE_LOOP('',(#689,#690,#691));
#689=ORIENTED_EDGE('',*,*,#692,.T.);
#690=ORIENTED_EDGE('',*,*,#693,.T.);
#691=ORIENTED_EDGE('',*,*,#694,.T.);
#692=EDGE_CURVE('',#49,#59,#695,.F.);
#693=EDGE_CURVE('',#59,#51,#696,.T.);
#694=EDGE_CURVE('',#51,#49,#697,.T.);
#695=LINE('',#48,#698);
#696=LINE('',#58,#699);
#697=LINE('',#50,#700);
#698=VECTOR('',#701,1.0);
#699=VECTOR('',#702,1.0);
#700=VECTOR('',#703,1.0);
#701=DIRECTION('',(-0.05424778259457089,-0.03624075747258586,-0.9978696235387594));
#702=DIRECTION('',(0.8315152939771598,0.5555018594767054,0));
#703=DIRECTION('',(0,0,1));
#704=FACE_SURFACE('',(#709),#705,.T.);
#705=PLANE('',#706);
#706=AXIS2_PLACEMENT_3D('',#46,#707,#708);
#707=DIRECTION('',(0,0,-1));
#708=DIRECTION('',(-0.6058128484208424,0.7956071849149087,0));
#709=FACE_BOUND('',#710,.T.);
#710=EDGE_LOOP('',(#711,#712,#713));
#711=ORIENTED_EDGE('',*,*,#714,.T.);
#712=ORIENTED_EDGE('',*,*,#715,.T.);
#713=ORIENTED_EDGE('',*,*,#716,.T.);
#714=EDGE_CURVE('',#47,#61,#717,.F.);
#715=EDGE_CURVE('',#61,#63,#718,.T.);
#716=EDGE_CURVE('',#63,#47,#719,.T.);
#717=LINE('',#46,#720);
#718=LINE('',#60,#721);
#719=LINE('',#62,#722);
#720=VECTOR('',#723,1.0);
#721=VECTOR('',#724,1.0);
#722=VECTOR('',#725,1.0);
#723=DIRECTION('',(-0.6058128484208424,0.7956071849149087,0));
#724=DIRECTION('',(0.7865569957930938,-0.6175176858754274,0));
#725=DIRECTION('',(-0.6593901852599066,-0.7518008935768208,0));
#726=FACE_SURFACE('',(#731),#727,.T.);
#727=PLANE('',#728);
#728=AXIS2_PLACEMENT_3D('',#50,#729,#730);
#729=DIRECTION('',(0,0,-1));
#730=DIRECTION('',(-0.3972254758856631,0.9177210476541379,0));
#731=FACE_BOUND('',#732,.T.);
#732=EDGE_LOOP('',(#733,#734,#735));
#733=ORIENTED_EDGE('',*,*,#736,.T.);
#734=ORIENTED_EDGE('',*,*,#737,.T.);
#735=ORIENTED_EDGE('',*,*,#738,.T.);
#736=EDGE_CURVE('',#51,#61,#739,.F.);
#737=EDGE_CURVE('',#61,#47,#740,.T.);
#738=EDGE_CURVE('',#47,#51,#741,.T.);
#739=LINE('',#50,#742);
#740=LINE('',#60,#743);
#741=LINE('',#46,#744);
#742=VECTOR('',#745,1.0);
#743=VECTOR('',#746,1.0);
#744=VECTOR('',#747,1.0);
#745=DIRECTION('',(-0.3972254758856631,0.9177210476541379,0));
#746=DIRECTION('',(0.6058128484208424,-0.7956071849149087,0));
#747=DIRECTION('',(-0.7518015101772108,-0.6593894822449515,0));
#748=FACE_SURFACE('',(#753),#749,.T.);
#749=PLANE('',#750);
#750=AXIS2_PLACEMENT_3D('',#58,#751,#752);
#751=DIRECTION('',(0,0,-1));
#752=DIRECTION('',(-0.18451712084527414,0.9828292995810466,0));
#753=FACE_BOUND('',#754,.T.);
#754=EDGE_LOOP('',(#755,#756,#757));
#755=ORIENTED_EDGE('',*,*,#758,.T.);
#756=ORIENTED_EDGE('',*,*,#759,.T.);
#757=ORIENTED_EDGE('',*,*,#760,.T.);
#758=EDGE_CURVE('',#59,#61,#761,.F.);
#759=EDGE_CURVE('',#61,#51,#762,.T.);
#760=EDGE_CURVE('',#51,#59,#763,.T.);
#761=LINE('',#58,#764);
#762=LINE('',#60,#765);
#763=LINE('',#50,#766);
#764=VECTOR('',#767,1.0);
#765=VECTOR('',#768,1.0);
#766=VECTOR('',#769,1.0);
#767=DIRECTION('',(-0.18451712084527414,0.9828292995810466,0));
#768=DIRECTION('',(0.3972254758856631,-0.9177210476541379,0));
#769=DIRECTION('',(-0.8315152939771598,-0.5555018594767054,0));
#770=FACE_SURFACE('',(#775),#771,.T.);
#771=PLANE('',#772);
#772=AXIS2_PLACEMENT_3D('',#64,#773,#774);
#773=DIRECTION('',(-0,0,-1));
#774=DIRECTION('',(-0.5555020116503687,-0.8315151923160476,0));
#775=FACE_BOUND('',#776,.T.);
#776=EDGE_LOOP('',(#777,#778,#779));
#777=ORIENTED_EDGE('',*,*,#780,.T.);
#778=ORIENTED_EDGE('',*,*,#781,.T.);
#779=ORIENTED_EDGE('',*,*,#782,.T.);
#780=EDGE_CURVE('',#65,#63,#783,.F.);
#781=EDGE_CURVE('',#63,#61,#784,.T.);
#782=EDGE_CURVE('',#61,#65,#785,.T.);
#783=LINE('',#64,#786);
#784=LINE('',#62,#787);
#785=LINE('',#60,#788);
#786=VECTOR('',#789,1.0);
#787=VECTOR('',#790,1.0);
#788=VECTOR('',#791,1.0);
#789=DIRECTION('',(-0.5555020116503687,-0.8315151923160476,0));
#790=DIRECTION('',(-0.7865569957930938,0.6175176858754274,0));
#791=DIRECTION('',(0.9170205441914457,-0.3988399698260254,0));
#792=FACE_SURFACE('',(#797),#793,.T.);
#793=PLANE('',#794);
#794=AXIS2_PLACEMENT_3D('',#66,#795,#796);
#795=DIRECTION('',(0,0,-1));
#796=DIRECTION('',(0.01572942719635989,0.9998762849073252,0));
#797=FACE_BOUND('',#798,.T.);
#798=EDGE_LOOP('',(#799,#800,#801));
#799=ORIENTED_EDGE('',*,*,#802,.T.);
#800=ORIENTED_EDGE('',*,*,#803,.T.);
#801=ORIENTED_EDGE('',*,*,#804,.T.);
#802=EDGE_CURVE('',#67,#61,#805,.F.);
#803=EDGE_CURVE('',#61,#59,#806,.T.);
#804=EDGE_CURVE('',#59,#67,#807,.T.);
#805=LINE('',#66,#808);
#806=LINE('',#60,#809);
#807=LINE('',#58,#810);
#808=VECTOR('',#811,1.0);
#809=VECTOR('',#812,1.0);
#810=VECTOR('',#813,1.0);
#811=DIRECTION('',(0.01572942719635989,0.9998762849073252,0));
#812=DIRECTION('',(0.18451712084527414,-0.9828292995810466,0));
#813=DIRECTION('',(-0.8966401912814309,-0.4427599432861998,0));
#814=FACE_SURFACE('',(#819),#815,.T.);
#815=PLANE('',#816);
#816=AXIS2_PLACEMENT_3D('',#38,#817,#818);
#817=DIRECTION('',(0,0,-1));
#818=DIRECTION('',(0.9454478803529546,0.32577339599191524,0));
#819=FACE_BOUND('',#820,.T.);
#820=EDGE_LOOP('',(#821,#822,#823));
#821=ORIENTED_EDGE('',*,*,#824,.T.);
#822=ORIENTED_EDGE('',*,*,#825,.T.);
#823=ORIENTED_EDGE('',*,*,#826,.T.);
#824=EDGE_CURVE('',#39,#69,#827,.F.);
#825=EDGE_CURVE('',#69,#67,#828,.T.);
#826=EDGE_CURVE('',#67,#39,#829,.T.);
#827=LINE('',#38,#830);
#828=LINE('',#68,#831);
#829=LINE('',#66,#832);
#830=VECTOR('',#833,1.0);
#831=VECTOR('',#834,1.0);
#832=VECTOR('',#835,1.0);
#833=DIRECTION('',(0.9454478803529546,0.32577339599191524,0));
#834=DIRECTION('',(0.9478542580064606,0.31870410348632466,0));
#835=DIRECTION('',(-0.9470729889459992,-0.3210183072799605,0));
#836=FACE_SURFACE('',(#841),#837,.T.);
#837=PLANE('',#838);
#838=AXIS2_PLACEMENT_3D('',#68,#839,#840);
#839=DIRECTION('',(0,0,-1));
#840=DIRECTION('',(0.14050536258080046,0.9900799175248621,0));
#841=FACE_BOUND('',#842,.T.);
#842=EDGE_LOOP('',(#843,#844,#845));
#843=ORIENTED_EDGE('',*,*,#846,.T.);
#844=ORIENTED_EDGE('',*,*,#847,.T.);
#845=ORIENTED_EDGE('',*,*,#848,.T.);
#846=EDGE_CURVE('',#69,#61,#849,.F.);
#847=EDGE_CURVE('',#61,#67,#850,.T.);
#848=EDGE_CURVE('',#67,#69,#851,.T.);
#849=LINE('',#68,#852);
#850=LINE('',#60,#853);
#851=LINE('',#66,#854);
#852=VECTOR('',#855,1.0);
#853=VECTOR('',#856,1.0);
#854=VECTOR('',#857,1.0);
#855=DIRECTION('',(0.14050536258080046,0.9900799175248621,0));
#856=DIRECTION('',(-0.01572942719635989,-0.9998762849073252,0));
#857=DIRECTION('',(-0.9478542580064606,-0.31870410348632466,0));
#858=FACE_SURFACE('',(#863),#859,.T.);
#859=PLANE('',#860);
#860=AXIS2_PLACEMENT_3D('',#70,#861,#862);
#861=DIRECTION('',(0,-0,-1));
#862=DIRECTION('',(0.12790203533428995,-0.9917868064041515,0));
#863=FACE_BOUND('',#864,.T.);
#864=EDGE_LOOP('',(#865,#866,#867));
#865=ORIENTED_EDGE('',*,*,#868,.T.);
#866=ORIENTED_EDGE('',*,*,#869,.T.);
#867=ORIENTED_EDGE('',*,*,#870,.T.);
#868=EDGE_CURVE('',#71,#73,#871,.F.);
#869=EDGE_CURVE('',#73,#61,#872,.T.);
#870=EDGE_CURVE('',#61,#71,#873,.T.);
#871=LINE('',#70,#874);
#872=LINE('',#72,#875);
#873=LINE('',#60,#876);
#874=VECTOR('',#877,1.0);
#875=VECTOR('',#878,1.0);
#876=VECTOR('',#879,1.0);
#877=DIRECTION('',(0.12790203533428995,-0.9917868064041515,0));
#878=DIRECTION('',(-0.9646577734482406,-0.26350593945086487,0));
#879=DIRECTION('',(0.89250090244018,0.4510456065005671,0));
#880=FACE_SURFACE('',(#885),#881,.T.);
#881=PLANE('',#882);
#882=AXIS2_PLACEMENT_3D('',#74,#883,#884);
#883=DIRECTION('',(0,0,-1));
#884=DIRECTION('',(-0.32101929454759215,-0.9470726543028082,0));
#885=FACE_BOUND('',#886,.T.);
#886=EDGE_LOOP('',(#887,#888,#889));
#887=ORIENTED_EDGE('',*,*,#890,.T.);
#888=ORIENTED_EDGE('',*,*,#891,.T.);
#889=ORIENTED_EDGE('',*,*,#892,.T.);
#890=EDGE_CURVE('',#75,#77,#893,.F.);
#891=EDGE_CURVE('',#77,#61,#894,.T.);
#892=EDGE_CURVE('',#61,#75,#895,.T.);
#893=LINE('',#74,#896);
#894=LINE('',#76,#897);
#895=LINE('',#60,#898);
#896=VECTOR('',#899,1.0);
#897=VECTOR('',#900,1.0);
#898=VECTOR('',#901,1.0);
#899=DIRECTION('',(-0.32101929454759215,-0.9470726543028082,0));
#900=DIRECTION('',(-0.9863750975471716,0.16451190515828248,0));
#901=DIRECTION('',(0.9981094745216843,0.06146118181459865,0));
#902=FACE_SURFACE('',(#907),#903,.T.);
#903=PLANE('',#904);
#904=AXIS2_PLACEMENT_3D('',#78,#905,#906);
#905=DIRECTION('',(0,0,-1));
#906=DIRECTION('',(-0.5555020116503687,0.8315151923160476,0));
#907=FACE_BOUND('',#908,.T.);
#908=EDGE_LOOP('',(#909,#910,#911));
#909=ORIENTED_EDGE('',*,*,#912,.T.);
#910=ORIENTED_EDGE('',*,*,#913,.T.);
#911=ORIENTED_EDGE('',*,*,#914,.T.);
#912=EDGE_CURVE('',#79,#81,#915,.F.);
#913=EDGE_CURVE('',#81,#83,#916,.T.);
#914=EDGE_CURVE('',#83,#79,#917,.T.);
#915=LINE('',#78,#918);
#916=LINE('',#80,#919);
#917=LINE('',#82,#920);
#918=VECTOR('',#921,1.0);
#919=VECTOR('',#922,1.0);
#920=VECTOR('',#923,1.0);
#921=DIRECTION('',(-0.5555020116503687,0.8315151923160476,0));
#922=DIRECTION('',(0.635652273763925,-0.7719755092350743,0));
#923=DIRECTION('',(-0.004641228487545216,-0.9999892294410607,0));
#924=FACE_SURFACE('',(#929),#925,.T.);
#925=PLANE('',#926);
#926=AXIS2_PLACEMENT_3D('',#84,#927,#928);
#927=DIRECTION('',(0,0,-1));
#928=DIRECTION('',(0.7489247289535883,0.6626550764627056,0));
#929=FACE_BOUND('',#930,.T.);
#930=EDGE_LOOP('',(#931,#932,#933));
#931=ORIENTED_EDGE('',*,*,#934,.T.);
#932=ORIENTED_EDGE('',*,*,#935,.T.);
#933=ORIENTED_EDGE('',*,*,#936,.T.);
#934=EDGE_CURVE('',#85,#87,#937,.F.);
#935=EDGE_CURVE('',#87,#81,#938,.T.);
#936=EDGE_CURVE('',#81,#85,#939,.T.);
#937=LINE('',#84,#940);
#938=LINE('',#86,#941);
#939=LINE('',#80,#942);
#940=VECTOR('',#943,1.0);
#941=VECTOR('',#944,1.0);
#942=VECTOR('',#945,1.0);
#943=DIRECTION('',(0.7489247289535883,0.6626550764627056,0));
#944=DIRECTION('',(-0.5996358221618695,-0.8002730039057039,0));
#945=DIRECTION('',(-0.44276020644325736,0.8966400613347164,0));
#946=FACE_SURFACE('',(#951),#947,.T.);
#947=PLANE('',#948);
#948=AXIS2_PLACEMENT_3D('',#88,#949,#950);
#949=DIRECTION('',(0,0,1));
#950=DIRECTION('',(-0.6753044347121853,-0.7375390975792782,0));
#951=FACE_BOUND('',#952,.T.);
#952=EDGE_LOOP('',(#953,#954,#955));
#953=ORIENTED_EDGE('',*,*,#956,.T.);
#954=ORIENTED_EDGE('',*,*,#957,.T.);
#955=ORIENTED_EDGE('',*,*,#958,.T.);
#956=EDGE_CURVE('',#89,#91,#959,.F.);
#957=EDGE_CURVE('',#91,#93,#960,.T.);
#958=EDGE_CURVE('',#93,#89,#961,.T.);
#959=LINE('',#88,#962);
#960=LINE('',#90,#963);
#961=LINE('',#92,#964);
#962=VECTOR('',#965,1.0);
#963=VECTOR('',#966,1.0);
#964=VECTOR('',#967,1.0);
#965=DIRECTION('',(-0.6753044347121853,-0.7375390975792782,0));
#966=DIRECTION('',(0.6804001083540517,0.7328408371207179,0));
#967=DIRECTION('',(-0.7077730144443932,0.706439919614044,0));
#968=FACE_SURFACE('',(#973),#969,.T.);
#969=PLANE('',#970);
#970=AXIS2_PLACEMENT_3D('',#94,#971,#972);
#971=DIRECTION('',(0,0,1));
#972=DIRECTION('',(-0.9531696936641918,-0.30243600162697376,0));
#973=FACE_BOUND('',#974,.T.);
#974=EDGE_LOOP('',(#975,#976,#977));
#975=ORIENTED_EDGE('',*,*,#978,.T.);
#976=ORIENTED_EDGE('',*,*,#979,.T.);
#977=ORIENTED_EDGE('',*,*,#980,.T.);
#978=EDGE_CURVE('',#95,#97,#981,.F.);
#979=EDGE_CURVE('',#97,#89,#982,.T.);
#980=EDGE_CURVE('',#89,#95,#983,.T.);
#981=LINE('',#94,#984);
#982=LINE('',#96,#985);
#983=LINE('',#88,#986);
#984=VECTOR('',#987,1.0);
#985=VECTOR('',#988,1.0);
#986=VECTOR('',#989,1.0);
#987=DIRECTION('',(-0.9531696936641918,-0.30243600162697376,0));
#988=DIRECTION('',(0.9745723090570267,0.2240732344999175,0));
#989=DIRECTION('',(-0.25854347448594317,0.9659996230851938,0));
#990=FACE_SURFACE('',(#995),#991,.T.);
#991=PLANE('',#992);
#992=AXIS2_PLACEMENT_3D('',#66,#993,#994);
#993=DIRECTION('',(0.32101830727996045,-0.9470729889459992,0));
#994=DIRECTION('',(0,0,1));
#995=FACE_BOUND('',#996,.T.);
#996=EDGE_LOOP('',(#997,#998,#999));
#997=ORIENTED_EDGE('',*,*,#1000,.T.);
#998=ORIENTED_EDGE('',*,*,#1001,.T.);
#999=ORIENTED_EDGE('',*,*,#1002,.T.);
#1000=EDGE_CURVE('',#67,#99,#1003,.F.);
#1001=EDGE_CURVE('',#99,#39,#1004,.T.);
#1002=EDGE_CURVE('',#39,#67,#1005,.T.);
#1003=LINE('',#66,#1006);
#1004=LINE('',#98,#1007);
#1005=LINE('',#38,#1008);
#1006=VECTOR('',#1009,1.0);
#1007=VECTOR('',#1010,1.0);
#1008=VECTOR('',#1011,1.0);
#1009=DIRECTION('',(0,0,1));
#1010=DIRECTION('',(-0.06182235945210682,-0.020955205580781476,-0.9978671631188399));
#1011=DIRECTION('',(0.9470729889459992,0.3210183072799605,0));
#1012=FACE_SURFACE('',(#1017),#1013,.T.);
#1013=PLANE('',#1014);
#1014=AXIS2_PLACEMENT_3D('',#68,#1015,#1016);
#1015=DIRECTION('',(-0,0,-1));
#1016=DIRECTION('',(-0.9454478803529546,-0.32577339599191524,0));
#1017=FACE_BOUND('',#1018,.T.);
#1018=EDGE_LOOP('',(#1019,#1020,#1021));
#1019=ORIENTED_EDGE('',*,*,#1022,.T.);
#1020=ORIENTED_EDGE('',*,*,#1023,.T.);
#1021=ORIENTED_EDGE('',*,*,#1024,.T.);
#1022=EDGE_CURVE('',#69,#39,#1025,.F.);
#1023=EDGE_CURVE('',#39,#37,#1026,.T.);
#1024=EDGE_CURVE('',#37,#69,#1027,.T.);
#1025=LINE('',#68,#1028);
#1026=LINE('',#38,#1029);
#1027=LINE('',#36,#1030);
#1028=VECTOR('',#1031,1.0);
#1029=VECTOR('',#1032,1.0);
#1030=VECTOR('',#1033,1.0);
#1031=DIRECTION('',(-0.9454478803529546,-0.32577339599191524,0));
#1032=DIRECTION('',(-0.6440818417917837,0.7649565877055401,0));
#1033=DIRECTION('',(0.6893720497131146,-0.7244074661917415,0));
#1034=FACE_SURFACE('',(#1039),#1035,.T.);
#1035=PLANE('',#1036);
#1036=AXIS2_PLACEMENT_3D('',#82,#1037,#1038);
#1037=DIRECTION('',(0,-0,-1));
#1038=DIRECTION('',(0.9849069183506843,0.17308484100278215,0));
#1039=FACE_BOUND('',#1040,.T.);
#1040=EDGE_LOOP('',(#1041,#1042,#1043));
#1041=ORIENTED_EDGE('',*,*,#1044,.T.);
#1042=ORIENTED_EDGE('',*,*,#1045,.T.);
#1043=ORIENTED_EDGE('',*,*,#1046,.T.);
#1044=EDGE_CURVE('',#83,#37,#1047,.F.);
#1045=EDGE_CURVE('',#37,#79,#1048,.T.);
#1046=EDGE_CURVE('',#79,#83,#1049,.T.);
#1047=LINE('',#82,#1050);
#1048=LINE('',#36,#1051);
#1049=LINE('',#78,#1052);
#1050=VECTOR('',#1053,1.0);
#1051=VECTOR('',#1054,1.0);
#1052=VECTOR('',#1055,1.0);
#1053=DIRECTION('',(0.9849069183506843,0.17308484100278215,0));
#1054=DIRECTION('',(-0.9791232086743474,-0.2032676615579821,0));
#1055=DIRECTION('',(0.004641228487545216,0.9999892294410607,0));
#1056=FACE_SURFACE('',(#1061),#1057,.T.);
#1057=PLANE('',#1058);
#1058=AXIS2_PLACEMENT_3D('',#100,#1059,#1060);
#1059=DIRECTION('',(0,0,-1));
#1060=DIRECTION('',(0.8201392399950005,0.5721639861267248,0));
#1061=FACE_BOUND('',#1062,.T.);
#1062=EDGE_LOOP('',(#1063,#1064,#1065));
#1063=ORIENTED_EDGE('',*,*,#1066,.T.);
#1064=ORIENTED_EDGE('',*,*,#1067,.T.);
#1065=ORIENTED_EDGE('',*,*,#1068,.T.);
#1066=EDGE_CURVE('',#101,#37,#1069,.F.);
#1067=EDGE_CURVE('',#37,#103,#1070,.T.);
#1068=EDGE_CURVE('',#103,#101,#1071,.T.);
#1069=LINE('',#100,#1072);
#1070=LINE('',#36,#1073);
#1071=LINE('',#102,#1074);
#1072=VECTOR('',#1075,1.0);
#1073=VECTOR('',#1076,1.0);
#1074=VECTOR('',#1077,1.0);
#1075=DIRECTION('',(0.8201392399950005,0.5721639861267248,0));
#1076=DIRECTION('',(-0.6638802416659675,-0.7478389029233077,0));
#1077=DIRECTION('',(-0.8315152939771598,0.5555018594767054,0));
#1078=FACE_SURFACE('',(#1083),#1079,.T.);
#1079=PLANE('',#1080);
#1080=AXIS2_PLACEMENT_3D('',#104,#1081,#1082);
#1081=DIRECTION('',(0,0,-1));
#1082=DIRECTION('',(0.9227298576233326,0.38544728543657497,0));
#1083=FACE_BOUND('',#1084,.T.);
#1084=EDGE_LOOP('',(#1085,#1086,#1087));
#1085=ORIENTED_EDGE('',*,*,#1088,.T.);
#1086=ORIENTED_EDGE('',*,*,#1089,.T.);
#1087=ORIENTED_EDGE('',*,*,#1090,.T.);
#1088=EDGE_CURVE('',#105,#37,#1091,.F.);
#1089=EDGE_CURVE('',#37,#101,#1092,.T.);
#1090=EDGE_CURVE('',#101,#105,#1093,.T.);
#1091=LINE('',#104,#1094);
#1092=LINE('',#36,#1095);
#1093=LINE('',#100,#1096);
#1094=VECTOR('',#1097,1.0);
#1095=VECTOR('',#1098,1.0);
#1096=VECTOR('',#1099,1.0);
#1097=DIRECTION('',(0.9227298576233326,0.38544728543657497,0));
#1098=DIRECTION('',(-0.8201392399950005,-0.5721639861267248,0));
#1099=DIRECTION('',(-0.7518015101772108,0.6593894822449515,0));
#1100=FACE_SURFACE('',(#1105),#1101,.T.);
#1101=PLANE('',#1102);
#1102=AXIS2_PLACEMENT_3D('',#78,#1103,#1104);
#1103=DIRECTION('',(0,0,-1));
#1104=DIRECTION('',(0.9791232086743474,0.2032676615579821,0));
#1105=FACE_BOUND('',#1106,.T.);
#1106=EDGE_LOOP('',(#1107,#1108,#1109));
#1107=ORIENTED_EDGE('',*,*,#1110,.T.);
#1108=ORIENTED_EDGE('',*,*,#1111,.T.);
#1109=ORIENTED_EDGE('',*,*,#1112,.T.);
#1110=EDGE_CURVE('',#79,#37,#1113,.F.);
#1111=EDGE_CURVE('',#37,#105,#1114,.T.);
#1112=EDGE_CURVE('',#105,#79,#1115,.T.);
#1113=LINE('',#78,#1116);
#1114=LINE('',#36,#1117);
#1115=LINE('',#104,#1118);
#1116=VECTOR('',#1119,1.0);
#1117=VECTOR('',#1120,1.0);
#1118=VECTOR('',#1121,1.0);
#1119=DIRECTION('',(0.9791232086743474,0.2032676615579821,0));
#1120=DIRECTION('',(-0.9227298576233326,-0.38544728543657497,0));
#1121=DIRECTION('',(-0.6593901852599066,0.7518008935768208,0));
#1122=FACE_SURFACE('',(#1127),#1123,.T.);
#1123=PLANE('',#1124);
#1124=AXIS2_PLACEMENT_3D('',#106,#1125,#1126);
#1125=DIRECTION('',(0.19531425343358508,-0.9807407110983418,0));
#1126=DIRECTION('',(-0.9807407110983418,-0.19531425343358505,0));
#1127=FACE_BOUND('',#1128,.T.);
#1128=EDGE_LOOP('',(#1129,#1130,#1131));
#1129=ORIENTED_EDGE('',*,*,#1132,.T.);
#1130=ORIENTED_EDGE('',*,*,#1133,.T.);
#1131=ORIENTED_EDGE('',*,*,#1134,.T.);
#1132=EDGE_CURVE('',#107,#109,#1135,.F.);
#1133=EDGE_CURVE('',#109,#39,#1136,.T.);
#1134=EDGE_CURVE('',#39,#107,#1137,.T.);
#1135=LINE('',#106,#1138);
#1136=LINE('',#108,#1139);
#1137=LINE('',#38,#1140);
#1138=VECTOR('',#1141,1.0);
#1139=VECTOR('',#1142,1.0);
#1140=VECTOR('',#1143,1.0);
#1141=DIRECTION('',(-0.9807407110983418,-0.19531425343358505,0));
#1142=DIRECTION('',(0.06399962695506697,0.012745508794835209,-0.997868528291765));
#1143=DIRECTION('',(0,0,1));
#1144=FACE_SURFACE('',(#1149),#1145,.T.);
#1145=PLANE('',#1146);
#1146=AXIS2_PLACEMENT_3D('',#110,#1147,#1148);
#1147=DIRECTION('',(0,0,-1));
#1148=DIRECTION('',(0.4551652833627098,0.8904069658427791,0));
#1149=FACE_BOUND('',#1150,.T.);
#1150=EDGE_LOOP('',(#1151,#1152,#1153));
#1151=ORIENTED_EDGE('',*,*,#1154,.T.);
#1152=ORIENTED_EDGE('',*,*,#1155,.T.);
#1153=ORIENTED_EDGE('',*,*,#1156,.T.);
#1154=EDGE_CURVE('',#111,#37,#1157,.F.);
#1155=EDGE_CURVE('',#37,#45,#1158,.T.);
#1156=EDGE_CURVE('',#45,#111,#1159,.T.);
#1157=LINE('',#110,#1160);
#1158=LINE('',#36,#1161);
#1159=LINE('',#44,#1162);
#1160=VECTOR('',#1163,1.0);
#1161=VECTOR('',#1164,1.0);
#1162=VECTOR('',#1165,1.0);
#1163=DIRECTION('',(0.4551652833627098,0.8904069658427791,0));
#1164=DIRECTION('',(-0.209709493172035,-0.9777637385756992,0));
#1165=DIRECTION('',(-0.9470729889459992,0.3210183072799605,0));
#1166=FACE_SURFACE('',(#1171),#1167,.T.);
#1167=PLANE('',#1168);
#1168=AXIS2_PLACEMENT_3D('',#102,#1169,#1170);
#1169=DIRECTION('',(0,0,-1));
#1170=DIRECTION('',(0.6638802416659675,0.7478389029233077,0));
#1171=FACE_BOUND('',#1172,.T.);
#1172=EDGE_LOOP('',(#1173,#1174,#1175));
#1173=ORIENTED_EDGE('',*,*,#1176,.T.);
#1174=ORIENTED_EDGE('',*,*,#1177,.T.);
#1175=ORIENTED_EDGE('',*,*,#1178,.T.);
#1176=EDGE_CURVE('',#103,#37,#1179,.F.);
#1177=EDGE_CURVE('',#37,#111,#1180,.T.);
#1178=EDGE_CURVE('',#111,#103,#1181,.T.);
#1179=LINE('',#102,#1182);
#1180=LINE('',#36,#1183);
#1181=LINE('',#110,#1184);
#1182=VECTOR('',#1185,1.0);
#1183=VECTOR('',#1186,1.0);
#1184=VECTOR('',#1187,1.0);
#1185=DIRECTION('',(0.6638802416659675,0.7478389029233077,0));
#1186=DIRECTION('',(-0.4551652833627098,-0.8904069658427791,0));
#1187=DIRECTION('',(-0.8966401912814309,0.4427599432861998,0));
#1188=FACE_SURFACE('',(#1193),#1189,.T.);
#1189=PLANE('',#1190);
#1190=AXIS2_PLACEMENT_3D('',#112,#1191,#1192);
#1191=DIRECTION('',(0,0,1));
#1192=DIRECTION('',(-0.7518016333606223,-0.6593893417976214,0));
#1193=FACE_BOUND('',#1194,.T.);
#1194=EDGE_LOOP('',(#1195,#1196,#1197));
#1195=ORIENTED_EDGE('',*,*,#1198,.T.);
#1196=ORIENTED_EDGE('',*,*,#1199,.T.);
#1197=ORIENTED_EDGE('',*,*,#1200,.T.);
#1198=EDGE_CURVE('',#113,#57,#1201,.F.);
#1199=EDGE_CURVE('',#57,#55,#1202,.T.);
#1200=EDGE_CURVE('',#55,#113,#1203,.T.);
#1201=LINE('',#112,#1204);
#1202=LINE('',#56,#1205);
#1203=LINE('',#54,#1206);
#1204=VECTOR('',#1207,1.0);
#1205=VECTOR('',#1208,1.0);
#1206=VECTOR('',#1209,1.0);
#1207=DIRECTION('',(-0.7518016333606223,-0.6593893417976214,0));
#1208=DIRECTION('',(0.7378510152599944,-0.6749636133005954,0));
#1209=DIRECTION('',(-0.6274965814831978,0.7786193166284154,0));
#1210=FACE_SURFACE('',(#1215),#1211,.T.);
#1211=PLANE('',#1212);
#1212=AXIS2_PLACEMENT_3D('',#112,#1213,#1214);
#1213=DIRECTION('',(-0,0,1));
#1214=DIRECTION('',(0.6274965814831978,-0.7786193166284154,0));
#1215=FACE_BOUND('',#1216,.T.);
#1216=EDGE_LOOP('',(#1217,#1218,#1219));
#1217=ORIENTED_EDGE('',*,*,#1220,.T.);
#1218=ORIENTED_EDGE('',*,*,#1221,.T.);
#1219=ORIENTED_EDGE('',*,*,#1222,.T.);
#1220=EDGE_CURVE('',#113,#55,#1223,.F.);
#1221=EDGE_CURVE('',#55,#115,#1224,.T.);
#1222=EDGE_CURVE('',#115,#113,#1225,.T.);
#1223=LINE('',#112,#1226);
#1224=LINE('',#54,#1227);
#1225=LINE('',#114,#1228);
#1226=VECTOR('',#1229,1.0);
#1227=VECTOR('',#1230,1.0);
#1228=VECTOR('',#1231,1.0);
#1229=DIRECTION('',(0.6274965814831978,-0.7786193166284154,0));
#1230=DIRECTION('',(-0.5022987765829108,0.8646941303393421,0));
#1231=DIRECTION('',(-0.8315149111477848,-0.5555024325229293,0));
#1232=FACE_SURFACE('',(#1237),#1233,.T.);
#1233=PLANE('',#1234);
#1234=AXIS2_PLACEMENT_3D('',#116,#1235,#1236);
#1235=DIRECTION('',(-0.8315151731345884,0.5555020403625495,0));
#1236=DIRECTION('',(0,0,-1));
#1237=FACE_BOUND('',#1238,.T.);
#1238=EDGE_LOOP('',(#1239,#1240,#1241));
#1239=ORIENTED_EDGE('',*,*,#1242,.T.);
#1240=ORIENTED_EDGE('',*,*,#1243,.T.);
#1241=ORIENTED_EDGE('',*,*,#1244,.T.);
#1242=EDGE_CURVE('',#117,#119,#1245,.F.);
#1243=EDGE_CURVE('',#119,#121,#1246,.T.);
#1244=EDGE_CURVE('',#121,#117,#1247,.T.);
#1245=LINE('',#116,#1248);
#1246=LINE('',#118,#1249);
#1247=LINE('',#120,#1250);
#1248=VECTOR('',#1251,1.0);
#1249=VECTOR('',#1252,1.0);
#1250=VECTOR('',#1253,1.0);
#1251=DIRECTION('',(0,0,-1));
#1252=DIRECTION('',(-0.5555020403625494,-0.8315151731345884,0));
#1253=DIRECTION('',(0.03624080059518735,0.05424782159535505,0.9978696198524025));
#1254=FACE_SURFACE('',(#1259),#1255,.T.);
#1255=PLANE('',#1256);
#1256=AXIS2_PLACEMENT_3D('',#122,#1257,#1258);
#1257=DIRECTION('',(-0,0,-1));
#1258=DIRECTION('',(-0.12790203533428995,-0.9917868064041515,0));
#1259=FACE_BOUND('',#1260,.T.);
#1260=EDGE_LOOP('',(#1261,#1262,#1263));
#1261=ORIENTED_EDGE('',*,*,#1264,.T.);
#1262=ORIENTED_EDGE('',*,*,#1265,.T.);
#1263=ORIENTED_EDGE('',*,*,#1266,.T.);
#1264=EDGE_CURVE('',#123,#71,#1267,.F.);
#1265=EDGE_CURVE('',#71,#125,#1268,.T.);
#1266=EDGE_CURVE('',#125,#123,#1269,.T.);
#1267=LINE('',#122,#1270);
#1268=LINE('',#70,#1271);
#1269=LINE('',#124,#1272);
#1270=VECTOR('',#1273,1.0);
#1271=VECTOR('',#1274,1.0);
#1272=VECTOR('',#1275,1.0);
#1273=DIRECTION('',(-0.12790203533428995,-0.9917868064041515,0));
#1274=DIRECTION('',(-0.8925008756790878,0.4510456594537426,0));
#1275=DIRECTION('',(0.9646577556974258,-0.2635060044340652,0));
#1276=FACE_SURFACE('',(#1281),#1277,.T.);
#1277=PLANE('',#1278);
#1278=AXIS2_PLACEMENT_3D('',#122,#1279,#1280);
#1279=DIRECTION('',(0,0,-1));
#1280=DIRECTION('',(-0.9646577556974258,0.2635060044340652,0));
#1281=FACE_BOUND('',#1282,.T.);
#1282=EDGE_LOOP('',(#1283,#1284,#1285));
#1283=ORIENTED_EDGE('',*,*,#1286,.T.);
#1284=ORIENTED_EDGE('',*,*,#1287,.T.);
#1285=ORIENTED_EDGE('',*,*,#1288,.T.);
#1286=EDGE_CURVE('',#123,#125,#1289,.F.);
#1287=EDGE_CURVE('',#125,#127,#1290,.T.);
#1288=EDGE_CURVE('',#127,#123,#1291,.T.);
#1289=LINE('',#122,#1292);
#1290=LINE('',#124,#1293);
#1291=LINE('',#126,#1294);
#1292=VECTOR('',#1295,1.0);
#1293=VECTOR('',#1296,1.0);
#1294=VECTOR('',#1297,1.0);
#1295=DIRECTION('',(-0.9646577556974258,0.2635060044340652,0));
#1296=DIRECTION('',(0.9981094698917764,-0.061461257002741736,0));
#1297=DIRECTION('',(0.19531285129612574,-0.9807409903326042,0));
#1298=FACE_SURFACE('',(#1303),#1299,.T.);
#1299=PLANE('',#1300);
#1300=AXIS2_PLACEMENT_3D('',#34,#1301,#1302);
#1301=DIRECTION('',(0.06531968087042449,-0.9978643892288099,0));
#1302=DIRECTION('',(-0.06513356704024112,-0.0042636092228013085,0.9978674461475381));
#1303=FACE_BOUND('',#1304,.T.);
#1304=EDGE_LOOP('',(#1305,#1306,#1307));
#1305=ORIENTED_EDGE('',*,*,#1308,.T.);
#1306=ORIENTED_EDGE('',*,*,#1309,.T.);
#1307=ORIENTED_EDGE('',*,*,#1310,.T.);
#1308=EDGE_CURVE('',#35,#129,#1311,.F.);
#1309=EDGE_CURVE('',#129,#41,#1312,.T.);
#1310=EDGE_CURVE('',#41,#35,#1313,.T.);
#1311=LINE('',#34,#1314);
#1312=LINE('',#128,#1315);
#1313=LINE('',#40,#1316);
#1314=VECTOR('',#1317,1.0);
#1315=VECTOR('',#1318,1.0);
#1316=VECTOR('',#1319,1.0);
#1317=DIRECTION('',(-0.06513356704024112,-0.0042636092228013085,0.9978674461475381));
#1318=DIRECTION('',(0,0,-1));
#1319=DIRECTION('',(0.9978643892288098,0.06531968087042447,0));
#1320=FACE_SURFACE('',(#1325),#1321,.T.);
#1321=PLANE('',#1322);
#1322=AXIS2_PLACEMENT_3D('',#52,#1323,#1324);
#1323=DIRECTION('',(0,0,1));
#1324=DIRECTION('',(-0.9767432783042934,0.21441214584855386,0));
#1325=FACE_BOUND('',#1326,.T.);
#1326=EDGE_LOOP('',(#1327,#1328,#1329));
#1327=ORIENTED_EDGE('',*,*,#1330,.T.);
#1328=ORIENTED_EDGE('',*,*,#1331,.T.);
#1329=ORIENTED_EDGE('',*,*,#1332,.T.);
#1330=EDGE_CURVE('',#53,#131,#1333,.F.);
#1331=EDGE_CURVE('',#131,#95,#1334,.T.);
#1332=EDGE_CURVE('',#95,#53,#1335,.T.);
#1333=LINE('',#52,#1336);
#1334=LINE('',#130,#1337);
#1335=LINE('',#94,#1338);
#1336=VECTOR('',#1339,1.0);
#1337=VECTOR('',#1340,1.0);
#1338=VECTOR('',#1341,1.0);
#1339=DIRECTION('',(-0.9767432783042934,0.21441214584855386,0));
#1340=DIRECTION('',(0.9560256132846267,-0.2932831852386932,0));
#1341=DIRECTION('',(0.258222476028037,0.9660854790720901,0));
#1342=FACE_SURFACE('',(#1347),#1343,.T.);
#1343=PLANE('',#1344);
#1344=AXIS2_PLACEMENT_3D('',#132,#1345,#1346);
#1345=DIRECTION('',(0,0,-1));
#1346=DIRECTION('',(0.9478540348992468,-0.3187047670261893,0));
#1347=FACE_BOUND('',#1348,.T.);
#1348=EDGE_LOOP('',(#1349,#1350,#1351));
#1349=ORIENTED_EDGE('',*,*,#1352,.T.);
#1350=ORIENTED_EDGE('',*,*,#1353,.T.);
#1351=ORIENTED_EDGE('',*,*,#1354,.T.);
#1352=EDGE_CURVE('',#133,#135,#1355,.F.);
#1353=EDGE_CURVE('',#135,#125,#1356,.T.);
#1354=EDGE_CURVE('',#125,#133,#1357,.T.);
#1355=LINE('',#132,#1358);
#1356=LINE('',#134,#1359);
#1357=LINE('',#124,#1360);
#1358=VECTOR('',#1361,1.0);
#1359=VECTOR('',#1362,1.0);
#1360=VECTOR('',#1363,1.0);
#1361=DIRECTION('',(0.9478540348992468,-0.3187047670261893,0));
#1362=DIRECTION('',(0.015729428278758156,-0.9998762848902976,0));
#1363=DIRECTION('',(-0.14050535804290437,0.9900799181688492,0));
#1364=FACE_SURFACE('',(#1369),#1365,.T.);
#1365=PLANE('',#1366);
#1366=AXIS2_PLACEMENT_3D('',#126,#1367,#1368);
#1367=DIRECTION('',(0,0,-1));
#1368=DIRECTION('',(-0.9981094698917764,0.061461257002741736,0));
#1369=FACE_BOUND('',#1370,.T.);
#1370=EDGE_LOOP('',(#1371,#1372,#1373));
#1371=ORIENTED_EDGE('',*,*,#1374,.T.);
#1372=ORIENTED_EDGE('',*,*,#1375,.T.);
#1373=ORIENTED_EDGE('',*,*,#1376,.T.);
#1374=EDGE_CURVE('',#127,#125,#1377,.F.);
#1375=EDGE_CURVE('',#125,#137,#1378,.T.);
#1376=EDGE_CURVE('',#137,#127,#1379,.T.);
#1377=LINE('',#126,#1380);
#1378=LINE('',#124,#1381);
#1379=LINE('',#136,#1382);
#1380=VECTOR('',#1383,1.0);
#1381=VECTOR('',#1384,1.0);
#1382=VECTOR('',#1385,1.0);
#1383=DIRECTION('',(-0.9981094698917764,0.061461257002741736,0));
#1384=DIRECTION('',(0.9863751106070775,0.16451182685410626,0));
#1385=DIRECTION('',(0.32101929454759215,-0.9470726543028082,0));
#1386=FACE_SURFACE('',(#1391),#1387,.T.);
#1387=PLANE('',#1388);
#1388=AXIS2_PLACEMENT_3D('',#40,#1389,#1390);
#1389=DIRECTION('',(-0.06531968087042449,-0.9978643892288099,0));
#1390=DIRECTION('',(0,0,1));
#1391=FACE_BOUND('',#1392,.T.);
#1392=EDGE_LOOP('',(#1393,#1394,#1395));
#1393=ORIENTED_EDGE('',*,*,#1396,.T.);
#1394=ORIENTED_EDGE('',*,*,#1397,.T.);
#1395=ORIENTED_EDGE('',*,*,#1398,.T.);
#1396=EDGE_CURVE('',#41,#129,#1399,.F.);
#1397=EDGE_CURVE('',#129,#43,#1400,.T.);
#1398=EDGE_CURVE('',#43,#41,#1401,.T.);
#1399=LINE('',#40,#1402);
#1400=LINE('',#128,#1403);
#1401=LINE('',#42,#1404);
#1402=VECTOR('',#1405,1.0);
#1403=VECTOR('',#1406,1.0);
#1404=VECTOR('',#1407,1.0);
#1405=DIRECTION('',(0,0,1));
#1406=DIRECTION('',(-0.06513356704024112,0.0042636092228013085,-0.9978674461475381));
#1407=DIRECTION('',(0.9978643892288098,-0.06531968087042447,0));
#1408=FACE_SURFACE('',(#1413),#1409,.T.);
#1409=PLANE('',#1410);
#1410=AXIS2_PLACEMENT_3D('',#138,#1411,#1412);
#1411=DIRECTION('',(-0.9660854790720901,-0.258222476028037,0));
#1412=DIRECTION('',(0,0,1));
#1413=FACE_BOUND('',#1414,.T.);
#1414=EDGE_LOOP('',(#1415,#1416,#1417));
#1415=ORIENTED_EDGE('',*,*,#1418,.T.);
#1416=ORIENTED_EDGE('',*,*,#1419,.T.);
#1417=ORIENTED_EDGE('',*,*,#1420,.T.);
#1418=EDGE_CURVE('',#139,#141,#1421,.F.);
#1419=EDGE_CURVE('',#141,#143,#1422,.T.);
#1420=EDGE_CURVE('',#143,#139,#1423,.T.);
#1421=LINE('',#138,#1424);
#1422=LINE('',#140,#1425);
#1423=LINE('',#142,#1426);
#1424=VECTOR('',#1427,1.0);
#1425=VECTOR('',#1428,1.0);
#1426=VECTOR('',#1429,1.0);
#1427=DIRECTION('',(0,0,1));
#1428=DIRECTION('',(-0.258222476028037,0.9660854790720901,0));
#1429=DIRECTION('',(0.025006931806422023,-0.09355821408709293,-0.995299710609052));
#1430=FACE_SURFACE('',(#1435),#1431,.T.);
#1431=PLANE('',#1432);
#1432=AXIS2_PLACEMENT_3D('',#138,#1433,#1434);
#1433=DIRECTION('',(-0.9660854790720901,-0.258222476028037,0));
#1434=DIRECTION('',(-0.025006931806422023,0.09355821408709293,0.995299710609052));
#1435=FACE_BOUND('',#1436,.T.);
#1436=EDGE_LOOP('',(#1437,#1438,#1439));
#1437=ORIENTED_EDGE('',*,*,#1440,.T.);
#1438=ORIENTED_EDGE('',*,*,#1441,.T.);
#1439=ORIENTED_EDGE('',*,*,#1442,.T.);
#1440=EDGE_CURVE('',#139,#143,#1443,.F.);
#1441=EDGE_CURVE('',#143,#145,#1444,.T.);
#1442=EDGE_CURVE('',#145,#139,#1445,.T.);
#1443=LINE('',#138,#1446);
#1444=LINE('',#142,#1447);
#1445=LINE('',#144,#1448);
#1446=VECTOR('',#1449,1.0);
#1447=VECTOR('',#1450,1.0);
#1448=VECTOR('',#1451,1.0);
#1449=DIRECTION('',(-0.025006931806422023,0.09355821408709293,0.995299710609052));
#1450=DIRECTION('',(0,0,-1));
#1451=DIRECTION('',(0.258222476028037,-0.9660854790720901,0));
#1452=FACE_SURFACE('',(#1457),#1453,.T.);
#1453=PLANE('',#1454);
#1454=AXIS2_PLACEMENT_3D('',#74,#1455,#1456);
#1455=DIRECTION('',(-0,0,-1));
#1456=DIRECTION('',(-0.9981094745216843,-0.06146118181459865,0));
#1457=FACE_BOUND('',#1458,.T.);
#1458=EDGE_LOOP('',(#1459,#1460,#1461));
#1459=ORIENTED_EDGE('',*,*,#1462,.T.);
#1460=ORIENTED_EDGE('',*,*,#1463,.T.);
#1461=ORIENTED_EDGE('',*,*,#1464,.T.);
#1462=EDGE_CURVE('',#75,#61,#1465,.F.);
#1463=EDGE_CURVE('',#61,#73,#1466,.T.);
#1464=EDGE_CURVE('',#73,#75,#1467,.T.);
#1465=LINE('',#74,#1468);
#1466=LINE('',#60,#1469);
#1467=LINE('',#72,#1470);
#1468=VECTOR('',#1471,1.0);
#1469=VECTOR('',#1472,1.0);
#1470=VECTOR('',#1473,1.0);
#1471=DIRECTION('',(-0.9981094745216843,-0.06146118181459865,0));
#1472=DIRECTION('',(0.9646577734482406,0.26350593945086487,0));
#1473=DIRECTION('',(-0.19531285129612574,-0.9807409903326042,0));
#1474=FACE_SURFACE('',(#1479),#1475,.T.);
#1475=PLANE('',#1476);
#1476=AXIS2_PLACEMENT_3D('',#76,#1477,#1478);
#1477=DIRECTION('',(-0,0,-1));
#1478=DIRECTION('',(-0.442758074745824,-0.896641113962198,0));
#1479=FACE_BOUND('',#1480,.T.);
#1480=EDGE_LOOP('',(#1481,#1482,#1483));
#1481=ORIENTED_EDGE('',*,*,#1484,.T.);
#1482=ORIENTED_EDGE('',*,*,#1485,.T.);
#1483=ORIENTED_EDGE('',*,*,#1486,.T.);
#1484=EDGE_CURVE('',#77,#65,#1487,.F.);
#1485=EDGE_CURVE('',#65,#61,#1488,.T.);
#1486=EDGE_CURVE('',#61,#77,#1489,.T.);
#1487=LINE('',#76,#1490);
#1488=LINE('',#64,#1491);
#1489=LINE('',#60,#1492);
#1490=VECTOR('',#1493,1.0);
#1491=VECTOR('',#1494,1.0);
#1492=VECTOR('',#1495,1.0);
#1493=DIRECTION('',(-0.442758074745824,-0.896641113962198,0));
#1494=DIRECTION('',(-0.9170205441914457,0.3988399698260254,0));
#1495=DIRECTION('',(0.9863750975471716,-0.16451190515828248,0));
#1496=FACE_SURFACE('',(#1501),#1497,.T.);
#1497=PLANE('',#1498);
#1498=AXIS2_PLACEMENT_3D('',#146,#1499,#1500);
#1499=DIRECTION('',(-0,0,-1));
#1500=DIRECTION('',(-0.06532104381086938,-0.9978643000105066,0));
#1501=FACE_BOUND('',#1502,.T.);
#1502=EDGE_LOOP('',(#1503,#1504,#1505));
#1503=ORIENTED_EDGE('',*,*,#1506,.T.);
#1504=ORIENTED_EDGE('',*,*,#1507,.T.);
#1505=ORIENTED_EDGE('',*,*,#1508,.T.);
#1506=EDGE_CURVE('',#147,#73,#1509,.F.);
#1507=EDGE_CURVE('',#73,#71,#1510,.T.);
#1508=EDGE_CURVE('',#71,#147,#1511,.T.);
#1509=LINE('',#146,#1512);
#1510=LINE('',#72,#1513);
#1511=LINE('',#70,#1514);
#1512=VECTOR('',#1515,1.0);
#1513=VECTOR('',#1516,1.0);
#1514=VECTOR('',#1517,1.0);
#1515=DIRECTION('',(-0.06532104381086938,-0.9978643000105066,0));
#1516=DIRECTION('',(-0.12790203533428995,0.9917868064041515,0));
#1517=DIRECTION('',(1,0,0));
#1518=FACE_SURFACE('',(#1523),#1519,.T.);
#1519=PLANE('',#1520);
#1520=AXIS2_PLACEMENT_3D('',#146,#1521,#1522);
#1521=DIRECTION('',(0,0,-1));
#1522=DIRECTION('',(-1,0,0));
#1523=FACE_BOUND('',#1524,.T.);
#1524=EDGE_LOOP('',(#1525,#1526,#1527));
#1525=ORIENTED_EDGE('',*,*,#1528,.T.);
#1526=ORIENTED_EDGE('',*,*,#1529,.T.);
#1527=ORIENTED_EDGE('',*,*,#1530,.T.);
#1528=EDGE_CURVE('',#147,#71,#1531,.F.);
#1529=EDGE_CURVE('',#71,#123,#1532,.T.);
#1530=EDGE_CURVE('',#123,#147,#1533,.T.);
#1531=LINE('',#146,#1534);
#1532=LINE('',#70,#1535);
#1533=LINE('',#122,#1536);
#1534=VECTOR('',#1537,1.0);
#1535=VECTOR('',#1538,1.0);
#1536=VECTOR('',#1539,1.0);
#1537=DIRECTION('',(-1,0,0));
#1538=DIRECTION('',(0.12790203533428995,0.9917868064041515,0));
#1539=DIRECTION('',(0.06532104381086938,-0.9978643000105066,0));
#1540=FACE_SURFACE('',(#1545),#1541,.T.);
#1541=PLANE('',#1542);
#1542=AXIS2_PLACEMENT_3D('',#144,#1543,#1544);
#1543=DIRECTION('',(-0.7071067811865476,-0.7071067811865476,0));
#1544=DIRECTION('',(0,0,1));
#1545=FACE_BOUND('',#1546,.T.);
#1546=EDGE_LOOP('',(#1547,#1548,#1549));
#1547=ORIENTED_EDGE('',*,*,#1550,.T.);
#1548=ORIENTED_EDGE('',*,*,#1551,.T.);
#1549=ORIENTED_EDGE('',*,*,#1552,.T.);
#1550=EDGE_CURVE('',#145,#143,#1553,.F.);
#1551=EDGE_CURVE('',#143,#149,#1554,.T.);
#1552=EDGE_CURVE('',#149,#145,#1555,.T.);
#1553=LINE('',#144,#1556);
#1554=LINE('',#142,#1557);
#1555=LINE('',#148,#1558);
#1556=VECTOR('',#1559,1.0);
#1557=VECTOR('',#1560,1.0);
#1558=VECTOR('',#1561,1.0);
#1559=DIRECTION('',(0,0,1));
#1560=DIRECTION('',(-0.7071067811865476,0.7071067811865476,0));
#1561=DIRECTION('',(0.06830405695061134,-0.06830405695061134,-0.9953236215463668));
#1562=FACE_SURFACE('',(#1567),#1563,.T.);
#1563=PLANE('',#1564);
#1564=AXIS2_PLACEMENT_3D('',#144,#1565,#1566);
#1565=DIRECTION('',(-0.7071067811865476,-0.7071067811865476,0));
#1566=DIRECTION('',(-0.06830405695061134,0.06830405695061134,0.9953236215463668));
#1567=FACE_BOUND('',#1568,.T.);
#1568=EDGE_LOOP('',(#1569,#1570,#1571));
#1569=ORIENTED_EDGE('',*,*,#1572,.T.);
#1570=ORIENTED_EDGE('',*,*,#1573,.T.);
#1571=ORIENTED_EDGE('',*,*,#1574,.T.);
#1572=EDGE_CURVE('',#145,#149,#1575,.F.);
#1573=EDGE_CURVE('',#149,#151,#1576,.T.);
#1574=EDGE_CURVE('',#151,#145,#1577,.T.);
#1575=LINE('',#144,#1578);
#1576=LINE('',#148,#1579);
#1577=LINE('',#150,#1580);
#1578=VECTOR('',#1581,1.0);
#1579=VECTOR('',#1582,1.0);
#1580=VECTOR('',#1583,1.0);
#1581=DIRECTION('',(-0.06830405695061134,0.06830405695061134,0.9953236215463668));
#1582=DIRECTION('',(0,0,-1));
#1583=DIRECTION('',(0.7071067811865476,-0.7071067811865476,0));
#1584=FACE_SURFACE('',(#1589),#1585,.T.);
#1585=PLANE('',#1586);
#1586=AXIS2_PLACEMENT_3D('',#148,#1587,#1588);
#1587=DIRECTION('',(-0,0,1));
#1588=DIRECTION('',(0.7071067811865476,-0.7071067811865476,0));
#1589=FACE_BOUND('',#1590,.T.);
#1590=EDGE_LOOP('',(#1591,#1592,#1593));
#1591=ORIENTED_EDGE('',*,*,#1594,.T.);
#1592=ORIENTED_EDGE('',*,*,#1595,.T.);
#1593=ORIENTED_EDGE('',*,*,#1596,.T.);
#1594=EDGE_CURVE('',#149,#143,#1597,.F.);
#1595=EDGE_CURVE('',#143,#153,#1598,.T.);
#1596=EDGE_CURVE('',#153,#149,#1599,.T.);
#1597=LINE('',#148,#1600);
#1598=LINE('',#142,#1601);
#1599=LINE('',#152,#1602);
#1600=VECTOR('',#1603,1.0);
#1601=VECTOR('',#1604,1.0);
#1602=VECTOR('',#1605,1.0);
#1603=DIRECTION('',(0.7071067811865476,-0.7071067811865476,0));
#1604=DIRECTION('',(0.6803625154750682,0.7328757381278477,0));
#1605=DIRECTION('',(-0.737803206281692,-0.675015872998891,0));
#1606=FACE_SURFACE('',(#1611),#1607,.T.);
#1607=PLANE('',#1608);
#1608=AXIS2_PLACEMENT_3D('',#154,#1609,#1610);
#1609=DIRECTION('',(0,0,1));
#1610=DIRECTION('',(-0.6274326313645407,-0.778670850294891,0));
#1611=FACE_BOUND('',#1612,.T.);
#1612=EDGE_LOOP('',(#1613,#1614,#1615));
#1613=ORIENTED_EDGE('',*,*,#1616,.T.);
#1614=ORIENTED_EDGE('',*,*,#1617,.T.);
#1615=ORIENTED_EDGE('',*,*,#1618,.T.);
#1616=EDGE_CURVE('',#155,#149,#1619,.F.);
#1617=EDGE_CURVE('',#149,#153,#1620,.T.);
#1618=EDGE_CURVE('',#153,#155,#1621,.T.);
#1619=LINE('',#154,#1622);
#1620=LINE('',#148,#1623);
#1621=LINE('',#152,#1624);
#1622=VECTOR('',#1625,1.0);
#1623=VECTOR('',#1626,1.0);
#1624=VECTOR('',#1627,1.0);
#1625=DIRECTION('',(-0.6274326313645407,-0.778670850294891,0));
#1626=DIRECTION('',(0.737803206281692,0.675015872998891,0));
#1627=DIRECTION('',(-0.7518016333606223,0.6593893417976214,0));
#1628=FACE_SURFACE('',(#1633),#1629,.T.);
#1629=PLANE('',#1630);
#1630=AXIS2_PLACEMENT_3D('',#156,#1631,#1632);
#1631=DIRECTION('',(0,0,1));
#1632=DIRECTION('',(-0.5022197470373512,-0.8647400335856662,0));
#1633=FACE_BOUND('',#1634,.T.);
#1634=EDGE_LOOP('',(#1635,#1636,#1637));
#1635=ORIENTED_EDGE('',*,*,#1638,.T.);
#1636=ORIENTED_EDGE('',*,*,#1639,.T.);
#1637=ORIENTED_EDGE('',*,*,#1640,.T.);
#1638=EDGE_CURVE('',#157,#149,#1641,.F.);
#1639=EDGE_CURVE('',#149,#155,#1642,.T.);
#1640=EDGE_CURVE('',#155,#157,#1643,.T.);
#1641=LINE('',#156,#1644);
#1642=LINE('',#148,#1645);
#1643=LINE('',#154,#1646);
#1644=VECTOR('',#1647,1.0);
#1645=VECTOR('',#1648,1.0);
#1646=VECTOR('',#1649,1.0);
#1647=DIRECTION('',(-0.5022197470373512,-0.8647400335856662,0));
#1648=DIRECTION('',(0.6274326313645407,0.778670850294891,0));
#1649=DIRECTION('',(-0.8315149111477848,0.5555024325229293,0));
#1650=FACE_SURFACE('',(#1655),#1651,.T.);
#1651=PLANE('',#1652);
#1652=AXIS2_PLACEMENT_3D('',#158,#1653,#1654);
#1653=DIRECTION('',(0,0,1));
#1654=DIRECTION('',(-0.3653190138212286,-0.930882386846311,0));
#1655=FACE_BOUND('',#1656,.T.);
#1656=EDGE_LOOP('',(#1657,#1658,#1659));
#1657=ORIENTED_EDGE('',*,*,#1660,.T.);
#1658=ORIENTED_EDGE('',*,*,#1661,.T.);
#1659=ORIENTED_EDGE('',*,*,#1662,.T.);
#1660=EDGE_CURVE('',#159,#149,#1663,.F.);
#1661=EDGE_CURVE('',#149,#157,#1664,.T.);
#1662=EDGE_CURVE('',#157,#159,#1665,.T.);
#1663=LINE('',#158,#1666);
#1664=LINE('',#148,#1667);
#1665=LINE('',#156,#1668);
#1666=VECTOR('',#1669,1.0);
#1667=VECTOR('',#1670,1.0);
#1668=VECTOR('',#1671,1.0);
#1669=DIRECTION('',(-0.3653190138212286,-0.930882386846311,0));
#1670=DIRECTION('',(0.5022197470373512,0.8647400335856662,0));
#1671=DIRECTION('',(-0.89664045443827,0.44275941036270755,0));
#1672=FACE_SURFACE('',(#1677),#1673,.T.);
#1673=PLANE('',#1674);
#1674=AXIS2_PLACEMENT_3D('',#160,#1675,#1676);
#1675=DIRECTION('',(0,0,1));
#1676=DIRECTION('',(-0.22040294577022812,-0.9754089098915417,0));
#1677=FACE_BOUND('',#1678,.T.);
#1678=EDGE_LOOP('',(#1679,#1680,#1681));
#1679=ORIENTED_EDGE('',*,*,#1682,.T.);
#1680=ORIENTED_EDGE('',*,*,#1683,.T.);
#1681=ORIENTED_EDGE('',*,*,#1684,.T.);
#1682=EDGE_CURVE('',#161,#149,#1685,.F.);
#1683=EDGE_CURVE('',#149,#159,#1686,.T.);
#1684=EDGE_CURVE('',#159,#161,#1687,.T.);
#1685=LINE('',#160,#1688);
#1686=LINE('',#148,#1689);
#1687=LINE('',#158,#1690);
#1688=VECTOR('',#1691,1.0);
#1689=VECTOR('',#1692,1.0);
#1690=VECTOR('',#1693,1.0);
#1691=DIRECTION('',(-0.22040294577022812,-0.9754089098915417,0));
#1692=DIRECTION('',(0.3653190138212286,0.930882386846311,0));
#1693=DIRECTION('',(-0.9470729889459992,0.3210183072799605,0));
#1694=FACE_SURFACE('',(#1699),#1695,.T.);
#1695=PLANE('',#1696);
#1696=AXIS2_PLACEMENT_3D('',#162,#1697,#1698);
#1697=DIRECTION('',(0,0,1));
#1698=DIRECTION('',(-0.15172380273292815,-0.9884229295621686,0));
#1699=FACE_BOUND('',#1700,.T.);
#1700=EDGE_LOOP('',(#1701,#1702,#1703));
#1701=ORIENTED_EDGE('',*,*,#1704,.T.);
#1702=ORIENTED_EDGE('',*,*,#1705,.T.);
#1703=ORIENTED_EDGE('',*,*,#1706,.T.);
#1704=EDGE_CURVE('',#163,#165,#1707,.F.);
#1705=EDGE_CURVE('',#165,#161,#1708,.T.);
#1706=EDGE_CURVE('',#161,#163,#1709,.T.);
#1707=LINE('',#162,#1710);
#1708=LINE('',#164,#1711);
#1709=LINE('',#160,#1712);
#1710=VECTOR('',#1713,1.0);
#1711=VECTOR('',#1714,1.0);
#1712=VECTOR('',#1715,1.0);
#1713=DIRECTION('',(-0.15172380273292815,-0.9884229295621686,0));
#1714=DIRECTION('',(0.29936449115198543,0.9541388271301576,0));
#1715=DIRECTION('',(-0.980740742841891,0.19531409403813174,0));
#1716=FACE_SURFACE('',(#1721),#1717,.T.);
#1717=PLANE('',#1718);
#1718=AXIS2_PLACEMENT_3D('',#166,#1719,#1720);
#1719=DIRECTION('',(0,0,1));
#1720=DIRECTION('',(0,-1,0));
#1721=FACE_BOUND('',#1722,.T.);
#1722=EDGE_LOOP('',(#1723,#1724,#1725));
#1723=ORIENTED_EDGE('',*,*,#1726,.T.);
#1724=ORIENTED_EDGE('',*,*,#1727,.T.);
#1725=ORIENTED_EDGE('',*,*,#1728,.T.);
#1726=EDGE_CURVE('',#167,#165,#1729,.F.);
#1727=EDGE_CURVE('',#165,#163,#1730,.T.);
#1728=EDGE_CURVE('',#163,#167,#1731,.T.);
#1729=LINE('',#166,#1732);
#1730=LINE('',#164,#1733);
#1731=LINE('',#162,#1734);
#1732=VECTOR('',#1735,1.0);
#1733=VECTOR('',#1736,1.0);
#1734=VECTOR('',#1737,1.0);
#1735=DIRECTION('',(0,-1,0));
#1736=DIRECTION('',(0.15172380273292815,0.9884229295621686,0));
#1737=DIRECTION('',(-0.9978643784300708,0.06531984583852428,0));
#1738=FACE_SURFACE('',(#1743),#1739,.T.);
#1739=PLANE('',#1740);
#1740=AXIS2_PLACEMENT_3D('',#168,#1741,#1742);
#1741=DIRECTION('',(-0,0,1));
#1742=DIRECTION('',(0.15172380273292815,-0.9884229295621686,0));
#1743=FACE_BOUND('',#1744,.T.);
#1744=EDGE_LOOP('',(#1745,#1746,#1747));
#1745=ORIENTED_EDGE('',*,*,#1748,.T.);
#1746=ORIENTED_EDGE('',*,*,#1749,.T.);
#1747=ORIENTED_EDGE('',*,*,#1750,.T.);
#1748=EDGE_CURVE('',#169,#165,#1751,.F.);
#1749=EDGE_CURVE('',#165,#167,#1752,.T.);
#1750=EDGE_CURVE('',#167,#169,#1753,.T.);
#1751=LINE('',#168,#1754);
#1752=LINE('',#164,#1755);
#1753=LINE('',#166,#1756);
#1754=VECTOR('',#1757,1.0);
#1755=VECTOR('',#1758,1.0);
#1756=VECTOR('',#1759,1.0);
#1757=DIRECTION('',(0.15172380273292815,-0.9884229295621686,0));
#1758=DIRECTION('',(0,1,0));
#1759=DIRECTION('',(-0.9978643784300708,-0.06531984583852428,0));
#1760=FACE_SURFACE('',(#1765),#1761,.T.);
#1761=PLANE('',#1762);
#1762=AXIS2_PLACEMENT_3D('',#170,#1763,#1764);
#1763=DIRECTION('',(-0,0,1));
#1764=DIRECTION('',(0.3654104772828262,-0.9308464873930272,0));
#1765=FACE_BOUND('',#1766,.T.);
#1766=EDGE_LOOP('',(#1767,#1768,#1769));
#1767=ORIENTED_EDGE('',*,*,#1770,.T.);
#1768=ORIENTED_EDGE('',*,*,#1771,.T.);
#1769=ORIENTED_EDGE('',*,*,#1772,.T.);
#1770=EDGE_CURVE('',#171,#55,#1773,.F.);
#1771=EDGE_CURVE('',#55,#173,#1774,.T.);
#1772=EDGE_CURVE('',#173,#171,#1775,.T.);
#1773=LINE('',#170,#1776);
#1774=LINE('',#54,#1777);
#1775=LINE('',#172,#1778);
#1776=VECTOR('',#1779,1.0);
#1777=VECTOR('',#1780,1.0);
#1778=VECTOR('',#1781,1.0);
#1779=DIRECTION('',(0.3654104772828262,-0.9308464873930272,0));
#1780=DIRECTION('',(-0.22050293326603823,0.9753863113767145,0));
#1781=DIRECTION('',(-0.9470729889459992,-0.3210183072799605,0));
#1782=FACE_SURFACE('',(#1787),#1783,.T.);
#1783=PLANE('',#1784);
#1784=AXIS2_PLACEMENT_3D('',#114,#1785,#1786);
#1785=DIRECTION('',(-0,0,1));
#1786=DIRECTION('',(0.5022987765829108,-0.8646941303393421,0));
#1787=FACE_BOUND('',#1788,.T.);
#1788=EDGE_LOOP('',(#1789,#1790,#1791));
#1789=ORIENTED_EDGE('',*,*,#1792,.T.);
#1790=ORIENTED_EDGE('',*,*,#1793,.T.);
#1791=ORIENTED_EDGE('',*,*,#1794,.T.);
#1792=EDGE_CURVE('',#115,#55,#1795,.F.);
#1793=EDGE_CURVE('',#55,#171,#1796,.T.);
#1794=EDGE_CURVE('',#171,#115,#1797,.T.);
#1795=LINE('',#114,#1798);
#1796=LINE('',#54,#1799);
#1797=LINE('',#170,#1800);
#1798=VECTOR('',#1801,1.0);
#1799=VECTOR('',#1802,1.0);
#1800=VECTOR('',#1803,1.0);
#1801=DIRECTION('',(0.5022987765829108,-0.8646941303393421,0));
#1802=DIRECTION('',(-0.3654104772828262,0.9308464873930272,0));
#1803=DIRECTION('',(-0.89664045443827,-0.44275941036270755,0));
#1804=FACE_SURFACE('',(#1809),#1805,.T.);
#1805=PLANE('',#1806);
#1806=AXIS2_PLACEMENT_3D('',#172,#1807,#1808);
#1807=DIRECTION('',(-0,0,1));
#1808=DIRECTION('',(0.29936449115198543,-0.9541388271301576,0));
#1809=FACE_BOUND('',#1810,.T.);
#1810=EDGE_LOOP('',(#1811,#1812,#1813));
#1811=ORIENTED_EDGE('',*,*,#1814,.T.);
#1812=ORIENTED_EDGE('',*,*,#1815,.T.);
#1813=ORIENTED_EDGE('',*,*,#1816,.T.);
#1814=EDGE_CURVE('',#173,#165,#1817,.F.);
#1815=EDGE_CURVE('',#165,#169,#1818,.T.);
#1816=EDGE_CURVE('',#169,#173,#1819,.T.);
#1817=LINE('',#172,#1820);
#1818=LINE('',#164,#1821);
#1819=LINE('',#168,#1822);
#1820=VECTOR('',#1823,1.0);
#1821=VECTOR('',#1824,1.0);
#1822=VECTOR('',#1825,1.0);
#1823=DIRECTION('',(0.29936449115198543,-0.9541388271301576,0));
#1824=DIRECTION('',(-0.15172380273292815,0.9884229295621686,0));
#1825=DIRECTION('',(-0.980740742841891,-0.19531409403813174,0));
#1826=FACE_SURFACE('',(#1831),#1827,.T.);
#1827=PLANE('',#1828);
#1828=AXIS2_PLACEMENT_3D('',#174,#1829,#1830);
#1829=DIRECTION('',(0,0,1));
#1830=DIRECTION('',(-0.6593901134029033,0.7518009566012178,0));
#1831=FACE_BOUND('',#1832,.T.);
#1832=EDGE_LOOP('',(#1833,#1834,#1835));
#1833=ORIENTED_EDGE('',*,*,#1836,.T.);
#1834=ORIENTED_EDGE('',*,*,#1837,.T.);
#1835=ORIENTED_EDGE('',*,*,#1838,.T.);
#1836=EDGE_CURVE('',#175,#153,#1839,.F.);
#1837=EDGE_CURVE('',#153,#143,#1840,.T.);
#1838=EDGE_CURVE('',#143,#175,#1841,.T.);
#1839=LINE('',#174,#1842);
#1840=LINE('',#152,#1843);
#1841=LINE('',#142,#1844);
#1842=VECTOR('',#1845,1.0);
#1843=VECTOR('',#1846,1.0);
#1844=VECTOR('',#1847,1.0);
#1845=DIRECTION('',(-0.6593901134029033,0.7518009566012178,0));
#1846=DIRECTION('',(-0.6803625154750682,-0.7328757381278477,0));
#1847=DIRECTION('',(0.7832091082354763,0.6217583877817734,0));
#1848=FACE_SURFACE('',(#1853),#1849,.T.);
#1849=PLANE('',#1850);
#1850=AXIS2_PLACEMENT_3D('',#150,#1851,#1852);
#1851=DIRECTION('',(-0.2597432451822509,-0.9656777136199184,0));
#1852=DIRECTION('',(0,0,1));
#1853=FACE_BOUND('',#1854,.T.);
#1854=EDGE_LOOP('',(#1855,#1856,#1857));
#1855=ORIENTED_EDGE('',*,*,#1858,.T.);
#1856=ORIENTED_EDGE('',*,*,#1859,.T.);
#1857=ORIENTED_EDGE('',*,*,#1860,.T.);
#1858=EDGE_CURVE('',#151,#149,#1861,.F.);
#1859=EDGE_CURVE('',#149,#165,#1862,.T.);
#1860=EDGE_CURVE('',#165,#151,#1863,.T.);
#1861=LINE('',#150,#1864);
#1862=LINE('',#148,#1865);
#1863=LINE('',#164,#1866);
#1864=VECTOR('',#1867,1.0);
#1865=VECTOR('',#1868,1.0);
#1866=VECTOR('',#1869,1.0);
#1867=DIRECTION('',(0,0,1));
#1868=DIRECTION('',(-0.9656777136199184,0.2597432451822509,0));
#1869=DIRECTION('',(0.09343448839558792,-0.025131549465752103,-0.9953081942793925));
#1870=FACE_SURFACE('',(#1875),#1871,.T.);
#1871=PLANE('',#1872);
#1872=AXIS2_PLACEMENT_3D('',#150,#1873,#1874);
#1873=DIRECTION('',(-0.2597432451822509,-0.9656777136199184,0));
#1874=DIRECTION('',(-0.09343448839558792,0.025131549465752103,0.9953081942793925));
#1875=FACE_BOUND('',#1876,.T.);
#1876=EDGE_LOOP('',(#1877,#1878,#1879));
#1877=ORIENTED_EDGE('',*,*,#1880,.T.);
#1878=ORIENTED_EDGE('',*,*,#1881,.T.);
#1879=ORIENTED_EDGE('',*,*,#1882,.T.);
#1880=EDGE_CURVE('',#151,#165,#1883,.F.);
#1881=EDGE_CURVE('',#165,#177,#1884,.T.);
#1882=EDGE_CURVE('',#177,#151,#1885,.T.);
#1883=LINE('',#150,#1886);
#1884=LINE('',#164,#1887);
#1885=LINE('',#176,#1888);
#1886=VECTOR('',#1889,1.0);
#1887=VECTOR('',#1890,1.0);
#1888=VECTOR('',#1891,1.0);
#1889=DIRECTION('',(-0.09343448839558792,0.025131549465752103,0.9953081942793925));
#1890=DIRECTION('',(0,0,-1));
#1891=DIRECTION('',(0.9656777136199184,-0.2597432451822509,0));
#1892=FACE_SURFACE('',(#1897),#1893,.T.);
#1893=PLANE('',#1894);
#1894=AXIS2_PLACEMENT_3D('',#178,#1895,#1896);
#1895=DIRECTION('',(-0,0,-1));
#1896=DIRECTION('',(-0.917020574905535,-0.3988398992075919,0));
#1897=FACE_BOUND('',#1898,.T.);
#1898=EDGE_LOOP('',(#1899,#1900,#1901));
#1899=ORIENTED_EDGE('',*,*,#1902,.T.);
#1900=ORIENTED_EDGE('',*,*,#1903,.T.);
#1901=ORIENTED_EDGE('',*,*,#1904,.T.);
#1902=EDGE_CURVE('',#179,#125,#1905,.F.);
#1903=EDGE_CURVE('',#125,#181,#1906,.T.);
#1904=EDGE_CURVE('',#181,#179,#1907,.T.);
#1905=LINE('',#178,#1908);
#1906=LINE('',#124,#1909);
#1907=LINE('',#180,#1910);
#1908=VECTOR('',#1911,1.0);
#1909=VECTOR('',#1912,1.0);
#1910=VECTOR('',#1913,1.0);
#1911=DIRECTION('',(-0.917020574905535,-0.3988398992075919,0));
#1912=DIRECTION('',(0.7865570448691837,0.6175176233652422,0));
#1913=DIRECTION('',(0.5555020403625494,-0.8315151731345884,0));
#1914=FACE_SURFACE('',(#1919),#1915,.T.);
#1915=PLANE('',#1916);
#1916=AXIS2_PLACEMENT_3D('',#182,#1917,#1918);
#1917=DIRECTION('',(0,-0,-1));
#1918=DIRECTION('',(0.6593901134029033,-0.7518009566012178,0));
#1919=FACE_BOUND('',#1920,.T.);
#1920=EDGE_LOOP('',(#1921,#1922,#1923));
#1921=ORIENTED_EDGE('',*,*,#1924,.T.);
#1922=ORIENTED_EDGE('',*,*,#1925,.T.);
#1923=ORIENTED_EDGE('',*,*,#1926,.T.);
#1924=EDGE_CURVE('',#183,#181,#1927,.F.);
#1925=EDGE_CURVE('',#181,#125,#1928,.T.);
#1926=EDGE_CURVE('',#125,#183,#1929,.T.);
#1927=LINE('',#182,#1930);
#1928=LINE('',#180,#1931);
#1929=LINE('',#124,#1932);
#1930=VECTOR('',#1933,1.0);
#1931=VECTOR('',#1934,1.0);
#1932=VECTOR('',#1935,1.0);
#1933=DIRECTION('',(0.6593901134029033,-0.7518009566012178,0));
#1934=DIRECTION('',(-0.7865570448691837,-0.6175176233652422,0));
#1935=DIRECTION('',(0.6058128786102168,0.7956071619272935,0));
#1936=FACE_SURFACE('',(#1941),#1937,.T.);
#1937=PLANE('',#1938);
#1938=AXIS2_PLACEMENT_3D('',#136,#1939,#1940);
#1939=DIRECTION('',(-0,0,-1));
#1940=DIRECTION('',(-0.9863751106070775,-0.16451182685410626,0));
#1941=FACE_BOUND('',#1942,.T.);
#1942=EDGE_LOOP('',(#1943,#1944,#1945));
#1943=ORIENTED_EDGE('',*,*,#1946,.T.);
#1944=ORIENTED_EDGE('',*,*,#1947,.T.);
#1945=ORIENTED_EDGE('',*,*,#1948,.T.);
#1946=EDGE_CURVE('',#137,#125,#1949,.F.);
#1947=EDGE_CURVE('',#125,#179,#1950,.T.);
#1948=EDGE_CURVE('',#179,#137,#1951,.T.);
#1949=LINE('',#136,#1952);
#1950=LINE('',#124,#1953);
#1951=LINE('',#178,#1954);
#1952=VECTOR('',#1955,1.0);
#1953=VECTOR('',#1956,1.0);
#1954=VECTOR('',#1957,1.0);
#1955=DIRECTION('',(-0.9863751106070775,-0.16451182685410626,0));
#1956=DIRECTION('',(0.917020574905535,0.3988398992075919,0));
#1957=DIRECTION('',(0.442758074745824,-0.896641113962198,0));
#1958=FACE_SURFACE('',(#1963),#1959,.T.);
#1959=PLANE('',#1960);
#1960=AXIS2_PLACEMENT_3D('',#182,#1961,#1962);
#1961=DIRECTION('',(-0,0,-1));
#1962=DIRECTION('',(-0.6058128786102168,-0.7956071619272935,0));
#1963=FACE_BOUND('',#1964,.T.);
#1964=EDGE_LOOP('',(#1965,#1966,#1967));
#1965=ORIENTED_EDGE('',*,*,#1968,.T.);
#1966=ORIENTED_EDGE('',*,*,#1969,.T.);
#1967=ORIENTED_EDGE('',*,*,#1970,.T.);
#1968=EDGE_CURVE('',#183,#125,#1971,.F.);
#1969=EDGE_CURVE('',#125,#185,#1972,.T.);
#1970=EDGE_CURVE('',#185,#183,#1973,.T.);
#1971=LINE('',#182,#1974);
#1972=LINE('',#124,#1975);
#1973=LINE('',#184,#1976);
#1974=VECTOR('',#1977,1.0);
#1975=VECTOR('',#1978,1.0);
#1976=VECTOR('',#1979,1.0);
#1977=DIRECTION('',(-0.6058128786102168,-0.7956071619272935,0));
#1978=DIRECTION('',(0.3972255194582965,0.9177210287942009,0));
#1979=DIRECTION('',(0.7518016333606223,-0.6593893417976214,0));
#1980=FACE_SURFACE('',(#1985),#1981,.T.);
#1981=PLANE('',#1982);
#1982=AXIS2_PLACEMENT_3D('',#186,#1983,#1984);
#1983=DIRECTION('',(0,0,-1));
#1984=DIRECTION('',(0.9470729889459992,-0.3210183072799605,0));
#1985=FACE_BOUND('',#1986,.T.);
#1986=EDGE_LOOP('',(#1987,#1988,#1989));
#1987=ORIENTED_EDGE('',*,*,#1990,.T.);
#1988=ORIENTED_EDGE('',*,*,#1991,.T.);
#1989=ORIENTED_EDGE('',*,*,#1992,.T.);
#1990=EDGE_CURVE('',#187,#135,#1993,.F.);
#1991=EDGE_CURVE('',#135,#133,#1994,.T.);
#1992=EDGE_CURVE('',#133,#187,#1995,.T.);
#1993=LINE('',#186,#1996);
#1994=LINE('',#134,#1997);
#1995=LINE('',#132,#1998);
#1996=VECTOR('',#1999,1.0);
#1997=VECTOR('',#2000,1.0);
#1998=VECTOR('',#2001,1.0);
#1999=DIRECTION('',(0.9470729889459992,-0.3210183072799605,0));
#2000=DIRECTION('',(-0.9478540348992468,0.3187047670261893,0));
#2001=DIRECTION('',(-0.9454483483502588,0.32577203778373565,0));
#2002=FACE_SURFACE('',(#2007),#2003,.T.);
#2003=PLANE('',#2004);
#2004=AXIS2_PLACEMENT_3D('',#188,#2005,#2006);
#2005=DIRECTION('',(-0,0,-1));
#2006=DIRECTION('',(-0.1845171073349841,-0.9828293021174785,0));
#2007=FACE_BOUND('',#2008,.T.);
#2008=EDGE_LOOP('',(#2009,#2010,#2011));
#2009=ORIENTED_EDGE('',*,*,#2012,.T.);
#2010=ORIENTED_EDGE('',*,*,#2013,.T.);
#2011=ORIENTED_EDGE('',*,*,#2014,.T.);
#2012=EDGE_CURVE('',#189,#125,#2015,.F.);
#2013=EDGE_CURVE('',#125,#135,#2016,.T.);
#2014=EDGE_CURVE('',#135,#189,#2017,.T.);
#2015=LINE('',#188,#2018);
#2016=LINE('',#124,#2019);
#2017=LINE('',#134,#2020);
#2018=VECTOR('',#2021,1.0);
#2019=VECTOR('',#2022,1.0);
#2020=VECTOR('',#2023,1.0);
#2021=DIRECTION('',(-0.1845171073349841,-0.9828293021174785,0));
#2022=DIRECTION('',(-0.015729428278758156,0.9998762848902976,0));
#2023=DIRECTION('',(0.89664045443827,-0.44275941036270755,0));
#2024=FACE_SURFACE('',(#2029),#2025,.T.);
#2025=PLANE('',#2026);
#2026=AXIS2_PLACEMENT_3D('',#184,#2027,#2028);
#2027=DIRECTION('',(-0,0,-1));
#2028=DIRECTION('',(-0.3972255194582965,-0.9177210287942009,0));
#2029=FACE_BOUND('',#2030,.T.);
#2030=EDGE_LOOP('',(#2031,#2032,#2033));
#2031=ORIENTED_EDGE('',*,*,#2034,.T.);
#2032=ORIENTED_EDGE('',*,*,#2035,.T.);
#2033=ORIENTED_EDGE('',*,*,#2036,.T.);
#2034=EDGE_CURVE('',#185,#125,#2037,.F.);
#2035=EDGE_CURVE('',#125,#189,#2038,.T.);
#2036=EDGE_CURVE('',#189,#185,#2039,.T.);
#2037=LINE('',#184,#2040);
#2038=LINE('',#124,#2041);
#2039=LINE('',#188,#2042);
#2040=VECTOR('',#2043,1.0);
#2041=VECTOR('',#2044,1.0);
#2042=VECTOR('',#2045,1.0);
#2043=DIRECTION('',(-0.3972255194582965,-0.9177210287942009,0));
#2044=DIRECTION('',(0.1845171073349841,0.9828293021174785,0));
#2045=DIRECTION('',(0.8315149111477848,-0.5555024325229293,0));
#2046=FACE_SURFACE('',(#2051),#2047,.T.);
#2047=PLANE('',#2048);
#2048=AXIS2_PLACEMENT_3D('',#186,#2049,#2050);
#2049=DIRECTION('',(0,-0,-1));
#2050=DIRECTION('',(0.9454483483502588,-0.32577203778373565,0));
#2051=FACE_BOUND('',#2052,.T.);
#2052=EDGE_LOOP('',(#2053,#2054,#2055));
#2053=ORIENTED_EDGE('',*,*,#2056,.T.);
#2054=ORIENTED_EDGE('',*,*,#2057,.T.);
#2055=ORIENTED_EDGE('',*,*,#2058,.T.);
#2056=EDGE_CURVE('',#187,#133,#2059,.F.);
#2057=EDGE_CURVE('',#133,#191,#2060,.T.);
#2058=EDGE_CURVE('',#191,#187,#2061,.T.);
#2059=LINE('',#186,#2062);
#2060=LINE('',#132,#2063);
#2061=LINE('',#190,#2064);
#2062=VECTOR('',#2065,1.0);
#2063=VECTOR('',#2066,1.0);
#2064=VECTOR('',#2067,1.0);
#2065=DIRECTION('',(0.9454483483502588,-0.32577203778373565,0));
#2066=DIRECTION('',(-0.689372683865482,-0.7244068627091423,0));
#2067=DIRECTION('',(0.6440825336867222,0.7649560051399638,0));
#2068=FACE_SURFACE('',(#2073),#2069,.T.);
#2069=PLANE('',#2070);
#2070=AXIS2_PLACEMENT_3D('',#186,#2071,#2072);
#2071=DIRECTION('',(-0,0,-1));
#2072=DIRECTION('',(-0.6440825336867222,-0.7649560051399638,0));
#2073=FACE_BOUND('',#2074,.T.);
#2074=EDGE_LOOP('',(#2075,#2076,#2077));
#2075=ORIENTED_EDGE('',*,*,#2078,.T.);
#2076=ORIENTED_EDGE('',*,*,#2079,.T.);
#2077=ORIENTED_EDGE('',*,*,#2080,.T.);
#2078=EDGE_CURVE('',#187,#191,#2081,.F.);
#2079=EDGE_CURVE('',#191,#193,#2082,.T.);
#2080=EDGE_CURVE('',#193,#187,#2083,.T.);
#2081=LINE('',#186,#2084);
#2082=LINE('',#190,#2085);
#2083=LINE('',#192,#2086);
#2084=VECTOR('',#2087,1.0);
#2085=VECTOR('',#2088,1.0);
#2086=VECTOR('',#2089,1.0);
#2087=DIRECTION('',(-0.6440825336867222,-0.7649560051399638,0));
#2088=DIRECTION('',(0.48288601288959915,0.8756832181534517,0));
#2089=DIRECTION('',(0.980740742841891,-0.19531409403813174,0));
#2090=FACE_SURFACE('',(#2095),#2091,.T.);
#2091=PLANE('',#2092);
#2092=AXIS2_PLACEMENT_3D('',#194,#2093,#2094);
#2093=DIRECTION('',(-0.7070996072807972,0.7071139550195161,0));
#2094=DIRECTION('',(0,0,-1));
#2095=FACE_BOUND('',#2096,.T.);
#2096=EDGE_LOOP('',(#2097,#2098,#2099));
#2097=ORIENTED_EDGE('',*,*,#2100,.T.);
#2098=ORIENTED_EDGE('',*,*,#2101,.T.);
#2099=ORIENTED_EDGE('',*,*,#2102,.T.);
#2100=EDGE_CURVE('',#195,#197,#2103,.F.);
#2101=EDGE_CURVE('',#197,#199,#2104,.T.);
#2102=EDGE_CURVE('',#199,#195,#2105,.T.);
#2103=LINE('',#194,#2106);
#2104=LINE('',#196,#2107);
#2105=LINE('',#198,#2108);
#2106=VECTOR('',#2109,1.0);
#2107=VECTOR('',#2110,1.0);
#2108=VECTOR('',#2111,1.0);
#2109=DIRECTION('',(0,0,-1));
#2110=DIRECTION('',(-0.7071139550195161,-0.7070996072807972,0));
#2111=DIRECTION('',(0.00587490785008185,0.005874788644906741,0.9999654855624422));
#2112=FACE_SURFACE('',(#2117),#2113,.T.);
#2113=PLANE('',#2114);
#2114=AXIS2_PLACEMENT_3D('',#194,#2115,#2116);
#2115=DIRECTION('',(-0.7070996072807972,0.7071139550195161,0));
#2116=DIRECTION('',(-0.00587490785008185,-0.005874788644906741,-0.9999654855624422));
#2117=FACE_BOUND('',#2118,.T.);
#2118=EDGE_LOOP('',(#2119,#2120,#2121));
#2119=ORIENTED_EDGE('',*,*,#2122,.T.);
#2120=ORIENTED_EDGE('',*,*,#2123,.T.);
#2121=ORIENTED_EDGE('',*,*,#2124,.T.);
#2122=EDGE_CURVE('',#195,#199,#2125,.F.);
#2123=EDGE_CURVE('',#199,#201,#2126,.T.);
#2124=EDGE_CURVE('',#201,#195,#2127,.T.);
#2125=LINE('',#194,#2128);
#2126=LINE('',#198,#2129);
#2127=LINE('',#200,#2130);
#2128=VECTOR('',#2131,1.0);
#2129=VECTOR('',#2132,1.0);
#2130=VECTOR('',#2133,1.0);
#2131=DIRECTION('',(-0.00587490785008185,-0.005874788644906741,-0.9999654855624422));
#2132=DIRECTION('',(0,0,1));
#2133=DIRECTION('',(0.7071139550195161,0.7070996072807972,0));
#2134=FACE_SURFACE('',(#2139),#2135,.T.);
#2135=PLANE('',#2136);
#2136=AXIS2_PLACEMENT_3D('',#202,#2137,#2138);
#2137=DIRECTION('',(-0,0,1));
#2138=DIRECTION('',(0.8682691767752239,-0.49609337494273703,0));
#2139=FACE_BOUND('',#2140,.T.);
#2140=EDGE_LOOP('',(#2141,#2142,#2143));
#2141=ORIENTED_EDGE('',*,*,#2144,.T.);
#2142=ORIENTED_EDGE('',*,*,#2145,.T.);
#2143=ORIENTED_EDGE('',*,*,#2146,.T.);
#2144=EDGE_CURVE('',#203,#53,#2147,.F.);
#2145=EDGE_CURVE('',#53,#117,#2148,.T.);
#2146=EDGE_CURVE('',#117,#203,#2149,.T.);
#2147=LINE('',#202,#2150);
#2148=LINE('',#52,#2151);
#2149=LINE('',#116,#2152);
#2150=VECTOR('',#2153,1.0);
#2151=VECTOR('',#2154,1.0);
#2152=VECTOR('',#2155,1.0);
#2153=DIRECTION('',(0.8682691767752239,-0.49609337494273703,0));
#2154=DIRECTION('',(-0.7832091082354763,0.6217583877817734,0));
#2155=DIRECTION('',(-0.5555020403625494,-0.8315151731345884,0));
#2156=FACE_SURFACE('',(#2161),#2157,.T.);
#2157=PLANE('',#2158);
#2158=AXIS2_PLACEMENT_3D('',#56,#2159,#2160);
#2159=DIRECTION('',(0,0,1));
#2160=DIRECTION('',(-0.6593901134029033,-0.7518009566012178,0));
#2161=FACE_BOUND('',#2162,.T.);
#2162=EDGE_LOOP('',(#2163,#2164,#2165));
#2163=ORIENTED_EDGE('',*,*,#2166,.T.);
#2164=ORIENTED_EDGE('',*,*,#2167,.T.);
#2165=ORIENTED_EDGE('',*,*,#2168,.T.);
#2166=EDGE_CURVE('',#57,#117,#2169,.F.);
#2167=EDGE_CURVE('',#117,#53,#2170,.T.);
#2168=EDGE_CURVE('',#53,#57,#2171,.T.);
#2169=LINE('',#56,#2172);
#2170=LINE('',#116,#2173);
#2171=LINE('',#52,#2174);
#2172=VECTOR('',#2175,1.0);
#2173=VECTOR('',#2176,1.0);
#2174=VECTOR('',#2177,1.0);
#2175=DIRECTION('',(-0.6593901134029033,-0.7518009566012178,0));
#2176=DIRECTION('',(0.7832091082354763,-0.6217583877817734,0));
#2177=DIRECTION('',(-0.6803625154750682,0.7328757381278477,0));
#2178=FACE_SURFACE('',(#2183),#2179,.T.);
#2179=PLANE('',#2180);
#2180=AXIS2_PLACEMENT_3D('',#204,#2181,#2182);
#2181=DIRECTION('',(-0,0,1));
#2182=DIRECTION('',(0.9333049331791727,-0.35908481129591097,0));
#2183=FACE_BOUND('',#2184,.T.);
#2184=EDGE_LOOP('',(#2185,#2186,#2187));
#2185=ORIENTED_EDGE('',*,*,#2188,.T.);
#2186=ORIENTED_EDGE('',*,*,#2189,.T.);
#2187=ORIENTED_EDGE('',*,*,#2190,.T.);
#2188=EDGE_CURVE('',#205,#53,#2191,.F.);
#2189=EDGE_CURVE('',#53,#203,#2192,.T.);
#2190=EDGE_CURVE('',#203,#205,#2193,.T.);
#2191=LINE('',#204,#2194);
#2192=LINE('',#52,#2195);
#2193=LINE('',#202,#2196);
#2194=VECTOR('',#2197,1.0);
#2195=VECTOR('',#2198,1.0);
#2196=VECTOR('',#2199,1.0);
#2197=DIRECTION('',(0.9333049331791727,-0.35908481129591097,0));
#2198=DIRECTION('',(-0.8682691767752239,0.49609337494273703,0));
#2199=DIRECTION('',(-0.44276020644325736,-0.8966400613347164,0));
#2200=FACE_SURFACE('',(#2205),#2201,.T.);
#2201=PLANE('',#2202);
#2202=AXIS2_PLACEMENT_3D('',#130,#2203,#2204);
#2203=DIRECTION('',(-0,0,1));
#2204=DIRECTION('',(0.9767432783042934,-0.21441214584855386,0));
#2205=FACE_BOUND('',#2206,.T.);
#2206=EDGE_LOOP('',(#2207,#2208,#2209));
#2207=ORIENTED_EDGE('',*,*,#2210,.T.);
#2208=ORIENTED_EDGE('',*,*,#2211,.T.);
#2209=ORIENTED_EDGE('',*,*,#2212,.T.);
#2210=EDGE_CURVE('',#131,#53,#2213,.F.);
#2211=EDGE_CURVE('',#53,#205,#2214,.T.);
#2212=EDGE_CURVE('',#205,#131,#2215,.T.);
#2213=LINE('',#130,#2216);
#2214=LINE('',#52,#2217);
#2215=LINE('',#204,#2218);
#2216=VECTOR('',#2219,1.0);
#2217=VECTOR('',#2220,1.0);
#2218=VECTOR('',#2221,1.0);
#2219=DIRECTION('',(0.9767432783042934,-0.21441214584855386,0));
#2220=DIRECTION('',(-0.9333049331791727,0.35908481129591097,0));
#2221=DIRECTION('',(-0.3210169170795148,-0.947073460164925,0));
#2222=FACE_SURFACE('',(#2227),#2223,.T.);
#2223=PLANE('',#2224);
#2224=AXIS2_PLACEMENT_3D('',#206,#2225,#2226);
#2225=DIRECTION('',(-0,0,1));
#2226=DIRECTION('',(0.9892846329876471,-0.14599970867949166,0));
#2227=FACE_BOUND('',#2228,.T.);
#2228=EDGE_LOOP('',(#2229,#2230,#2231));
#2229=ORIENTED_EDGE('',*,*,#2232,.T.);
#2230=ORIENTED_EDGE('',*,*,#2233,.T.);
#2231=ORIENTED_EDGE('',*,*,#2234,.T.);
#2232=EDGE_CURVE('',#207,#95,#2235,.F.);
#2233=EDGE_CURVE('',#95,#131,#2236,.T.);
#2234=EDGE_CURVE('',#131,#207,#2237,.T.);
#2235=LINE('',#206,#2238);
#2236=LINE('',#94,#2239);
#2237=LINE('',#130,#2240);
#2238=VECTOR('',#2241,1.0);
#2239=VECTOR('',#2242,1.0);
#2240=VECTOR('',#2243,1.0);
#2241=DIRECTION('',(0.9892846329876471,-0.14599970867949166,0));
#2242=DIRECTION('',(-0.9560256132846267,0.2932831852386932,0));
#2243=DIRECTION('',(-0.19531285129612574,-0.9807409903326042,0));
#2244=FACE_SURFACE('',(#2249),#2245,.T.);
#2245=PLANE('',#2246);
#2246=AXIS2_PLACEMENT_3D('',#208,#2247,#2248);
#2247=DIRECTION('',(0,0,1));
#2248=DIRECTION('',(0.9999872330904227,0.005053083826781933,0));
#2249=FACE_BOUND('',#2250,.T.);
#2250=EDGE_LOOP('',(#2251,#2252,#2253));
#2251=ORIENTED_EDGE('',*,*,#2254,.T.);
#2252=ORIENTED_EDGE('',*,*,#2255,.T.);
#2253=ORIENTED_EDGE('',*,*,#2256,.T.);
#2254=EDGE_CURVE('',#209,#95,#2257,.F.);
#2255=EDGE_CURVE('',#95,#207,#2258,.T.);
#2256=EDGE_CURVE('',#207,#209,#2259,.T.);
#2257=LINE('',#208,#2260);
#2258=LINE('',#94,#2261);
#2259=LINE('',#206,#2262);
#2260=VECTOR('',#2263,1.0);
#2261=VECTOR('',#2264,1.0);
#2262=VECTOR('',#2265,1.0);
#2263=DIRECTION('',(0.9999872330904227,0.005053083826781933,0));
#2264=DIRECTION('',(-0.9892846329876471,0.14599970867949166,0));
#2265=DIRECTION('',(-0.06532104381086938,-0.9978643000105066,0));
#2266=FACE_SURFACE('',(#2271),#2267,.T.);
#2267=PLANE('',#2268);
#2268=AXIS2_PLACEMENT_3D('',#210,#2269,#2270);
#2269=DIRECTION('',(0,-0,1));
#2270=DIRECTION('',(0.9877791411171778,0.1558600923065633,0));
#2271=FACE_BOUND('',#2272,.T.);
#2272=EDGE_LOOP('',(#2273,#2274,#2275));
#2273=ORIENTED_EDGE('',*,*,#2276,.T.);
#2274=ORIENTED_EDGE('',*,*,#2277,.T.);
#2275=ORIENTED_EDGE('',*,*,#2278,.T.);
#2276=EDGE_CURVE('',#211,#95,#2279,.F.);
#2277=EDGE_CURVE('',#95,#209,#2280,.T.);
#2278=EDGE_CURVE('',#209,#211,#2281,.T.);
#2279=LINE('',#210,#2282);
#2280=LINE('',#94,#2283);
#2281=LINE('',#208,#2284);
#2282=VECTOR('',#2285,1.0);
#2283=VECTOR('',#2286,1.0);
#2284=VECTOR('',#2287,1.0);
#2285=DIRECTION('',(0.9877791411171778,0.1558600923065633,0));
#2286=DIRECTION('',(-0.9999872330904227,-0.005053083826781933,0));
#2287=DIRECTION('',(0.06532104381086938,-0.9978643000105066,0));
#2288=FACE_SURFACE('',(#2293),#2289,.T.);
#2289=PLANE('',#2290);
#2290=AXIS2_PLACEMENT_3D('',#96,#2291,#2292);
#2291=DIRECTION('',(0,-0,1));
#2292=DIRECTION('',(0.9531696936641918,0.30243600162697376,0));
#2293=FACE_BOUND('',#2294,.T.);
#2294=EDGE_LOOP('',(#2295,#2296,#2297));
#2295=ORIENTED_EDGE('',*,*,#2298,.T.);
#2296=ORIENTED_EDGE('',*,*,#2299,.T.);
#2297=ORIENTED_EDGE('',*,*,#2300,.T.);
#2298=EDGE_CURVE('',#97,#95,#2301,.F.);
#2299=EDGE_CURVE('',#95,#211,#2302,.T.);
#2300=EDGE_CURVE('',#211,#97,#2303,.T.);
#2301=LINE('',#96,#2304);
#2302=LINE('',#94,#2305);
#2303=LINE('',#210,#2306);
#2304=VECTOR('',#2307,1.0);
#2305=VECTOR('',#2308,1.0);
#2306=VECTOR('',#2309,1.0);
#2307=DIRECTION('',(0.9531696936641918,0.30243600162697376,0));
#2308=DIRECTION('',(-0.9877791411171778,-0.1558600923065633,0));
#2309=DIRECTION('',(0.19531285129612574,-0.9807409903326042,0));
#2310=FACE_SURFACE('',(#2315),#2311,.T.);
#2311=PLANE('',#2312);
#2312=AXIS2_PLACEMENT_3D('',#212,#2313,#2314);
#2313=DIRECTION('',(0,-0,1));
#2314=DIRECTION('',(0.929852273201167,0.3679330781849087,0));
#2315=FACE_BOUND('',#2316,.T.);
#2316=EDGE_LOOP('',(#2317,#2318,#2319));
#2317=ORIENTED_EDGE('',*,*,#2320,.T.);
#2318=ORIENTED_EDGE('',*,*,#2321,.T.);
#2319=ORIENTED_EDGE('',*,*,#2322,.T.);
#2320=EDGE_CURVE('',#213,#89,#2323,.F.);
#2321=EDGE_CURVE('',#89,#97,#2324,.T.);
#2322=EDGE_CURVE('',#97,#213,#2325,.T.);
#2323=LINE('',#212,#2326);
#2324=LINE('',#88,#2327);
#2325=LINE('',#96,#2328);
#2326=VECTOR('',#2329,1.0);
#2327=VECTOR('',#2330,1.0);
#2328=VECTOR('',#2331,1.0);
#2329=DIRECTION('',(0.929852273201167,0.3679330781849087,0));
#2330=DIRECTION('',(-0.9745723090570267,-0.2240732344999175,0));
#2331=DIRECTION('',(0.3210169170795148,-0.947073460164925,0));
#2332=FACE_SURFACE('',(#2337),#2333,.T.);
#2333=PLANE('',#2334);
#2334=AXIS2_PLACEMENT_3D('',#140,#2335,#2336);
#2335=DIRECTION('',(-0.9659996230851938,0.25854347448594317,0));
#2336=DIRECTION('',(0,0,-1));
#2337=FACE_BOUND('',#2338,.T.);
#2338=EDGE_LOOP('',(#2339,#2340,#2341));
#2339=ORIENTED_EDGE('',*,*,#2342,.T.);
#2340=ORIENTED_EDGE('',*,*,#2343,.T.);
#2341=ORIENTED_EDGE('',*,*,#2344,.T.);
#2342=EDGE_CURVE('',#141,#139,#2345,.F.);
#2343=EDGE_CURVE('',#139,#197,#2346,.T.);
#2344=EDGE_CURVE('',#197,#141,#2347,.T.);
#2345=LINE('',#140,#2348);
#2346=LINE('',#138,#2349);
#2347=LINE('',#196,#2350);
#2348=VECTOR('',#2351,1.0);
#2349=VECTOR('',#2352,1.0);
#2350=VECTOR('',#2353,1.0);
#2351=DIRECTION('',(0,0,-1));
#2352=DIRECTION('',(-0.25854347448594317,-0.9659996230851938,0));
#2353=DIRECTION('',(0.02500722281139249,0.09343483860207039,0.9953112928841241));
#2354=FACE_SURFACE('',(#2359),#2355,.T.);
#2355=PLANE('',#2356);
#2356=AXIS2_PLACEMENT_3D('',#140,#2357,#2358);
#2357=DIRECTION('',(-0.9659996230851938,0.25854347448594317,0));
#2358=DIRECTION('',(-0.02500722281139249,-0.09343483860207039,-0.9953112928841241));
#2359=FACE_BOUND('',#2360,.T.);
#2360=EDGE_LOOP('',(#2361,#2362,#2363));
#2361=ORIENTED_EDGE('',*,*,#2364,.T.);
#2362=ORIENTED_EDGE('',*,*,#2365,.T.);
#2363=ORIENTED_EDGE('',*,*,#2366,.T.);
#2364=EDGE_CURVE('',#141,#197,#2367,.F.);
#2365=EDGE_CURVE('',#197,#195,#2368,.T.);
#2366=EDGE_CURVE('',#195,#141,#2369,.T.);
#2367=LINE('',#140,#2370);
#2368=LINE('',#196,#2371);
#2369=LINE('',#194,#2372);
#2370=VECTOR('',#2373,1.0);
#2371=VECTOR('',#2374,1.0);
#2372=VECTOR('',#2375,1.0);
#2373=DIRECTION('',(-0.02500722281139249,-0.09343483860207039,-0.9953112928841241));
#2374=DIRECTION('',(0,0,1));
#2375=DIRECTION('',(0.25854347448594317,0.9659996230851938,0));
#2376=FACE_SURFACE('',(#2381),#2377,.T.);
#2377=PLANE('',#2378);
#2378=AXIS2_PLACEMENT_3D('',#214,#2379,#2380);
#2379=DIRECTION('',(0,0,-1));
#2380=DIRECTION('',(-0.004641238966995608,0.9999892293924226,0));
#2381=FACE_BOUND('',#2382,.T.);
#2382=EDGE_LOOP('',(#2383,#2384,#2385));
#2383=ORIENTED_EDGE('',*,*,#2386,.T.);
#2384=ORIENTED_EDGE('',*,*,#2387,.T.);
#2385=ORIENTED_EDGE('',*,*,#2388,.T.);
#2386=EDGE_CURVE('',#215,#119,#2389,.F.);
#2387=EDGE_CURVE('',#119,#191,#2390,.T.);
#2388=EDGE_CURVE('',#191,#215,#2391,.T.);
#2389=LINE('',#214,#2392);
#2390=LINE('',#118,#2393);
#2391=LINE('',#190,#2394);
#2392=VECTOR('',#2395,1.0);
#2393=VECTOR('',#2396,1.0);
#2394=VECTOR('',#2397,1.0);
#2395=DIRECTION('',(-0.004641238966995608,0.9999892293924226,0));
#2396=DIRECTION('',(0.9791234851853755,-0.20326632962309277,0));
#2397=DIRECTION('',(-0.9849071445364497,0.1730835539300518,0));
#2398=FACE_SURFACE('',(#2403),#2399,.T.);
#2399=PLANE('',#2400);
#2400=AXIS2_PLACEMENT_3D('',#216,#2401,#2402);
#2401=DIRECTION('',(0,0,-1));
#2402=DIRECTION('',(0.980740742841891,0.19531409403813174,0));
#2403=FACE_BOUND('',#2404,.T.);
#2404=EDGE_LOOP('',(#2405,#2406,#2407));
#2405=ORIENTED_EDGE('',*,*,#2408,.T.);
#2406=ORIENTED_EDGE('',*,*,#2409,.T.);
#2407=ORIENTED_EDGE('',*,*,#2410,.T.);
#2408=EDGE_CURVE('',#217,#219,#2411,.F.);
#2409=EDGE_CURVE('',#219,#191,#2412,.T.);
#2410=EDGE_CURVE('',#191,#217,#2413,.T.);
#2411=LINE('',#216,#2414);
#2412=LINE('',#218,#2415);
#2413=LINE('',#190,#2416);
#2414=VECTOR('',#2417,1.0);
#2415=VECTOR('',#2418,1.0);
#2416=VECTOR('',#2419,1.0);
#2417=DIRECTION('',(0.980740742841891,0.19531409403813174,0));
#2418=DIRECTION('',(-0.044927717205848844,-0.9989902403060159,0));
#2419=DIRECTION('',(-0.20970986122634513,0.9777636596358177,0));
#2420=FACE_SURFACE('',(#2425),#2421,.T.);
#2421=PLANE('',#2422);
#2422=AXIS2_PLACEMENT_3D('',#220,#2423,#2424);
#2423=DIRECTION('',(0,0,-1));
#2424=DIRECTION('',(-0.2814825684918255,-0.9595663414455745,0));
#2425=FACE_BOUND('',#2426,.T.);
#2426=EDGE_LOOP('',(#2427,#2428,#2429));
#2427=ORIENTED_EDGE('',*,*,#2430,.T.);
#2428=ORIENTED_EDGE('',*,*,#2431,.T.);
#2429=ORIENTED_EDGE('',*,*,#2432,.T.);
#2430=EDGE_CURVE('',#221,#191,#2433,.F.);
#2431=EDGE_CURVE('',#191,#219,#2434,.T.);
#2432=EDGE_CURVE('',#219,#221,#2435,.T.);
#2433=LINE('',#220,#2436);
#2434=LINE('',#190,#2437);
#2435=LINE('',#218,#2438);
#2436=VECTOR('',#2439,1.0);
#2437=VECTOR('',#2440,1.0);
#2438=VECTOR('',#2441,1.0);
#2439=DIRECTION('',(-0.2814825684918255,-0.9595663414455745,0));
#2440=DIRECTION('',(0.044927717205848844,0.9989902403060159,0));
#2441=DIRECTION('',(0.9978643784300708,0.06531984583852428,0));
#2442=FACE_SURFACE('',(#2447),#2443,.T.);
#2443=PLANE('',#2444);
#2444=AXIS2_PLACEMENT_3D('',#192,#2445,#2446);
#2445=DIRECTION('',(-0,0,-1));
#2446=DIRECTION('',(-0.48288601288959915,-0.8756832181534517,0));
#2447=FACE_BOUND('',#2448,.T.);
#2448=EDGE_LOOP('',(#2449,#2450,#2451));
#2449=ORIENTED_EDGE('',*,*,#2452,.T.);
#2450=ORIENTED_EDGE('',*,*,#2453,.T.);
#2451=ORIENTED_EDGE('',*,*,#2454,.T.);
#2452=EDGE_CURVE('',#193,#191,#2455,.F.);
#2453=EDGE_CURVE('',#191,#221,#2456,.T.);
#2454=EDGE_CURVE('',#221,#193,#2457,.T.);
#2455=LINE('',#192,#2458);
#2456=LINE('',#190,#2459);
#2457=LINE('',#220,#2460);
#2458=VECTOR('',#2461,1.0);
#2459=VECTOR('',#2462,1.0);
#2460=VECTOR('',#2463,1.0);
#2461=DIRECTION('',(-0.48288601288959915,-0.8756832181534517,0));
#2462=DIRECTION('',(0.2814825684918255,0.9595663414455745,0));
#2463=DIRECTION('',(0.9978643784300708,-0.06531984583852428,0));
#2464=FACE_SURFACE('',(#2469),#2465,.T.);
#2465=PLANE('',#2466);
#2466=AXIS2_PLACEMENT_3D('',#166,#2467,#2468);
#2467=DIRECTION('',(0.06531984583852428,0.9978643784300707,0));
#2468=DIRECTION('',(0.9978643784300708,-0.06531984583852428,0));
#2469=FACE_BOUND('',#2470,.T.);
#2470=EDGE_LOOP('',(#2471,#2472,#2473));
#2471=ORIENTED_EDGE('',*,*,#2474,.T.);
#2472=ORIENTED_EDGE('',*,*,#2475,.T.);
#2473=ORIENTED_EDGE('',*,*,#2476,.T.);
#2474=EDGE_CURVE('',#167,#163,#2477,.F.);
#2475=EDGE_CURVE('',#163,#221,#2478,.T.);
#2476=EDGE_CURVE('',#221,#167,#2479,.T.);
#2477=LINE('',#166,#2480);
#2478=LINE('',#162,#2481);
#2479=LINE('',#220,#2482);
#2480=VECTOR('',#2483,1.0);
#2481=VECTOR('',#2484,1.0);
#2482=VECTOR('',#2485,1.0);
#2483=DIRECTION('',(0.9978643784300708,-0.06531984583852428,0));
#2484=DIRECTION('',(-0.065133567037238,0.004263620036701935,-0.9978674461015291));
#2485=DIRECTION('',(0,0,1));
#2486=FACE_SURFACE('',(#2491),#2487,.T.);
#2487=PLANE('',#2488);
#2488=AXIS2_PLACEMENT_3D('',#70,#2489,#2490);
#2489=DIRECTION('',(-0.09127402638582345,0.180607348225204,-0.9793110016099992));
#2490=DIRECTION('',(-0.89250090244018,-0.4510456065005671,0));
#2491=FACE_BOUND('',#2492,.T.);
#2492=EDGE_LOOP('',(#2493,#2494,#2495));
#2493=ORIENTED_EDGE('',*,*,#2496,.T.);
#2494=ORIENTED_EDGE('',*,*,#2497,.T.);
#2495=ORIENTED_EDGE('',*,*,#2498,.T.);
#2496=EDGE_CURVE('',#71,#61,#2499,.F.);
#2497=EDGE_CURVE('',#61,#223,#2500,.T.);
#2498=EDGE_CURVE('',#223,#71,#2501,.T.);
#2499=LINE('',#70,#2502);
#2500=LINE('',#60,#2503);
#2501=LINE('',#222,#2504);
#2502=VECTOR('',#2505,1.0);
#2503=VECTOR('',#2506,1.0);
#2504=VECTOR('',#2507,1.0);
#2505=DIRECTION('',(-0.89250090244018,-0.4510456065005671,0));
#2506=DIRECTION('',(-0.788966920092673,0.586931253003781,0.18177707019009154));
#2507=DIRECTION('',(0.9956847602436824,0,-0.09280009815986555));
#2508=FACE_SURFACE('',(#2513),#2509,.T.);
#2509=PLANE('',#2510);
#2510=AXIS2_PLACEMENT_3D('',#192,#2511,#2512);
#2511=DIRECTION('',(0.06531984583852428,0.9978643784300707,-0));
#2512=DIRECTION('',(-0.9978643784300708,0.06531984583852428,0));
#2513=FACE_BOUND('',#2514,.T.);
#2514=EDGE_LOOP('',(#2515,#2516,#2517));
#2515=ORIENTED_EDGE('',*,*,#2518,.T.);
#2516=ORIENTED_EDGE('',*,*,#2519,.T.);
#2517=ORIENTED_EDGE('',*,*,#2520,.T.);
#2518=EDGE_CURVE('',#193,#221,#2521,.F.);
#2519=EDGE_CURVE('',#221,#163,#2522,.T.);
#2520=EDGE_CURVE('',#163,#193,#2523,.T.);
#2521=LINE('',#192,#2524);
#2522=LINE('',#220,#2525);
#2523=LINE('',#162,#2526);
#2524=VECTOR('',#2527,1.0);
#2525=VECTOR('',#2528,1.0);
#2526=VECTOR('',#2529,1.0);
#2527=DIRECTION('',(-0.9978643784300708,0.06531984583852428,0));
#2528=DIRECTION('',(0.065133567037238,-0.004263620036701935,0.9978674461015291));
#2529=DIRECTION('',(0,0,-1));
#2530=FACE_SURFACE('',(#2535),#2531,.T.);
#2531=PLANE('',#2532);
#2532=AXIS2_PLACEMENT_3D('',#216,#2533,#2534);
#2533=DIRECTION('',(0,-0,-1));
#2534=DIRECTION('',(0.20970986122634513,-0.9777636596358177,0));
#2535=FACE_BOUND('',#2536,.T.);
#2536=EDGE_LOOP('',(#2537,#2538,#2539));
#2537=ORIENTED_EDGE('',*,*,#2540,.T.);
#2538=ORIENTED_EDGE('',*,*,#2541,.T.);
#2539=ORIENTED_EDGE('',*,*,#2542,.T.);
#2540=EDGE_CURVE('',#217,#191,#2543,.F.);
#2541=EDGE_CURVE('',#191,#225,#2544,.T.);
#2542=EDGE_CURVE('',#225,#217,#2545,.T.);
#2543=LINE('',#216,#2546);
#2544=LINE('',#190,#2547);
#2545=LINE('',#224,#2548);
#2546=VECTOR('',#2549,1.0);
#2547=VECTOR('',#2550,1.0);
#2548=VECTOR('',#2551,1.0);
#2549=DIRECTION('',(0.20970986122634513,-0.9777636596358177,0));
#2550=DIRECTION('',(-0.4551660079530203,0.8904065954405949,0));
#2551=DIRECTION('',(0.9470729889459992,0.3210183072799605,0));
#2552=FACE_SURFACE('',(#2557),#2553,.T.);
#2553=PLANE('',#2554);
#2554=AXIS2_PLACEMENT_3D('',#224,#2555,#2556);
#2555=DIRECTION('',(0,-0,-1));
#2556=DIRECTION('',(0.4551660079530203,-0.8904065954405949,0));
#2557=FACE_BOUND('',#2558,.T.);
#2558=EDGE_LOOP('',(#2559,#2560,#2561));
#2559=ORIENTED_EDGE('',*,*,#2562,.T.);
#2560=ORIENTED_EDGE('',*,*,#2563,.T.);
#2561=ORIENTED_EDGE('',*,*,#2564,.T.);
#2562=EDGE_CURVE('',#225,#191,#2565,.F.);
#2563=EDGE_CURVE('',#191,#227,#2566,.T.);
#2564=EDGE_CURVE('',#227,#225,#2567,.T.);
#2565=LINE('',#224,#2568);
#2566=LINE('',#190,#2569);
#2567=LINE('',#226,#2570);
#2568=VECTOR('',#2571,1.0);
#2569=VECTOR('',#2572,1.0);
#2570=VECTOR('',#2573,1.0);
#2571=DIRECTION('',(0.4551660079530203,-0.8904065954405949,0));
#2572=DIRECTION('',(-0.6638810153283805,0.747838216118004,0));
#2573=DIRECTION('',(0.89664045443827,0.44275941036270755,0));
#2574=FACE_SURFACE('',(#2579),#2575,.T.);
#2575=PLANE('',#2576);
#2576=AXIS2_PLACEMENT_3D('',#228,#2577,#2578);
#2577=DIRECTION('',(0,-0,-1));
#2578=DIRECTION('',(0.9227303846545925,-0.3854460237636235,0));
#2579=FACE_BOUND('',#2580,.T.);
#2580=EDGE_LOOP('',(#2581,#2582,#2583));
#2581=ORIENTED_EDGE('',*,*,#2584,.T.);
#2582=ORIENTED_EDGE('',*,*,#2585,.T.);
#2583=ORIENTED_EDGE('',*,*,#2586,.T.);
#2584=EDGE_CURVE('',#229,#191,#2587,.F.);
#2585=EDGE_CURVE('',#191,#119,#2588,.T.);
#2586=EDGE_CURVE('',#119,#229,#2589,.T.);
#2587=LINE('',#228,#2590);
#2588=LINE('',#190,#2591);
#2589=LINE('',#118,#2592);
#2590=VECTOR('',#2593,1.0);
#2591=VECTOR('',#2594,1.0);
#2592=VECTOR('',#2595,1.0);
#2593=DIRECTION('',(0.9227303846545925,-0.3854460237636235,0));
#2594=DIRECTION('',(-0.9791234851853755,0.20326632962309277,0));
#2595=DIRECTION('',(0.6593901134029033,0.7518009566012178,0));
#2596=FACE_SURFACE('',(#2601),#2597,.T.);
#2597=PLANE('',#2598);
#2598=AXIS2_PLACEMENT_3D('',#230,#2599,#2600);
#2599=DIRECTION('',(0,-0,-1));
#2600=DIRECTION('',(0.8201400191487932,-0.572162869286899,0));
#2601=FACE_BOUND('',#2602,.T.);
#2602=EDGE_LOOP('',(#2603,#2604,#2605));
#2603=ORIENTED_EDGE('',*,*,#2606,.T.);
#2604=ORIENTED_EDGE('',*,*,#2607,.T.);
#2605=ORIENTED_EDGE('',*,*,#2608,.T.);
#2606=EDGE_CURVE('',#231,#191,#2609,.F.);
#2607=EDGE_CURVE('',#191,#229,#2610,.T.);
#2608=EDGE_CURVE('',#229,#231,#2611,.T.);
#2609=LINE('',#230,#2612);
#2610=LINE('',#190,#2613);
#2611=LINE('',#228,#2614);
#2612=VECTOR('',#2615,1.0);
#2613=VECTOR('',#2616,1.0);
#2614=VECTOR('',#2617,1.0);
#2615=DIRECTION('',(0.8201400191487932,-0.572162869286899,0));
#2616=DIRECTION('',(-0.9227303846545925,0.3854460237636235,0));
#2617=DIRECTION('',(0.7518016333606223,0.6593893417976214,0));
#2618=FACE_SURFACE('',(#2623),#2619,.T.);
#2619=PLANE('',#2620);
#2620=AXIS2_PLACEMENT_3D('',#226,#2621,#2622);
#2621=DIRECTION('',(0,-0,-1));
#2622=DIRECTION('',(0.6638810153283805,-0.747838216118004,0));
#2623=FACE_BOUND('',#2624,.T.);
#2624=EDGE_LOOP('',(#2625,#2626,#2627));
#2625=ORIENTED_EDGE('',*,*,#2628,.T.);
#2626=ORIENTED_EDGE('',*,*,#2629,.T.);
#2627=ORIENTED_EDGE('',*,*,#2630,.T.);
#2628=EDGE_CURVE('',#227,#191,#2631,.F.);
#2629=EDGE_CURVE('',#191,#231,#2632,.T.);
#2630=EDGE_CURVE('',#231,#227,#2633,.T.);
#2631=LINE('',#226,#2634);
#2632=LINE('',#190,#2635);
#2633=LINE('',#230,#2636);
#2634=VECTOR('',#2637,1.0);
#2635=VECTOR('',#2638,1.0);
#2636=VECTOR('',#2639,1.0);
#2637=DIRECTION('',(0.6638810153283805,-0.747838216118004,0));
#2638=DIRECTION('',(-0.8201400191487932,0.572162869286899,0));
#2639=DIRECTION('',(0.8315149111477848,0.5555024325229293,0));
#2640=FACE_SURFACE('',(#2645),#2641,.T.);
#2641=PLANE('',#2642);
#2642=AXIS2_PLACEMENT_3D('',#198,#2643,#2644);
#2643=DIRECTION('',(0,0,1));
#2644=DIRECTION('',(0.7071139550195161,0.7070996072807972,0));
#2645=FACE_BOUND('',#2646,.T.);
#2646=EDGE_LOOP('',(#2647,#2648,#2649));
#2647=ORIENTED_EDGE('',*,*,#2650,.T.);
#2648=ORIENTED_EDGE('',*,*,#2651,.T.);
#2649=ORIENTED_EDGE('',*,*,#2652,.T.);
#2650=EDGE_CURVE('',#199,#197,#2653,.F.);
#2651=EDGE_CURVE('',#197,#139,#2654,.T.);
#2652=EDGE_CURVE('',#139,#199,#2655,.T.);
#2653=LINE('',#198,#2656);
#2654=LINE('',#196,#2657);
#2655=LINE('',#138,#2658);
#2656=VECTOR('',#2659,1.0);
#2657=VECTOR('',#2660,1.0);
#2658=VECTOR('',#2661,1.0);
#2659=DIRECTION('',(0.7071139550195161,0.7070996072807972,0));
#2660=DIRECTION('',(0.25854347448594317,0.9659996230851938,0));
#2661=DIRECTION('',(-0.2967768333947726,-0.9549468630034716,0));
#2662=FACE_SURFACE('',(#2667),#2663,.T.);
#2663=PLANE('',#2664);
#2664=AXIS2_PLACEMENT_3D('',#198,#2665,#2666);
#2665=DIRECTION('',(0,0,1));
#2666=DIRECTION('',(0.2967768333947726,0.9549468630034716,0));
#2667=FACE_BOUND('',#2668,.T.);
#2668=EDGE_LOOP('',(#2669,#2670,#2671));
#2669=ORIENTED_EDGE('',*,*,#2672,.T.);
#2670=ORIENTED_EDGE('',*,*,#2673,.T.);
#2671=ORIENTED_EDGE('',*,*,#2674,.T.);
#2672=EDGE_CURVE('',#199,#139,#2675,.F.);
#2673=EDGE_CURVE('',#139,#145,#2676,.T.);
#2674=EDGE_CURVE('',#145,#199,#2677,.T.);
#2675=LINE('',#198,#2678);
#2676=LINE('',#138,#2679);
#2677=LINE('',#144,#2680);
#2678=VECTOR('',#2681,1.0);
#2679=VECTOR('',#2682,1.0);
#2680=VECTOR('',#2683,1.0);
#2681=DIRECTION('',(0.2967768333947726,0.9549468630034716,0));
#2682=DIRECTION('',(-0.258222476028037,0.9660854790720901,0));
#2683=DIRECTION('',(-0.030309216528777952,-0.9995405701588163,0));
#2684=FACE_SURFACE('',(#2689),#2685,.T.);
#2685=PLANE('',#2686);
#2686=AXIS2_PLACEMENT_3D('',#198,#2687,#2688);
#2687=DIRECTION('',(0,-0,1));
#2688=DIRECTION('',(0.030309216528777952,0.9995405701588163,0));
#2689=FACE_BOUND('',#2690,.T.);
#2690=EDGE_LOOP('',(#2691,#2692,#2693));
#2691=ORIENTED_EDGE('',*,*,#2694,.T.);
#2692=ORIENTED_EDGE('',*,*,#2695,.T.);
#2693=ORIENTED_EDGE('',*,*,#2696,.T.);
#2694=EDGE_CURVE('',#199,#145,#2697,.F.);
#2695=EDGE_CURVE('',#145,#151,#2698,.T.);
#2696=EDGE_CURVE('',#151,#199,#2699,.T.);
#2697=LINE('',#198,#2700);
#2698=LINE('',#144,#2701);
#2699=LINE('',#150,#2702);
#2700=VECTOR('',#2703,1.0);
#2701=VECTOR('',#2704,1.0);
#2702=VECTOR('',#2705,1.0);
#2703=DIRECTION('',(0.030309216528777952,0.9995405701588163,0));
#2704=DIRECTION('',(-0.7071067811865476,0.7071067811865476,0));
#2705=DIRECTION('',(0.23260131797376787,-0.9725721705235382,0));
#2706=FACE_SURFACE('',(#2711),#2707,.T.);
#2707=PLANE('',#2708);
#2708=AXIS2_PLACEMENT_3D('',#198,#2709,#2710);
#2709=DIRECTION('',(0,0,1));
#2710=DIRECTION('',(-0.23260131797376787,0.9725721705235382,0));
#2711=FACE_BOUND('',#2712,.T.);
#2712=EDGE_LOOP('',(#2713,#2714,#2715));
#2713=ORIENTED_EDGE('',*,*,#2716,.T.);
#2714=ORIENTED_EDGE('',*,*,#2717,.T.);
#2715=ORIENTED_EDGE('',*,*,#2718,.T.);
#2716=EDGE_CURVE('',#199,#151,#2719,.F.);
#2717=EDGE_CURVE('',#151,#177,#2720,.T.);
#2718=EDGE_CURVE('',#177,#199,#2721,.T.);
#2719=LINE('',#198,#2722);
#2720=LINE('',#150,#2723);
#2721=LINE('',#176,#2724);
#2722=VECTOR('',#2725,1.0);
#2723=VECTOR('',#2726,1.0);
#2724=VECTOR('',#2727,1.0);
#2725=DIRECTION('',(-0.23260131797376787,0.9725721705235382,0));
#2726=DIRECTION('',(-0.9656777136199184,0.2597432451822509,0));
#2727=DIRECTION('',(0.47823645552205385,-0.8782311157148229,0));
#2728=FACE_SURFACE('',(#2733),#2729,.T.);
#2729=PLANE('',#2730);
#2730=AXIS2_PLACEMENT_3D('',#232,#2731,#2732);
#2731=DIRECTION('',(0.8315151923160476,-0.5555020116503688,0));
#2732=DIRECTION('',(-0.5555020116503687,-0.8315151923160476,0));
#2733=FACE_BOUND('',#2734,.T.);
#2734=EDGE_LOOP('',(#2735,#2736,#2737));
#2735=ORIENTED_EDGE('',*,*,#2738,.T.);
#2736=ORIENTED_EDGE('',*,*,#2739,.T.);
#2737=ORIENTED_EDGE('',*,*,#2740,.T.);
#2738=EDGE_CURVE('',#233,#235,#2741,.F.);
#2739=EDGE_CURVE('',#235,#63,#2742,.T.);
#2740=EDGE_CURVE('',#63,#233,#2743,.T.);
#2741=LINE('',#232,#2744);
#2742=LINE('',#234,#2745);
#2743=LINE('',#62,#2746);
#2744=VECTOR('',#2747,1.0);
#2745=VECTOR('',#2748,1.0);
#2746=VECTOR('',#2749,1.0);
#2747=DIRECTION('',(-0.5555020116503687,-0.8315151923160476,0));
#2748=DIRECTION('',(0,0,-1));
#2749=DIRECTION('',(0.0362408005872147,0.054247825638716315,0.9978696196328803));
#2750=FACE_SURFACE('',(#2755),#2751,.T.);
#2751=PLANE('',#2752);
#2752=AXIS2_PLACEMENT_3D('',#68,#2753,#2754);
#2753=DIRECTION('',(-0.20392925053858252,0.028940242884014377,-0.9785577770967774));
#2754=DIRECTION('',(-0.3011402226492125,0.949244136383095,0.09083025842248117));
#2755=FACE_BOUND('',#2756,.T.);
#2756=EDGE_LOOP('',(#2757,#2758,#2759));
#2757=ORIENTED_EDGE('',*,*,#2760,.T.);
#2758=ORIENTED_EDGE('',*,*,#2761,.T.);
#2759=ORIENTED_EDGE('',*,*,#2762,.T.);
#2760=EDGE_CURVE('',#69,#223,#2763,.F.);
#2761=EDGE_CURVE('',#223,#61,#2764,.T.);
#2762=EDGE_CURVE('',#61,#69,#2765,.T.);
#2763=LINE('',#68,#2766);
#2764=LINE('',#222,#2767);
#2765=LINE('',#60,#2768);
#2766=VECTOR('',#2769,1.0);
#2767=VECTOR('',#2770,1.0);
#2768=VECTOR('',#2771,1.0);
#2769=DIRECTION('',(-0.3011402226492125,0.949244136383095,0.09083025842248117));
#2770=DIRECTION('',(0.788966920092673,-0.586931253003781,-0.18177707019009154));
#2771=DIRECTION('',(-0.14050536258080046,-0.9900799175248621,0));
#2772=FACE_SURFACE('',(#2777),#2773,.T.);
#2773=PLANE('',#2774);
#2774=AXIS2_PLACEMENT_3D('',#46,#2775,#2776);
#2775=DIRECTION('',(0.7518008935768208,-0.6593901852599066,0));
#2776=DIRECTION('',(0.6593901852599066,0.7518008935768208,0));
#2777=FACE_BOUND('',#2778,.T.);
#2778=EDGE_LOOP('',(#2779,#2780,#2781));
#2779=ORIENTED_EDGE('',*,*,#2782,.T.);
#2780=ORIENTED_EDGE('',*,*,#2783,.T.);
#2781=ORIENTED_EDGE('',*,*,#2784,.T.);
#2782=EDGE_CURVE('',#47,#63,#2785,.F.);
#2783=EDGE_CURVE('',#63,#237,#2786,.T.);
#2784=EDGE_CURVE('',#237,#47,#2787,.T.);
#2785=LINE('',#46,#2788);
#2786=LINE('',#62,#2789);
#2787=LINE('',#236,#2790);
#2788=VECTOR('',#2791,1.0);
#2789=VECTOR('',#2792,1.0);
#2790=VECTOR('',#2793,1.0);
#2791=DIRECTION('',(0.6593901852599066,0.7518008935768208,0));
#2792=DIRECTION('',(-0.043044415152040674,-0.04907690544717527,0.9978670430853741));
#2793=DIRECTION('',(0,0,-1));
#2794=FACE_SURFACE('',(#2799),#2795,.T.);
#2795=PLANE('',#2796);
#2796=AXIS2_PLACEMENT_3D('',#234,#2797,#2798);
#2797=DIRECTION('',(0.7518008935768208,-0.6593901852599066,0));
#2798=DIRECTION('',(-0.6593901852599066,-0.7518008935768208,0));
#2799=FACE_BOUND('',#2800,.T.);
#2800=EDGE_LOOP('',(#2801,#2802,#2803));
#2801=ORIENTED_EDGE('',*,*,#2804,.T.);
#2802=ORIENTED_EDGE('',*,*,#2805,.T.);
#2803=ORIENTED_EDGE('',*,*,#2806,.T.);
#2804=EDGE_CURVE('',#235,#237,#2807,.F.);
#2805=EDGE_CURVE('',#237,#63,#2808,.T.);
#2806=EDGE_CURVE('',#63,#235,#2809,.T.);
#2807=LINE('',#234,#2810);
#2808=LINE('',#236,#2811);
#2809=LINE('',#62,#2812);
#2810=VECTOR('',#2813,1.0);
#2811=VECTOR('',#2814,1.0);
#2812=VECTOR('',#2815,1.0);
#2813=DIRECTION('',(-0.6593901852599066,-0.7518008935768208,0));
#2814=DIRECTION('',(0.043044415152040674,0.04907690544717527,-0.9978670430853741));
#2815=DIRECTION('',(0,0,1));
#2816=FACE_SURFACE('',(#2821),#2817,.T.);
#2817=PLANE('',#2818);
#2818=AXIS2_PLACEMENT_3D('',#200,#2819,#2820);
#2819=DIRECTION('',(0,1,0));
#2820=DIRECTION('',(0,0,-1));
#2821=FACE_BOUND('',#2822,.T.);
#2822=EDGE_LOOP('',(#2823,#2824,#2825));
#2823=ORIENTED_EDGE('',*,*,#2826,.T.);
#2824=ORIENTED_EDGE('',*,*,#2827,.T.);
#2825=ORIENTED_EDGE('',*,*,#2828,.T.);
#2826=EDGE_CURVE('',#201,#199,#2829,.F.);
#2827=EDGE_CURVE('',#199,#93,#2830,.T.);
#2828=EDGE_CURVE('',#93,#201,#2831,.T.);
#2829=LINE('',#200,#2832);
#2830=LINE('',#198,#2833);
#2831=LINE('',#92,#2834);
#2832=VECTOR('',#2835,1.0);
#2833=VECTOR('',#2836,1.0);
#2834=VECTOR('',#2837,1.0);
#2835=DIRECTION('',(0,0,-1));
#2836=DIRECTION('',(-0.29891706687568365,0,0.9542790928918217));
#2837=DIRECTION('',(1,0,0));
#2838=FACE_SURFACE('',(#2843),#2839,.T.);
#2839=PLANE('',#2840);
#2840=AXIS2_PLACEMENT_3D('',#238,#2841,#2842);
#2841=DIRECTION('',(0,0,-1));
#2842=DIRECTION('',(0.44276020644325736,0.8966400613347164,0));
#2843=FACE_BOUND('',#2844,.T.);
#2844=EDGE_LOOP('',(#2845,#2846,#2847));
#2845=ORIENTED_EDGE('',*,*,#2848,.T.);
#2846=ORIENTED_EDGE('',*,*,#2849,.T.);
#2847=ORIENTED_EDGE('',*,*,#2850,.T.);
#2848=EDGE_CURVE('',#239,#121,#2851,.F.);
#2849=EDGE_CURVE('',#121,#87,#2852,.T.);
#2850=EDGE_CURVE('',#87,#239,#2853,.T.);
#2851=LINE('',#238,#2854);
#2852=LINE('',#120,#2855);
#2853=LINE('',#86,#2856);
#2854=VECTOR('',#2857,1.0);
#2855=VECTOR('',#2858,1.0);
#2856=VECTOR('',#2859,1.0);
#2857=DIRECTION('',(0.44276020644325736,0.8966400613347164,0));
#2858=DIRECTION('',(0.5996358221618695,-0.8002730039057039,0));
#2859=DIRECTION('',(-0.7489247289535883,0.6626550764627056,0));
#2860=FACE_SURFACE('',(#2865),#2861,.T.);
#2861=PLANE('',#2862);
#2862=AXIS2_PLACEMENT_3D('',#214,#2863,#2864);
#2863=DIRECTION('',(0,-0,-1));
#2864=DIRECTION('',(0.4565636362208089,-0.8896907586801344,0));
#2865=FACE_BOUND('',#2866,.T.);
#2866=EDGE_LOOP('',(#2867,#2868,#2869));
#2867=ORIENTED_EDGE('',*,*,#2870,.T.);
#2868=ORIENTED_EDGE('',*,*,#2871,.T.);
#2869=ORIENTED_EDGE('',*,*,#2872,.T.);
#2870=EDGE_CURVE('',#215,#87,#2873,.F.);
#2871=EDGE_CURVE('',#87,#121,#2874,.T.);
#2872=EDGE_CURVE('',#121,#215,#2875,.T.);
#2873=LINE('',#214,#2876);
#2874=LINE('',#86,#2877);
#2875=LINE('',#120,#2878);
#2876=VECTOR('',#2879,1.0);
#2877=VECTOR('',#2880,1.0);
#2878=VECTOR('',#2881,1.0);
#2879=DIRECTION('',(0.4565636362208089,-0.8896907586801344,0));
#2880=DIRECTION('',(-0.5996358221618695,0.8002730039057039,0));
#2881=DIRECTION('',(0.6356521110935562,0.7719756431794368,0));
#2882=FACE_SURFACE('',(#2887),#2883,.T.);
#2883=PLANE('',#2884);
#2884=AXIS2_PLACEMENT_3D('',#118,#2885,#2886);
#2885=DIRECTION('',(0,-0,-1));
#2886=DIRECTION('',(0.004641238966995608,-0.9999892293924226,0));
#2887=FACE_BOUND('',#2888,.T.);
#2888=EDGE_LOOP('',(#2889,#2890,#2891));
#2889=ORIENTED_EDGE('',*,*,#2892,.T.);
#2890=ORIENTED_EDGE('',*,*,#2893,.T.);
#2891=ORIENTED_EDGE('',*,*,#2894,.T.);
#2892=EDGE_CURVE('',#119,#215,#2895,.F.);
#2893=EDGE_CURVE('',#215,#121,#2896,.T.);
#2894=EDGE_CURVE('',#121,#119,#2897,.T.);
#2895=LINE('',#118,#2898);
#2896=LINE('',#214,#2899);
#2897=LINE('',#120,#2900);
#2898=VECTOR('',#2901,1.0);
#2899=VECTOR('',#2902,1.0);
#2900=VECTOR('',#2903,1.0);
#2901=DIRECTION('',(0.004641238966995608,-0.9999892293924226,0));
#2902=DIRECTION('',(-0.6356521110935562,-0.7719756431794368,0));
#2903=DIRECTION('',(0.5555020403625494,0.8315151731345884,0));
#2904=FACE_SURFACE('',(#2909),#2905,.T.);
#2905=PLANE('',#2906);
#2906=AXIS2_PLACEMENT_3D('',#176,#2907,#2908);
#2907=DIRECTION('',(0.26006598325096336,-0.9655908472824862,0));
#2908=DIRECTION('',(0,0,1));
#2909=FACE_BOUND('',#2910,.T.);
#2910=EDGE_LOOP('',(#2911,#2912,#2913));
#2911=ORIENTED_EDGE('',*,*,#2914,.T.);
#2912=ORIENTED_EDGE('',*,*,#2915,.T.);
#2913=ORIENTED_EDGE('',*,*,#2916,.T.);
#2914=EDGE_CURVE('',#177,#165,#2917,.F.);
#2915=EDGE_CURVE('',#165,#241,#2918,.T.);
#2916=EDGE_CURVE('',#241,#177,#2919,.T.);
#2917=LINE('',#176,#2920);
#2918=LINE('',#164,#2921);
#2919=LINE('',#240,#2922);
#2920=VECTOR('',#2923,1.0);
#2921=VECTOR('',#2924,1.0);
#2922=VECTOR('',#2925,1.0);
#2923=DIRECTION('',(0,0,1));
#2924=DIRECTION('',(-0.09331122660042306,-0.02513184125811527,-0.9953197504045126));
#2925=DIRECTION('',(0.9655908472824862,0.26006598325096336,0));
#2926=FACE_SURFACE('',(#2931),#2927,.T.);
#2927=PLANE('',#2928);
#2928=AXIS2_PLACEMENT_3D('',#54,#2929,#2930);
#2929=DIRECTION('',(0.26006598325096336,-0.9655908472824862,0));
#2930=DIRECTION('',(0,0,-1));
#2931=FACE_BOUND('',#2932,.T.);
#2932=EDGE_LOOP('',(#2933,#2934,#2935));
#2933=ORIENTED_EDGE('',*,*,#2936,.T.);
#2934=ORIENTED_EDGE('',*,*,#2937,.T.);
#2935=ORIENTED_EDGE('',*,*,#2938,.T.);
#2936=EDGE_CURVE('',#55,#241,#2939,.F.);
#2937=EDGE_CURVE('',#241,#165,#2940,.T.);
#2938=EDGE_CURVE('',#165,#55,#2941,.T.);
#2939=LINE('',#54,#2942);
#2940=LINE('',#240,#2943);
#2941=LINE('',#164,#2944);
#2942=VECTOR('',#2945,1.0);
#2943=VECTOR('',#2946,1.0);
#2944=VECTOR('',#2947,1.0);
#2945=DIRECTION('',(0,0,-1));
#2946=DIRECTION('',(0.09331122660042306,0.02513184125811527,0.9953197504045126));
#2947=DIRECTION('',(-0.9655908472824862,-0.26006598325096336,0));
#2948=FACE_SURFACE('',(#2953),#2949,.T.);
#2949=PLANE('',#2950);
#2950=AXIS2_PLACEMENT_3D('',#236,#2951,#2952);
#2951=DIRECTION('',(0.6593894822449515,-0.7518015101772108,0));
#2952=DIRECTION('',(-0.7518015101772108,-0.6593894822449515,0));
#2953=FACE_BOUND('',#2954,.T.);
#2954=EDGE_LOOP('',(#2955,#2956,#2957));
#2955=ORIENTED_EDGE('',*,*,#2958,.T.);
#2956=ORIENTED_EDGE('',*,*,#2959,.T.);
#2957=ORIENTED_EDGE('',*,*,#2960,.T.);
#2958=EDGE_CURVE('',#237,#49,#2961,.F.);
#2959=EDGE_CURVE('',#49,#47,#2962,.T.);
#2960=EDGE_CURVE('',#47,#237,#2963,.T.);
#2961=LINE('',#236,#2964);
#2962=LINE('',#48,#2965);
#2963=LINE('',#46,#2966);
#2964=VECTOR('',#2967,1.0);
#2965=VECTOR('',#2968,1.0);
#2966=VECTOR('',#2969,1.0);
#2967=DIRECTION('',(-0.7518015101772108,-0.6593894822449515,0));
#2968=DIRECTION('',(0.04907694869074023,0.04304437188443706,-0.9978670428249852));
#2969=DIRECTION('',(0,0,1));
#2970=FACE_SURFACE('',(#2975),#2971,.T.);
#2971=PLANE('',#2972);
#2972=AXIS2_PLACEMENT_3D('',#58,#2973,#2974);
#2973=DIRECTION('',(0.5555018594767054,-0.83151529397716,0));
#2974=DIRECTION('',(0.05424778259457089,0.03624075747258586,0.9978696235387594));
#2975=FACE_BOUND('',#2976,.T.);
#2976=EDGE_LOOP('',(#2977,#2978,#2979));
#2977=ORIENTED_EDGE('',*,*,#2980,.T.);
#2978=ORIENTED_EDGE('',*,*,#2981,.T.);
#2979=ORIENTED_EDGE('',*,*,#2982,.T.);
#2980=EDGE_CURVE('',#59,#49,#2983,.F.);
#2981=EDGE_CURVE('',#49,#243,#2984,.T.);
#2982=EDGE_CURVE('',#243,#59,#2985,.T.);
#2983=LINE('',#58,#2986);
#2984=LINE('',#48,#2987);
#2985=LINE('',#242,#2988);
#2986=VECTOR('',#2989,1.0);
#2987=VECTOR('',#2990,1.0);
#2988=VECTOR('',#2991,1.0);
#2989=DIRECTION('',(0.05424778259457089,0.03624075747258586,0.9978696235387594));
#2990=DIRECTION('',(-0.8315152939771598,-0.5555018594767054,0));
#2991=DIRECTION('',(0,0,-1));
#2992=FACE_SURFACE('',(#2997),#2993,.T.);
#2993=PLANE('',#2994);
#2994=AXIS2_PLACEMENT_3D('',#52,#2995,#2996);
#2995=DIRECTION('',(0.7064634326485696,-0.7077495449171267,0));
#2996=DIRECTION('',(0,0,-1));
#2997=FACE_BOUND('',#2998,.T.);
#2998=EDGE_LOOP('',(#2999,#3000,#3001));
#2999=ORIENTED_EDGE('',*,*,#3002,.T.);
#3000=ORIENTED_EDGE('',*,*,#3003,.T.);
#3001=ORIENTED_EDGE('',*,*,#3004,.T.);
#3002=EDGE_CURVE('',#53,#245,#3005,.F.);
#3003=EDGE_CURVE('',#245,#55,#3006,.T.);
#3004=EDGE_CURVE('',#55,#53,#3007,.T.);
#3005=LINE('',#52,#3008);
#3006=LINE('',#244,#3009);
#3007=LINE('',#54,#3010);
#3008=VECTOR('',#3011,1.0);
#3009=VECTOR('',#3012,1.0);
#3010=VECTOR('',#3013,1.0);
#3011=DIRECTION('',(0,0,-1));
#3012=DIRECTION('',(0.06842782234761581,0.06830347629545097,0.995315160265692));
#3013=DIRECTION('',(-0.7077495449171267,-0.7064634326485696,0));
#3014=FACE_SURFACE('',(#3019),#3015,.T.);
#3015=PLANE('',#3016);
#3016=AXIS2_PLACEMENT_3D('',#240,#3017,#3018);
#3017=DIRECTION('',(0.7064634326485696,-0.7077495449171267,0));
#3018=DIRECTION('',(0,0,1));
#3019=FACE_BOUND('',#3020,.T.);
#3020=EDGE_LOOP('',(#3021,#3022,#3023));
#3021=ORIENTED_EDGE('',*,*,#3024,.T.);
#3022=ORIENTED_EDGE('',*,*,#3025,.T.);
#3023=ORIENTED_EDGE('',*,*,#3026,.T.);
#3024=EDGE_CURVE('',#241,#55,#3027,.F.);
#3025=EDGE_CURVE('',#55,#245,#3028,.T.);
#3026=EDGE_CURVE('',#245,#241,#3029,.T.);
#3027=LINE('',#240,#3030);
#3028=LINE('',#54,#3031);
#3029=LINE('',#244,#3032);
#3030=VECTOR('',#3033,1.0);
#3031=VECTOR('',#3034,1.0);
#3032=VECTOR('',#3035,1.0);
#3033=DIRECTION('',(0,0,1));
#3034=DIRECTION('',(-0.06842782234761581,-0.06830347629545097,-0.995315160265692));
#3035=DIRECTION('',(0.7077495449171267,0.7064634326485696,0));
#3036=FACE_SURFACE('',(#3041),#3037,.T.);
#3037=PLANE('',#3038);
#3038=AXIS2_PLACEMENT_3D('',#246,#3039,#3040);
#3039=DIRECTION('',(-0.5555018594767054,-0.83151529397716,-0));
#3040=DIRECTION('',(0,0,-1));
#3041=FACE_BOUND('',#3042,.T.);
#3042=EDGE_LOOP('',(#3043,#3044,#3045));
#3043=ORIENTED_EDGE('',*,*,#3046,.T.);
#3044=ORIENTED_EDGE('',*,*,#3047,.T.);
#3045=ORIENTED_EDGE('',*,*,#3048,.T.);
#3046=EDGE_CURVE('',#247,#101,#3049,.F.);
#3047=EDGE_CURVE('',#101,#103,#3050,.T.);
#3048=EDGE_CURVE('',#103,#247,#3051,.T.);
#3049=LINE('',#246,#3052);
#3050=LINE('',#100,#3053);
#3051=LINE('',#102,#3054);
#3052=VECTOR('',#3055,1.0);
#3053=VECTOR('',#3056,1.0);
#3054=VECTOR('',#3057,1.0);
#3055=DIRECTION('',(0,0,-1));
#3056=DIRECTION('',(0.8315152939771598,-0.5555018594767054,0));
#3057=DIRECTION('',(-0.05424778259457089,0.03624075747258586,0.9978696235387594));
#3058=FACE_SURFACE('',(#3063),#3059,.T.);
#3059=PLANE('',#3060);
#3060=AXIS2_PLACEMENT_3D('',#82,#3061,#3062);
#3061=DIRECTION('',(0,0,-1));
#3062=DIRECTION('',(-0.635652273763925,0.7719755092350743,0));
#3063=FACE_BOUND('',#3064,.T.);
#3064=EDGE_LOOP('',(#3065,#3066,#3067));
#3065=ORIENTED_EDGE('',*,*,#3068,.T.);
#3066=ORIENTED_EDGE('',*,*,#3069,.T.);
#3067=ORIENTED_EDGE('',*,*,#3070,.T.);
#3068=EDGE_CURVE('',#83,#81,#3071,.F.);
#3069=EDGE_CURVE('',#81,#87,#3072,.T.);
#3070=EDGE_CURVE('',#87,#83,#3073,.T.);
#3071=LINE('',#82,#3074);
#3072=LINE('',#80,#3075);
#3073=LINE('',#86,#3076);
#3074=VECTOR('',#3077,1.0);
#3075=VECTOR('',#3078,1.0);
#3076=VECTOR('',#3079,1.0);
#3077=DIRECTION('',(-0.635652273763925,0.7719755092350743,0));
#3078=DIRECTION('',(0.5996358221618695,0.8002730039057039,0));
#3079=DIRECTION('',(-0.4565636595202031,-0.8896907467235567,0));
#3080=FACE_SURFACE('',(#3085),#3081,.T.);
#3081=PLANE('',#3082);
#3082=AXIS2_PLACEMENT_3D('',#248,#3083,#3084);
#3083=DIRECTION('',(0,0,-1));
#3084=DIRECTION('',(0.8779182757431102,0.4788105064806371,0));
#3085=FACE_BOUND('',#3086,.T.);
#3086=EDGE_LOOP('',(#3087,#3088,#3089));
#3087=ORIENTED_EDGE('',*,*,#3090,.T.);
#3088=ORIENTED_EDGE('',*,*,#3091,.T.);
#3089=ORIENTED_EDGE('',*,*,#3092,.T.);
#3090=EDGE_CURVE('',#249,#87,#3093,.F.);
#3091=EDGE_CURVE('',#87,#85,#3094,.T.);
#3092=EDGE_CURVE('',#85,#249,#3095,.T.);
#3093=LINE('',#248,#3096);
#3094=LINE('',#86,#3097);
#3095=LINE('',#84,#3098);
#3096=VECTOR('',#3099,1.0);
#3097=VECTOR('',#3100,1.0);
#3098=VECTOR('',#3101,1.0);
#3099=DIRECTION('',(0.8779182757431102,0.4788105064806371,0));
#3100=DIRECTION('',(-0.7489247289535883,-0.6626550764627056,0));
#3101=DIRECTION('',(-0.3210169170795148,0.947073460164925,0));
#3102=FACE_SURFACE('',(#3107),#3103,.T.);
#3103=PLANE('',#3104);
#3104=AXIS2_PLACEMENT_3D('',#248,#3105,#3106);
#3105=DIRECTION('',(0,0,-1));
#3106=DIRECTION('',(-0.19531285129612574,0.9807409903326042,0));
#3107=FACE_BOUND('',#3108,.T.);
#3108=EDGE_LOOP('',(#3109,#3110,#3111));
#3109=ORIENTED_EDGE('',*,*,#3112,.T.);
#3110=ORIENTED_EDGE('',*,*,#3113,.T.);
#3111=ORIENTED_EDGE('',*,*,#3114,.T.);
#3112=EDGE_CURVE('',#249,#251,#3115,.F.);
#3113=EDGE_CURVE('',#251,#87,#3116,.T.);
#3114=EDGE_CURVE('',#87,#249,#3117,.T.);
#3115=LINE('',#248,#3118);
#3116=LINE('',#250,#3119);
#3117=LINE('',#86,#3120);
#3118=VECTOR('',#3121,1.0);
#3119=VECTOR('',#3122,1.0);
#3120=VECTOR('',#3123,1.0);
#3121=DIRECTION('',(-0.19531285129612574,0.9807409903326042,0));
#3122=DIRECTION('',(0.9675771503814359,0.25257564819226,0));
#3123=DIRECTION('',(-0.8779182757431102,-0.4788105064806371,0));
#3124=FACE_SURFACE('',(#3129),#3125,.T.);
#3125=PLANE('',#3126);
#3126=AXIS2_PLACEMENT_3D('',#250,#3127,#3128);
#3127=DIRECTION('',(0,0,-1));
#3128=DIRECTION('',(-0.06532104381086938,0.9978643000105066,0));
#3129=FACE_BOUND('',#3130,.T.);
#3130=EDGE_LOOP('',(#3131,#3132,#3133));
#3131=ORIENTED_EDGE('',*,*,#3134,.T.);
#3132=ORIENTED_EDGE('',*,*,#3135,.T.);
#3133=ORIENTED_EDGE('',*,*,#3136,.T.);
#3134=EDGE_CURVE('',#251,#253,#3137,.F.);
#3135=EDGE_CURVE('',#253,#87,#3138,.T.);
#3136=EDGE_CURVE('',#87,#251,#3139,.T.);
#3137=LINE('',#250,#3140);
#3138=LINE('',#252,#3141);
#3139=LINE('',#86,#3142);
#3140=VECTOR('',#3143,1.0);
#3141=VECTOR('',#3144,1.0);
#3142=VECTOR('',#3145,1.0);
#3143=DIRECTION('',(-0.06532104381086938,0.9978643000105066,0));
#3144=DIRECTION('',(1,0,0));
#3145=DIRECTION('',(-0.9675771503814359,-0.25257564819226,0));
#3146=FACE_SURFACE('',(#3151),#3147,.T.);
#3147=PLANE('',#3148);
#3148=AXIS2_PLACEMENT_3D('',#252,#3149,#3150);
#3149=DIRECTION('',(0,0,-1));
#3150=DIRECTION('',(0.06532104381086938,0.9978643000105066,0));
#3151=FACE_BOUND('',#3152,.T.);
#3152=EDGE_LOOP('',(#3153,#3154,#3155));
#3153=ORIENTED_EDGE('',*,*,#3156,.T.);
#3154=ORIENTED_EDGE('',*,*,#3157,.T.);
#3155=ORIENTED_EDGE('',*,*,#3158,.T.);
#3156=EDGE_CURVE('',#253,#255,#3159,.F.);
#3157=EDGE_CURVE('',#255,#87,#3160,.T.);
#3158=EDGE_CURVE('',#87,#253,#3161,.T.);
#3159=LINE('',#252,#3162);
#3160=LINE('',#254,#3163);
#3161=LINE('',#86,#3164);
#3162=VECTOR('',#3165,1.0);
#3163=VECTOR('',#3166,1.0);
#3164=VECTOR('',#3167,1.0);
#3165=DIRECTION('',(0.06532104381086938,0.9978643000105066,0));
#3166=DIRECTION('',(0.9675771503814359,-0.25257564819226,0));
#3167=DIRECTION('',(-1,0,0));
#3168=FACE_SURFACE('',(#3173),#3169,.T.);
#3169=PLANE('',#3170);
#3170=AXIS2_PLACEMENT_3D('',#256,#3171,#3172);
#3171=DIRECTION('',(0,-0,-1));
#3172=DIRECTION('',(0.8779182757431102,-0.4788105064806371,0));
#3173=FACE_BOUND('',#3174,.T.);
#3174=EDGE_LOOP('',(#3175,#3176,#3177));
#3175=ORIENTED_EDGE('',*,*,#3178,.T.);
#3176=ORIENTED_EDGE('',*,*,#3179,.T.);
#3177=ORIENTED_EDGE('',*,*,#3180,.T.);
#3178=EDGE_CURVE('',#257,#87,#3181,.F.);
#3179=EDGE_CURVE('',#87,#255,#3182,.T.);
#3180=EDGE_CURVE('',#255,#257,#3183,.T.);
#3181=LINE('',#256,#3184);
#3182=LINE('',#86,#3185);
#3183=LINE('',#254,#3186);
#3184=VECTOR('',#3187,1.0);
#3185=VECTOR('',#3188,1.0);
#3186=VECTOR('',#3189,1.0);
#3187=DIRECTION('',(0.8779182757431102,-0.4788105064806371,0));
#3188=DIRECTION('',(-0.9675771503814359,0.25257564819226,0));
#3189=DIRECTION('',(0.19531285129612574,0.9807409903326042,0));
#3190=FACE_SURFACE('',(#3195),#3191,.T.);
#3191=PLANE('',#3192);
#3192=AXIS2_PLACEMENT_3D('',#238,#3193,#3194);
#3193=DIRECTION('',(0,-0,-1));
#3194=DIRECTION('',(0.7489247289535883,-0.6626550764627056,0));
#3195=FACE_BOUND('',#3196,.T.);
#3196=EDGE_LOOP('',(#3197,#3198,#3199));
#3197=ORIENTED_EDGE('',*,*,#3200,.T.);
#3198=ORIENTED_EDGE('',*,*,#3201,.T.);
#3199=ORIENTED_EDGE('',*,*,#3202,.T.);
#3200=EDGE_CURVE('',#239,#87,#3203,.F.);
#3201=EDGE_CURVE('',#87,#257,#3204,.T.);
#3202=EDGE_CURVE('',#257,#239,#3205,.T.);
#3203=LINE('',#238,#3206);
#3204=LINE('',#86,#3207);
#3205=LINE('',#256,#3208);
#3206=VECTOR('',#3209,1.0);
#3207=VECTOR('',#3210,1.0);
#3208=VECTOR('',#3211,1.0);
#3209=DIRECTION('',(0.7489247289535883,-0.6626550764627056,0));
#3210=DIRECTION('',(-0.8779182757431102,0.4788105064806371,0));
#3211=DIRECTION('',(0.3210169170795148,0.947073460164925,0));
#3212=FACE_SURFACE('',(#3217),#3213,.T.);
#3213=PLANE('',#3214);
#3214=AXIS2_PLACEMENT_3D('',#100,#3215,#3216);
#3215=DIRECTION('',(-0.6593894822449515,-0.7518015101772108,0));
#3216=DIRECTION('',(-0.04907694869074023,0.04304437188443706,0.9978670428249852));
#3217=FACE_BOUND('',#3218,.T.);
#3218=EDGE_LOOP('',(#3219,#3220,#3221));
#3219=ORIENTED_EDGE('',*,*,#3222,.T.);
#3220=ORIENTED_EDGE('',*,*,#3223,.T.);
#3221=ORIENTED_EDGE('',*,*,#3224,.T.);
#3222=EDGE_CURVE('',#101,#91,#3225,.F.);
#3223=EDGE_CURVE('',#91,#105,#3226,.T.);
#3224=EDGE_CURVE('',#105,#101,#3227,.T.);
#3225=LINE('',#100,#3228);
#3226=LINE('',#90,#3229);
#3227=LINE('',#104,#3230);
#3228=VECTOR('',#3231,1.0);
#3229=VECTOR('',#3232,1.0);
#3230=VECTOR('',#3233,1.0);
#3231=DIRECTION('',(-0.04907694869074023,0.04304437188443706,0.9978670428249852));
#3232=DIRECTION('',(0,0,-1));
#3233=DIRECTION('',(0.7518015101772108,-0.6593894822449515,0));
#3234=FACE_SURFACE('',(#3239),#3235,.T.);
#3235=PLANE('',#3236);
#3236=AXIS2_PLACEMENT_3D('',#242,#3237,#3238);
#3237=DIRECTION('',(0.4427599432861998,-0.896640191281431,0));
#3238=DIRECTION('',(-0.8966401912814309,-0.4427599432861998,0));
#3239=FACE_BOUND('',#3240,.T.);
#3240=EDGE_LOOP('',(#3241,#3242,#3243));
#3241=ORIENTED_EDGE('',*,*,#3244,.T.);
#3242=ORIENTED_EDGE('',*,*,#3245,.T.);
#3243=ORIENTED_EDGE('',*,*,#3246,.T.);
#3244=EDGE_CURVE('',#243,#99,#3247,.F.);
#3245=EDGE_CURVE('',#99,#67,#3248,.T.);
#3246=EDGE_CURVE('',#67,#243,#3249,.T.);
#3247=LINE('',#242,#3250);
#3248=LINE('',#98,#3251);
#3249=LINE('',#66,#3252);
#3250=VECTOR('',#3253,1.0);
#3251=VECTOR('',#3254,1.0);
#3252=VECTOR('',#3255,1.0);
#3253=DIRECTION('',(-0.8966401912814309,-0.4427599432861998,0));
#3254=DIRECTION('',(0,0,-1));
#3255=DIRECTION('',(0.058511423858519575,0.028892876943390967,0.9978685359003875));
#3256=FACE_SURFACE('',(#3261),#3257,.T.);
#3257=PLANE('',#3258);
#3258=AXIS2_PLACEMENT_3D('',#242,#3259,#3260);
#3259=DIRECTION('',(0.4427599432861998,-0.896640191281431,0));
#3260=DIRECTION('',(-0.058511423858519575,-0.028892876943390967,-0.9978685359003875));
#3261=FACE_BOUND('',#3262,.T.);
#3262=EDGE_LOOP('',(#3263,#3264,#3265));
#3263=ORIENTED_EDGE('',*,*,#3266,.T.);
#3264=ORIENTED_EDGE('',*,*,#3267,.T.);
#3265=ORIENTED_EDGE('',*,*,#3268,.T.);
#3266=EDGE_CURVE('',#243,#67,#3269,.F.);
#3267=EDGE_CURVE('',#67,#59,#3270,.T.);
#3268=EDGE_CURVE('',#59,#243,#3271,.T.);
#3269=LINE('',#242,#3272);
#3270=LINE('',#66,#3273);
#3271=LINE('',#58,#3274);
#3272=VECTOR('',#3275,1.0);
#3273=VECTOR('',#3276,1.0);
#3274=VECTOR('',#3277,1.0);
#3275=DIRECTION('',(-0.058511423858519575,-0.028892876943390967,-0.9978685359003875));
#3276=DIRECTION('',(0.8966401912814309,0.4427599432861998,0));
#3277=DIRECTION('',(0,0,1));
#3278=FACE_SURFACE('',(#3283),#3279,.T.);
#3279=PLANE('',#3280);
#3280=AXIS2_PLACEMENT_3D('',#100,#3281,#3282);
#3281=DIRECTION('',(-0.6593894822449515,-0.7518015101772108,0));
#3282=DIRECTION('',(0,0,1));
#3283=FACE_BOUND('',#3284,.T.);
#3284=EDGE_LOOP('',(#3285,#3286,#3287));
#3285=ORIENTED_EDGE('',*,*,#3288,.T.);
#3286=ORIENTED_EDGE('',*,*,#3289,.T.);
#3287=ORIENTED_EDGE('',*,*,#3290,.T.);
#3288=EDGE_CURVE('',#101,#247,#3291,.F.);
#3289=EDGE_CURVE('',#247,#91,#3292,.T.);
#3290=EDGE_CURVE('',#91,#101,#3293,.T.);
#3291=LINE('',#100,#3294);
#3292=LINE('',#246,#3295);
#3293=LINE('',#90,#3296);
#3294=VECTOR('',#3297,1.0);
#3295=VECTOR('',#3298,1.0);
#3296=VECTOR('',#3299,1.0);
#3297=DIRECTION('',(0,0,1));
#3298=DIRECTION('',(-0.7518015101772108,0.6593894822449515,0));
#3299=DIRECTION('',(0.04907694869074023,-0.04304437188443706,-0.9978670428249852));
#3300=FACE_SURFACE('',(#3305),#3301,.T.);
#3301=PLANE('',#3302);
#3302=AXIS2_PLACEMENT_3D('',#176,#3303,#3304);
#3303=DIRECTION('',(0,0,1));
#3304=DIRECTION('',(-0.9655908472824862,-0.26006598325096336,0));
#3305=FACE_BOUND('',#3306,.T.);
#3306=EDGE_LOOP('',(#3307,#3308,#3309));
#3307=ORIENTED_EDGE('',*,*,#3310,.T.);
#3308=ORIENTED_EDGE('',*,*,#3311,.T.);
#3309=ORIENTED_EDGE('',*,*,#3312,.T.);
#3310=EDGE_CURVE('',#177,#241,#3313,.F.);
#3311=EDGE_CURVE('',#241,#199,#3314,.T.);
#3312=EDGE_CURVE('',#199,#177,#3315,.T.);
#3313=LINE('',#176,#3316);
#3314=LINE('',#240,#3317);
#3315=LINE('',#198,#3318);
#3316=VECTOR('',#3319,1.0);
#3317=VECTOR('',#3320,1.0);
#3318=VECTOR('',#3321,1.0);
#3319=DIRECTION('',(-0.9655908472824862,-0.26006598325096336,0));
#3320=DIRECTION('',(0.6903688783553209,-0.7234575397343067,0));
#3321=DIRECTION('',(-0.47823645552205385,0.8782311157148229,0));
#3322=FACE_SURFACE('',(#3327),#3323,.T.);
#3323=PLANE('',#3324);
#3324=AXIS2_PLACEMENT_3D('',#240,#3325,#3326);
#3325=DIRECTION('',(0,0,1));
#3326=DIRECTION('',(-0.7077495449171267,-0.7064634326485696,0));
#3327=FACE_BOUND('',#3328,.T.);
#3328=EDGE_LOOP('',(#3329,#3330,#3331));
#3329=ORIENTED_EDGE('',*,*,#3332,.T.);
#3330=ORIENTED_EDGE('',*,*,#3333,.T.);
#3331=ORIENTED_EDGE('',*,*,#3334,.T.);
#3332=EDGE_CURVE('',#241,#245,#3335,.F.);
#3333=EDGE_CURVE('',#245,#199,#3336,.T.);
#3334=EDGE_CURVE('',#199,#241,#3337,.T.);
#3335=LINE('',#240,#3338);
#3336=LINE('',#244,#3339);
#3337=LINE('',#198,#3340);
#3338=VECTOR('',#3341,1.0);
#3339=VECTOR('',#3342,1.0);
#3340=VECTOR('',#3343,1.0);
#3341=DIRECTION('',(-0.7077495449171267,-0.7064634326485696,0));
#3342=DIRECTION('',(0.8547925741222062,-0.518969801843549,0));
#3343=DIRECTION('',(-0.6903688783553209,0.7234575397343067,0));
#3344=FACE_SURFACE('',(#3349),#3345,.T.);
#3345=PLANE('',#3346);
#3346=AXIS2_PLACEMENT_3D('',#90,#3347,#3348);
#3347=DIRECTION('',(-0.7518008935768208,-0.6593901852599066,-0));
#3348=DIRECTION('',(-0.043044415152040674,0.04907690544717527,-0.9978670430853741));
#3349=FACE_BOUND('',#3350,.T.);
#3350=EDGE_LOOP('',(#3351,#3352,#3353));
#3351=ORIENTED_EDGE('',*,*,#3354,.T.);
#3352=ORIENTED_EDGE('',*,*,#3355,.T.);
#3353=ORIENTED_EDGE('',*,*,#3356,.T.);
#3354=EDGE_CURVE('',#91,#79,#3357,.F.);
#3355=EDGE_CURVE('',#79,#105,#3358,.T.);
#3356=EDGE_CURVE('',#105,#91,#3359,.T.);
#3357=LINE('',#90,#3360);
#3358=LINE('',#78,#3361);
#3359=LINE('',#104,#3362);
#3360=VECTOR('',#3363,1.0);
#3361=VECTOR('',#3364,1.0);
#3362=VECTOR('',#3365,1.0);
#3363=DIRECTION('',(-0.043044415152040674,0.04907690544717527,-0.9978670430853741));
#3364=DIRECTION('',(0.6593901852599066,-0.7518008935768208,0));
#3365=DIRECTION('',(0,0,1));
#3366=FACE_SURFACE('',(#3371),#3367,.T.);
#3367=PLANE('',#3368);
#3368=AXIS2_PLACEMENT_3D('',#186,#3369,#3370);
#3369=DIRECTION('',(0.19531409403813174,0.9807407428418908,0));
#3370=DIRECTION('',(-0.980740742841891,0.19531409403813174,0));
#3371=FACE_BOUND('',#3372,.T.);
#3372=EDGE_LOOP('',(#3373,#3374,#3375));
#3373=ORIENTED_EDGE('',*,*,#3376,.T.);
#3374=ORIENTED_EDGE('',*,*,#3377,.T.);
#3375=ORIENTED_EDGE('',*,*,#3378,.T.);
#3376=EDGE_CURVE('',#187,#193,#3379,.F.);
#3377=EDGE_CURVE('',#193,#163,#3380,.T.);
#3378=EDGE_CURVE('',#163,#187,#3381,.T.);
#3379=LINE('',#186,#3382);
#3380=LINE('',#192,#3383);
#3381=LINE('',#162,#3384);
#3382=VECTOR('',#3385,1.0);
#3383=VECTOR('',#3386,1.0);
#3384=VECTOR('',#3387,1.0);
#3385=DIRECTION('',(-0.980740742841891,0.19531409403813174,0));
#3386=DIRECTION('',(0,0,1));
#3387=DIRECTION('',(0.06399962696388814,-0.012745497982483001,-0.9978685284293025));
#3388=FACE_SURFACE('',(#3393),#3389,.T.);
#3389=PLANE('',#3390);
#3390=AXIS2_PLACEMENT_3D('',#258,#3391,#3392);
#3391=DIRECTION('',(0,1,0));
#3392=DIRECTION('',(0,0,1));
#3393=FACE_BOUND('',#3394,.T.);
#3394=EDGE_LOOP('',(#3395,#3396,#3397));
#3395=ORIENTED_EDGE('',*,*,#3398,.T.);
#3396=ORIENTED_EDGE('',*,*,#3399,.T.);
#3397=ORIENTED_EDGE('',*,*,#3400,.T.);
#3398=EDGE_CURVE('',#259,#93,#3401,.F.);
#3399=EDGE_CURVE('',#93,#199,#3402,.T.);
#3400=EDGE_CURVE('',#199,#259,#3403,.T.);
#3401=LINE('',#258,#3404);
#3402=LINE('',#92,#3405);
#3403=LINE('',#198,#3406);
#3404=VECTOR('',#3407,1.0);
#3405=VECTOR('',#3408,1.0);
#3406=VECTOR('',#3409,1.0);
#3407=DIRECTION('',(0,0,1));
#3408=DIRECTION('',(0.29891706687568365,0,-0.9542790928918217));
#3409=DIRECTION('',(-1,0,0));
#3410=FACE_SURFACE('',(#3415),#3411,.T.);
#3411=PLANE('',#3412);
#3412=AXIS2_PLACEMENT_3D('',#106,#3413,#3414);
#3413=DIRECTION('',(0.32101830727996045,-0.9470729889459992,0));
#3414=DIRECTION('',(0,0,-1));
#3415=FACE_BOUND('',#3416,.T.);
#3416=EDGE_LOOP('',(#3417,#3418,#3419));
#3417=ORIENTED_EDGE('',*,*,#3420,.T.);
#3418=ORIENTED_EDGE('',*,*,#3421,.T.);
#3419=ORIENTED_EDGE('',*,*,#3422,.T.);
#3420=EDGE_CURVE('',#107,#39,#3423,.F.);
#3421=EDGE_CURVE('',#39,#99,#3424,.T.);
#3422=EDGE_CURVE('',#99,#107,#3425,.T.);
#3423=LINE('',#106,#3426);
#3424=LINE('',#38,#3427);
#3425=LINE('',#98,#3428);
#3426=VECTOR('',#3429,1.0);
#3427=VECTOR('',#3430,1.0);
#3428=VECTOR('',#3431,1.0);
#3429=DIRECTION('',(0,0,-1));
#3430=DIRECTION('',(0.06182235945210682,0.020955205580781476,0.9978671631188399));
#3431=DIRECTION('',(-0.9470729889459992,-0.3210183072799605,0));
#3432=FACE_SURFACE('',(#3437),#3433,.T.);
#3433=PLANE('',#3434);
#3434=AXIS2_PLACEMENT_3D('',#94,#3435,#3436);
#3435=DIRECTION('',(0.9660854790720901,-0.258222476028037,0));
#3436=DIRECTION('',(0,0,-1));
#3437=FACE_BOUND('',#3438,.T.);
#3438=EDGE_LOOP('',(#3439,#3440,#3441));
#3439=ORIENTED_EDGE('',*,*,#3442,.T.);
#3440=ORIENTED_EDGE('',*,*,#3443,.T.);
#3441=ORIENTED_EDGE('',*,*,#3444,.T.);
#3442=EDGE_CURVE('',#95,#261,#3445,.F.);
#3443=EDGE_CURVE('',#261,#245,#3446,.T.);
#3444=EDGE_CURVE('',#245,#95,#3447,.T.);
#3445=LINE('',#94,#3448);
#3446=LINE('',#260,#3449);
#3447=LINE('',#244,#3450);
#3448=VECTOR('',#3451,1.0);
#3449=VECTOR('',#3452,1.0);
#3450=VECTOR('',#3453,1.0);
#3451=DIRECTION('',(0,0,-1));
#3452=DIRECTION('',(0.258222476028037,0.9660854790720901,0));
#3453=DIRECTION('',(-0.025006931806422023,-0.09355821408709293,0.995299710609052));
#3454=FACE_SURFACE('',(#3459),#3455,.T.);
#3455=PLANE('',#3456);
#3456=AXIS2_PLACEMENT_3D('',#94,#3457,#3458);
#3457=DIRECTION('',(0.9660854790720901,-0.258222476028037,0));
#3458=DIRECTION('',(0.025006931806422023,0.09355821408709293,-0.995299710609052));
#3459=FACE_BOUND('',#3460,.T.);
#3460=EDGE_LOOP('',(#3461,#3462,#3463));
#3461=ORIENTED_EDGE('',*,*,#3464,.T.);
#3462=ORIENTED_EDGE('',*,*,#3465,.T.);
#3463=ORIENTED_EDGE('',*,*,#3466,.T.);
#3464=EDGE_CURVE('',#95,#245,#3467,.F.);
#3465=EDGE_CURVE('',#245,#53,#3468,.T.);
#3466=EDGE_CURVE('',#53,#95,#3469,.T.);
#3467=LINE('',#94,#3470);
#3468=LINE('',#244,#3471);
#3469=LINE('',#52,#3472);
#3470=VECTOR('',#3473,1.0);
#3471=VECTOR('',#3474,1.0);
#3472=VECTOR('',#3475,1.0);
#3473=DIRECTION('',(0.025006931806422023,0.09355821408709293,-0.995299710609052));
#3474=DIRECTION('',(0,0,1));
#3475=DIRECTION('',(-0.258222476028037,-0.9660854790720901,0));
#3476=FACE_SURFACE('',(#3481),#3477,.T.);
#3477=PLANE('',#3478);
#3478=AXIS2_PLACEMENT_3D('',#34,#3479,#3480);
#3479=DIRECTION('',(0.19531425343358508,-0.9807407110983418,0));
#3480=DIRECTION('',(0.9807407110983418,0.19531425343358505,0));
#3481=FACE_BOUND('',#3482,.T.);
#3482=EDGE_LOOP('',(#3483,#3484,#3485));
#3483=ORIENTED_EDGE('',*,*,#3486,.T.);
#3484=ORIENTED_EDGE('',*,*,#3487,.T.);
#3485=ORIENTED_EDGE('',*,*,#3488,.T.);
#3486=EDGE_CURVE('',#35,#39,#3489,.F.);
#3487=EDGE_CURVE('',#39,#109,#3490,.T.);
#3488=EDGE_CURVE('',#109,#35,#3491,.T.);
#3489=LINE('',#34,#3492);
#3490=LINE('',#38,#3493);
#3491=LINE('',#108,#3494);
#3492=VECTOR('',#3495,1.0);
#3493=VECTOR('',#3496,1.0);
#3494=VECTOR('',#3497,1.0);
#3495=DIRECTION('',(0.9807407110983418,0.19531425343358505,0));
#3496=DIRECTION('',(-0.06399962695506697,-0.012745508794835209,0.997868528291765));
#3497=DIRECTION('',(0,0,-1));
#3498=FACE_SURFACE('',(#3503),#3499,.T.);
#3499=PLANE('',#3500);
#3500=AXIS2_PLACEMENT_3D('',#200,#3501,#3502);
#3501=DIRECTION('',(0,0,1));
#3502=DIRECTION('',(-1,0,0));
#3503=FACE_BOUND('',#3504,.T.);
#3504=EDGE_LOOP('',(#3505,#3506,#3507));
#3505=ORIENTED_EDGE('',*,*,#3508,.T.);
#3506=ORIENTED_EDGE('',*,*,#3509,.T.);
#3507=ORIENTED_EDGE('',*,*,#3510,.T.);
#3508=EDGE_CURVE('',#201,#93,#3511,.F.);
#3509=EDGE_CURVE('',#93,#129,#3512,.T.);
#3510=EDGE_CURVE('',#129,#201,#3513,.T.);
#3511=LINE('',#200,#3514);
#3512=LINE('',#92,#3515);
#3513=LINE('',#128,#3516);
#3514=VECTOR('',#3517,1.0);
#3515=VECTOR('',#3518,1.0);
#3516=VECTOR('',#3519,1.0);
#3517=DIRECTION('',(-1,0,0));
#3518=DIRECTION('',(0.12133210450607981,-0.9926119687048538,0));
#3519=DIRECTION('',(0.12134047597944188,0.9926109453804559,0));
#3520=FACE_SURFACE('',(#3525),#3521,.T.);
#3521=PLANE('',#3522);
#3522=AXIS2_PLACEMENT_3D('',#108,#3523,#3524);
#3523=DIRECTION('',(0,0,1));
#3524=DIRECTION('',(-0.018016223628728557,0.99983769467157,0));
#3525=FACE_BOUND('',#3526,.T.);
#3526=EDGE_LOOP('',(#3527,#3528,#3529));
#3527=ORIENTED_EDGE('',*,*,#3530,.T.);
#3528=ORIENTED_EDGE('',*,*,#3531,.T.);
#3529=ORIENTED_EDGE('',*,*,#3532,.T.);
#3530=EDGE_CURVE('',#109,#201,#3533,.F.);
#3531=EDGE_CURVE('',#201,#129,#3534,.T.);
#3532=EDGE_CURVE('',#129,#109,#3535,.T.);
#3533=LINE('',#108,#3536);
#3534=LINE('',#200,#3537);
#3535=LINE('',#128,#3538);
#3536=VECTOR('',#3539,1.0);
#3537=VECTOR('',#3540,1.0);
#3538=VECTOR('',#3541,1.0);
#3539=DIRECTION('',(-0.018016223628728557,0.99983769467157,0));
#3540=DIRECTION('',(-0.12134047597944188,-0.9926109453804559,0));
#3541=DIRECTION('',(0.9978643892288098,0.06531968087042447,0));
#3542=FACE_SURFACE('',(#3547),#3543,.T.);
#3543=PLANE('',#3544);
#3544=AXIS2_PLACEMENT_3D('',#106,#3545,#3546);
#3545=DIRECTION('',(0,0,1));
#3546=DIRECTION('',(-0.15935519208785462,0.9872213139689817,0));
#3547=FACE_BOUND('',#3548,.T.);
#3548=EDGE_LOOP('',(#3549,#3550,#3551));
#3549=ORIENTED_EDGE('',*,*,#3552,.T.);
#3550=ORIENTED_EDGE('',*,*,#3553,.T.);
#3551=ORIENTED_EDGE('',*,*,#3554,.T.);
#3552=EDGE_CURVE('',#107,#201,#3555,.F.);
#3553=EDGE_CURVE('',#201,#109,#3556,.T.);
#3554=EDGE_CURVE('',#109,#107,#3557,.T.);
#3555=LINE('',#106,#3558);
#3556=LINE('',#200,#3559);
#3557=LINE('',#108,#3560);
#3558=VECTOR('',#3561,1.0);
#3559=VECTOR('',#3562,1.0);
#3560=VECTOR('',#3563,1.0);
#3561=DIRECTION('',(-0.15935519208785462,0.9872213139689817,0));
#3562=DIRECTION('',(0.018016223628728557,-0.99983769467157,0));
#3563=DIRECTION('',(0.9807407110983418,0.19531425343358505,0));
#3564=FACE_SURFACE('',(#3569),#3565,.T.);
#3565=PLANE('',#3566);
#3566=AXIS2_PLACEMENT_3D('',#98,#3567,#3568);
#3567=DIRECTION('',(0,0,1));
#3568=DIRECTION('',(-0.2997001558808911,0.9540334462506908,0));
#3569=FACE_BOUND('',#3570,.T.);
#3570=EDGE_LOOP('',(#3571,#3572,#3573));
#3571=ORIENTED_EDGE('',*,*,#3574,.T.);
#3572=ORIENTED_EDGE('',*,*,#3575,.T.);
#3573=ORIENTED_EDGE('',*,*,#3576,.T.);
#3574=EDGE_CURVE('',#99,#201,#3577,.F.);
#3575=EDGE_CURVE('',#201,#107,#3578,.T.);
#3576=EDGE_CURVE('',#107,#99,#3579,.T.);
#3577=LINE('',#98,#3580);
#3578=LINE('',#200,#3581);
#3579=LINE('',#106,#3582);
#3580=VECTOR('',#3583,1.0);
#3581=VECTOR('',#3584,1.0);
#3582=VECTOR('',#3585,1.0);
#3583=DIRECTION('',(-0.2997001558808911,0.9540334462506908,0));
#3584=DIRECTION('',(0.15935519208785462,-0.9872213139689817,0));
#3585=DIRECTION('',(0.9470729889459992,0.3210183072799605,0));
#3586=FACE_SURFACE('',(#3591),#3587,.T.);
#3587=PLANE('',#3588);
#3588=AXIS2_PLACEMENT_3D('',#242,#3589,#3590);
#3589=DIRECTION('',(0,0,1));
#3590=DIRECTION('',(-0.43560667812382053,0.9001371128744389,0));
#3591=FACE_BOUND('',#3592,.T.);
#3592=EDGE_LOOP('',(#3593,#3594,#3595));
#3593=ORIENTED_EDGE('',*,*,#3596,.T.);
#3594=ORIENTED_EDGE('',*,*,#3597,.T.);
#3595=ORIENTED_EDGE('',*,*,#3598,.T.);
#3596=EDGE_CURVE('',#243,#201,#3599,.F.);
#3597=EDGE_CURVE('',#201,#99,#3600,.T.);
#3598=EDGE_CURVE('',#99,#243,#3601,.T.);
#3599=LINE('',#242,#3602);
#3600=LINE('',#200,#3603);
#3601=LINE('',#98,#3604);
#3602=VECTOR('',#3605,1.0);
#3603=VECTOR('',#3606,1.0);
#3604=VECTOR('',#3607,1.0);
#3605=DIRECTION('',(-0.43560667812382053,0.9001371128744389,0));
#3606=DIRECTION('',(0.2997001558808911,-0.9540334462506908,0));
#3607=DIRECTION('',(0.8966401912814309,0.4427599432861998,0));
#3608=FACE_SURFACE('',(#3613),#3609,.T.);
#3609=PLANE('',#3610);
#3610=AXIS2_PLACEMENT_3D('',#48,#3611,#3612);
#3611=DIRECTION('',(0,0,1));
#3612=DIRECTION('',(-0.5636292310685651,0.8260278989750032,0));
#3613=FACE_BOUND('',#3614,.T.);
#3614=EDGE_LOOP('',(#3615,#3616,#3617));
#3615=ORIENTED_EDGE('',*,*,#3618,.T.);
#3616=ORIENTED_EDGE('',*,*,#3619,.T.);
#3617=ORIENTED_EDGE('',*,*,#3620,.T.);
#3618=EDGE_CURVE('',#49,#201,#3621,.F.);
#3619=EDGE_CURVE('',#201,#243,#3622,.T.);
#3620=EDGE_CURVE('',#243,#49,#3623,.T.);
#3621=LINE('',#48,#3624);
#3622=LINE('',#200,#3625);
#3623=LINE('',#242,#3626);
#3624=VECTOR('',#3627,1.0);
#3625=VECTOR('',#3628,1.0);
#3626=VECTOR('',#3629,1.0);
#3627=DIRECTION('',(-0.5636292310685651,0.8260278989750032,0));
#3628=DIRECTION('',(0.43560667812382053,-0.9001371128744389,0));
#3629=DIRECTION('',(0.8315152939771598,0.5555018594767054,0));
#3630=FACE_SURFACE('',(#3635),#3631,.T.);
#3631=PLANE('',#3632);
#3632=AXIS2_PLACEMENT_3D('',#236,#3633,#3634);
#3633=DIRECTION('',(0,0,1));
#3634=DIRECTION('',(-0.6803951948738514,0.7328453989707338,0));
#3635=FACE_BOUND('',#3636,.T.);
#3636=EDGE_LOOP('',(#3637,#3638,#3639));
#3637=ORIENTED_EDGE('',*,*,#3640,.T.);
#3638=ORIENTED_EDGE('',*,*,#3641,.T.);
#3639=ORIENTED_EDGE('',*,*,#3642,.T.);
#3640=EDGE_CURVE('',#237,#201,#3643,.F.);
#3641=EDGE_CURVE('',#201,#49,#3644,.T.);
#3642=EDGE_CURVE('',#49,#237,#3645,.T.);
#3643=LINE('',#236,#3646);
#3644=LINE('',#200,#3647);
#3645=LINE('',#48,#3648);
#3646=VECTOR('',#3649,1.0);
#3647=VECTOR('',#3650,1.0);
#3648=VECTOR('',#3651,1.0);
#3649=DIRECTION('',(-0.6803951948738514,0.7328453989707338,0));
#3650=DIRECTION('',(0.5636292310685651,-0.8260278989750032,0));
#3651=DIRECTION('',(0.7518015101772108,0.6593894822449515,0));
#3652=FACE_SURFACE('',(#3657),#3653,.T.);
#3653=PLANE('',#3654);
#3654=AXIS2_PLACEMENT_3D('',#140,#3655,#3656);
#3655=DIRECTION('',(0,0,1));
#3656=DIRECTION('',(-0.25854347448594317,-0.9659996230851938,0));
#3657=FACE_BOUND('',#3658,.T.);
#3658=EDGE_LOOP('',(#3659,#3660,#3661));
#3659=ORIENTED_EDGE('',*,*,#3662,.T.);
#3660=ORIENTED_EDGE('',*,*,#3663,.T.);
#3661=ORIENTED_EDGE('',*,*,#3664,.T.);
#3662=EDGE_CURVE('',#141,#195,#3665,.F.);
#3663=EDGE_CURVE('',#195,#263,#3666,.T.);
#3664=EDGE_CURVE('',#263,#141,#3667,.T.);
#3665=LINE('',#140,#3668);
#3666=LINE('',#194,#3669);
#3667=LINE('',#262,#3670);
#3668=VECTOR('',#3671,1.0);
#3669=VECTOR('',#3672,1.0);
#3670=VECTOR('',#3673,1.0);
#3671=DIRECTION('',(-0.25854347448594317,-0.9659996230851938,0));
#3672=DIRECTION('',(0.9745723090570267,-0.2240732344999175,0));
#3673=DIRECTION('',(-0.9531696936641918,0.30243600162697376,0));
#3674=FACE_SURFACE('',(#3679),#3675,.T.);
#3675=PLANE('',#3676);
#3676=AXIS2_PLACEMENT_3D('',#264,#3677,#3678);
#3677=DIRECTION('',(0,-0,1));
#3678=DIRECTION('',(0.32101929454759215,0.9470726543028082,0));
#3679=FACE_BOUND('',#3680,.T.);
#3680=EDGE_LOOP('',(#3681,#3682,#3683));
#3681=ORIENTED_EDGE('',*,*,#3684,.T.);
#3682=ORIENTED_EDGE('',*,*,#3685,.T.);
#3683=ORIENTED_EDGE('',*,*,#3686,.T.);
#3684=EDGE_CURVE('',#265,#263,#3687,.F.);
#3685=EDGE_CURVE('',#263,#195,#3688,.T.);
#3686=EDGE_CURVE('',#195,#265,#3689,.T.);
#3687=LINE('',#264,#3690);
#3688=LINE('',#262,#3691);
#3689=LINE('',#194,#3692);
#3690=VECTOR('',#3693,1.0);
#3691=VECTOR('',#3694,1.0);
#3692=VECTOR('',#3695,1.0);
#3693=DIRECTION('',(0.32101929454759215,0.9470726543028082,0));
#3694=DIRECTION('',(-0.9745723090570267,0.2240732344999175,0));
#3695=DIRECTION('',(0.9298522190221578,-0.367933215107809,0));
#3696=FACE_SURFACE('',(#3701),#3697,.T.);
#3697=PLANE('',#3698);
#3698=AXIS2_PLACEMENT_3D('',#234,#3699,#3700);
#3699=DIRECTION('',(0,0,1));
#3700=DIRECTION('',(-0.7782347024486889,0.6279735248436839,0));
#3701=FACE_BOUND('',#3702,.T.);
#3702=EDGE_LOOP('',(#3703,#3704,#3705));
#3703=ORIENTED_EDGE('',*,*,#3706,.T.);
#3704=ORIENTED_EDGE('',*,*,#3707,.T.);
#3705=ORIENTED_EDGE('',*,*,#3708,.T.);
#3706=EDGE_CURVE('',#235,#195,#3709,.F.);
#3707=EDGE_CURVE('',#195,#237,#3710,.T.);
#3708=EDGE_CURVE('',#237,#235,#3711,.T.);
#3709=LINE('',#234,#3712);
#3710=LINE('',#194,#3713);
#3711=LINE('',#236,#3714);
#3712=VECTOR('',#3715,1.0);
#3713=VECTOR('',#3716,1.0);
#3714=VECTOR('',#3717,1.0);
#3715=DIRECTION('',(-0.7782347024486889,0.6279735248436839,0));
#3716=DIRECTION('',(0.6753044347121853,-0.7375390975792782,0));
#3717=DIRECTION('',(0.6593901852599066,0.7518008935768208,0));
#3718=FACE_SURFACE('',(#3723),#3719,.T.);
#3719=PLANE('',#3720);
#3720=AXIS2_PLACEMENT_3D('',#88,#3721,#3722);
#3721=DIRECTION('',(0.9659996230851938,0.25854347448594317,0));
#3722=DIRECTION('',(0,0,-1));
#3723=FACE_BOUND('',#3724,.T.);
#3724=EDGE_LOOP('',(#3725,#3726,#3727));
#3725=ORIENTED_EDGE('',*,*,#3728,.T.);
#3726=ORIENTED_EDGE('',*,*,#3729,.T.);
#3727=ORIENTED_EDGE('',*,*,#3730,.T.);
#3728=EDGE_CURVE('',#89,#267,#3731,.F.);
#3729=EDGE_CURVE('',#267,#261,#3732,.T.);
#3730=EDGE_CURVE('',#261,#89,#3733,.T.);
#3731=LINE('',#88,#3734);
#3732=LINE('',#266,#3735);
#3733=LINE('',#260,#3736);
#3734=VECTOR('',#3737,1.0);
#3735=VECTOR('',#3738,1.0);
#3736=VECTOR('',#3739,1.0);
#3737=DIRECTION('',(0,0,-1));
#3738=DIRECTION('',(-0.25854347448594317,0.9659996230851938,0));
#3739=DIRECTION('',(0.02500722281139249,-0.09343483860207039,0.9953112928841241));
#3740=FACE_SURFACE('',(#3745),#3741,.T.);
#3741=PLANE('',#3742);
#3742=AXIS2_PLACEMENT_3D('',#88,#3743,#3744);
#3743=DIRECTION('',(0.9659996230851938,0.25854347448594317,0));
#3744=DIRECTION('',(-0.02500722281139249,0.09343483860207039,-0.9953112928841241));
#3745=FACE_BOUND('',#3746,.T.);
#3746=EDGE_LOOP('',(#3747,#3748,#3749));
#3747=ORIENTED_EDGE('',*,*,#3750,.T.);
#3748=ORIENTED_EDGE('',*,*,#3751,.T.);
#3749=ORIENTED_EDGE('',*,*,#3752,.T.);
#3750=EDGE_CURVE('',#89,#261,#3753,.F.);
#3751=EDGE_CURVE('',#261,#95,#3754,.T.);
#3752=EDGE_CURVE('',#95,#89,#3755,.T.);
#3753=LINE('',#88,#3756);
#3754=LINE('',#260,#3757);
#3755=LINE('',#94,#3758);
#3756=VECTOR('',#3759,1.0);
#3757=VECTOR('',#3760,1.0);
#3758=VECTOR('',#3761,1.0);
#3759=DIRECTION('',(-0.02500722281139249,0.09343483860207039,-0.9953112928841241));
#3760=DIRECTION('',(0,0,1));
#3761=DIRECTION('',(0.25854347448594317,-0.9659996230851938,0));
#3762=FACE_SURFACE('',(#3767),#3763,.T.);
#3763=PLANE('',#3764);
#3764=AXIS2_PLACEMENT_3D('',#108,#3765,#3766);
#3765=DIRECTION('',(0.06531968087042449,-0.9978643892288099,0));
#3766=DIRECTION('',(-0.9978643892288098,-0.06531968087042447,0));
#3767=FACE_BOUND('',#3768,.T.);
#3768=EDGE_LOOP('',(#3769,#3770,#3771));
#3769=ORIENTED_EDGE('',*,*,#3772,.T.);
#3770=ORIENTED_EDGE('',*,*,#3773,.T.);
#3771=ORIENTED_EDGE('',*,*,#3774,.T.);
#3772=EDGE_CURVE('',#109,#129,#3775,.F.);
#3773=EDGE_CURVE('',#129,#35,#3776,.T.);
#3774=EDGE_CURVE('',#35,#109,#3777,.T.);
#3775=LINE('',#108,#3778);
#3776=LINE('',#128,#3779);
#3777=LINE('',#34,#3780);
#3778=VECTOR('',#3781,1.0);
#3779=VECTOR('',#3782,1.0);
#3780=VECTOR('',#3783,1.0);
#3781=DIRECTION('',(-0.9978643892288098,-0.06531968087042447,0));
#3782=DIRECTION('',(0.06513356704024112,0.0042636092228013085,-0.9978674461475381));
#3783=DIRECTION('',(0,0,1));
#3784=FACE_SURFACE('',(#3789),#3785,.T.);
#3785=PLANE('',#3786);
#3786=AXIS2_PLACEMENT_3D('',#92,#3787,#3788);
#3787=DIRECTION('',(0.706439919614044,0.7077730144443932,0));
#3788=DIRECTION('',(0,0,-1));
#3789=FACE_BOUND('',#3790,.T.);
#3790=EDGE_LOOP('',(#3791,#3792,#3793));
#3791=ORIENTED_EDGE('',*,*,#3794,.T.);
#3792=ORIENTED_EDGE('',*,*,#3795,.T.);
#3793=ORIENTED_EDGE('',*,*,#3796,.T.);
#3794=EDGE_CURVE('',#93,#259,#3797,.F.);
#3795=EDGE_CURVE('',#259,#267,#3798,.T.);
#3796=EDGE_CURVE('',#267,#93,#3799,.T.);
#3797=LINE('',#92,#3800);
#3798=LINE('',#258,#3801);
#3799=LINE('',#266,#3802);
#3800=VECTOR('',#3803,1.0);
#3801=VECTOR('',#3804,1.0);
#3802=VECTOR('',#3805,1.0);
#3803=DIRECTION('',(0,0,-1));
#3804=DIRECTION('',(-0.7077730144443932,0.706439919614044,0));
#3805=DIRECTION('',(0.005885874346614681,-0.0058747882660444605,0.9999654210751515));
#3806=FACE_SURFACE('',(#3811),#3807,.T.);
#3807=PLANE('',#3808);
#3808=AXIS2_PLACEMENT_3D('',#92,#3809,#3810);
#3809=DIRECTION('',(0.706439919614044,0.7077730144443932,0));
#3810=DIRECTION('',(-0.005885874346614681,0.0058747882660444605,-0.9999654210751515));
#3811=FACE_BOUND('',#3812,.T.);
#3812=EDGE_LOOP('',(#3813,#3814,#3815));
#3813=ORIENTED_EDGE('',*,*,#3816,.T.);
#3814=ORIENTED_EDGE('',*,*,#3817,.T.);
#3815=ORIENTED_EDGE('',*,*,#3818,.T.);
#3816=EDGE_CURVE('',#93,#267,#3819,.F.);
#3817=EDGE_CURVE('',#267,#89,#3820,.T.);
#3818=EDGE_CURVE('',#89,#93,#3821,.T.);
#3819=LINE('',#92,#3822);
#3820=LINE('',#266,#3823);
#3821=LINE('',#88,#3824);
#3822=VECTOR('',#3825,1.0);
#3823=VECTOR('',#3826,1.0);
#3824=VECTOR('',#3827,1.0);
#3825=DIRECTION('',(-0.005885874346614681,0.0058747882660444605,-0.9999654210751515));
#3826=DIRECTION('',(0,0,1));
#3827=DIRECTION('',(0.7077730144443932,-0.706439919614044,0));
#3828=FACE_SURFACE('',(#3833),#3829,.T.);
#3829=PLANE('',#3830);
#3830=AXIS2_PLACEMENT_3D('',#42,#3831,#3832);
#3831=DIRECTION('',(-0.06531968087042449,-0.9978643892288099,0));
#3832=DIRECTION('',(0.06513356704024112,-0.0042636092228013085,0.9978674461475381));
#3833=FACE_BOUND('',#3834,.T.);
#3834=EDGE_LOOP('',(#3835,#3836,#3837));
#3835=ORIENTED_EDGE('',*,*,#3838,.T.);
#3836=ORIENTED_EDGE('',*,*,#3839,.T.);
#3837=ORIENTED_EDGE('',*,*,#3840,.T.);
#3838=EDGE_CURVE('',#43,#129,#3841,.F.);
#3839=EDGE_CURVE('',#129,#269,#3842,.T.);
#3840=EDGE_CURVE('',#269,#43,#3843,.T.);
#3841=LINE('',#42,#3844);
#3842=LINE('',#128,#3845);
#3843=LINE('',#268,#3846);
#3844=VECTOR('',#3847,1.0);
#3845=VECTOR('',#3848,1.0);
#3846=VECTOR('',#3849,1.0);
#3847=DIRECTION('',(0.06513356704024112,-0.0042636092228013085,0.9978674461475381));
#3848=DIRECTION('',(-0.9978643892288098,0.06531968087042447,0));
#3849=DIRECTION('',(0,0,-1));
#3850=FACE_SURFACE('',(#3855),#3851,.T.);
#3851=PLANE('',#3852);
#3852=AXIS2_PLACEMENT_3D('',#158,#3853,#3854);
#3853=DIRECTION('',(0.32101830727996045,0.9470729889459992,0));
#3854=DIRECTION('',(0,0,-1));
#3855=FACE_BOUND('',#3856,.T.);
#3856=EDGE_LOOP('',(#3857,#3858,#3859));
#3857=ORIENTED_EDGE('',*,*,#3860,.T.);
#3858=ORIENTED_EDGE('',*,*,#3861,.T.);
#3859=ORIENTED_EDGE('',*,*,#3862,.T.);
#3860=EDGE_CURVE('',#159,#135,#3863,.F.);
#3861=EDGE_CURVE('',#135,#187,#3864,.T.);
#3862=EDGE_CURVE('',#187,#159,#3865,.T.);
#3863=LINE('',#158,#3866);
#3864=LINE('',#134,#3867);
#3865=LINE('',#186,#3868);
#3866=VECTOR('',#3869,1.0);
#3867=VECTOR('',#3870,1.0);
#3868=VECTOR('',#3871,1.0);
#3869=DIRECTION('',(0,0,-1));
#3870=DIRECTION('',(-0.9470729889459992,0.3210183072799605,0));
#3871=DIRECTION('',(0.06182235945210682,-0.020955205580781476,0.9978671631188399));
#3872=FACE_SURFACE('',(#3877),#3873,.T.);
#3873=PLANE('',#3874);
#3874=AXIS2_PLACEMENT_3D('',#80,#3875,#3876);
#3875=DIRECTION('',(-0.8966400613347165,-0.44276020644325736,0));
#3876=DIRECTION('',(-0.028892877016518687,0.05851138075017549,0.9978685384259874));
#3877=FACE_BOUND('',#3878,.T.);
#3878=EDGE_LOOP('',(#3879,#3880,#3881));
#3879=ORIENTED_EDGE('',*,*,#3882,.T.);
#3880=ORIENTED_EDGE('',*,*,#3883,.T.);
#3881=ORIENTED_EDGE('',*,*,#3884,.T.);
#3882=EDGE_CURVE('',#81,#213,#3885,.F.);
#3883=EDGE_CURVE('',#213,#85,#3886,.T.);
#3884=EDGE_CURVE('',#85,#81,#3887,.T.);
#3885=LINE('',#80,#3888);
#3886=LINE('',#212,#3889);
#3887=LINE('',#84,#3890);
#3888=VECTOR('',#3891,1.0);
#3889=VECTOR('',#3892,1.0);
#3890=VECTOR('',#3893,1.0);
#3891=DIRECTION('',(-0.028892877016518687,0.05851138075017549,0.9978685384259874));
#3892=DIRECTION('',(0,0,-1));
#3893=DIRECTION('',(0.44276020644325736,-0.8966400613347164,0));
#3894=FACE_SURFACE('',(#3899),#3895,.T.);
#3895=PLANE('',#3896);
#3896=AXIS2_PLACEMENT_3D('',#90,#3897,#3898);
#3897=DIRECTION('',(0,-0,1));
#3898=DIRECTION('',(0.6753044347121853,0.7375390975792782,0));
#3899=FACE_BOUND('',#3900,.T.);
#3900=EDGE_LOOP('',(#3901,#3902,#3903));
#3901=ORIENTED_EDGE('',*,*,#3904,.T.);
#3902=ORIENTED_EDGE('',*,*,#3905,.T.);
#3903=ORIENTED_EDGE('',*,*,#3906,.T.);
#3904=EDGE_CURVE('',#91,#89,#3907,.F.);
#3905=EDGE_CURVE('',#89,#271,#3908,.T.);
#3906=EDGE_CURVE('',#271,#91,#3909,.T.);
#3907=LINE('',#90,#3910);
#3908=LINE('',#88,#3911);
#3909=LINE('',#270,#3912);
#3910=VECTOR('',#3913,1.0);
#3911=VECTOR('',#3914,1.0);
#3912=VECTOR('',#3915,1.0);
#3913=DIRECTION('',(0.6753044347121853,0.7375390975792782,0));
#3914=DIRECTION('',(-0.7782347024486889,-0.6279735248436839,0));
#3915=DIRECTION('',(0.6593901852599066,-0.7518008935768208,0));
#3916=FACE_SURFACE('',(#3921),#3917,.T.);
#3917=PLANE('',#3918);
#3918=AXIS2_PLACEMENT_3D('',#270,#3919,#3920);
#3919=DIRECTION('',(0,-0,1));
#3920=DIRECTION('',(0.7782347024486889,0.6279735248436839,0));
#3921=FACE_BOUND('',#3922,.T.);
#3922=EDGE_LOOP('',(#3923,#3924,#3925));
#3923=ORIENTED_EDGE('',*,*,#3926,.T.);
#3924=ORIENTED_EDGE('',*,*,#3927,.T.);
#3925=ORIENTED_EDGE('',*,*,#3928,.T.);
#3926=EDGE_CURVE('',#271,#89,#3929,.F.);
#3927=EDGE_CURVE('',#89,#273,#3930,.T.);
#3928=EDGE_CURVE('',#273,#271,#3931,.T.);
#3929=LINE('',#270,#3932);
#3930=LINE('',#88,#3933);
#3931=LINE('',#272,#3934);
#3932=VECTOR('',#3935,1.0);
#3933=VECTOR('',#3936,1.0);
#3934=VECTOR('',#3937,1.0);
#3935=DIRECTION('',(0.7782347024486889,0.6279735248436839,0));
#3936=DIRECTION('',(-0.863847500941195,-0.5037534070531456,0));
#3937=DIRECTION('',(0.5555020116503687,-0.8315151923160476,0));
#3938=FACE_SURFACE('',(#3943),#3939,.T.);
#3939=PLANE('',#3940);
#3940=AXIS2_PLACEMENT_3D('',#246,#3941,#3942);
#3941=DIRECTION('',(0,-0,1));
#3942=DIRECTION('',(0.5636354301753949,0.8260236690622114,0));
#3943=FACE_BOUND('',#3944,.T.);
#3944=EDGE_LOOP('',(#3945,#3946,#3947));
#3945=ORIENTED_EDGE('',*,*,#3948,.T.);
#3946=ORIENTED_EDGE('',*,*,#3949,.T.);
#3947=ORIENTED_EDGE('',*,*,#3950,.T.);
#3948=EDGE_CURVE('',#247,#93,#3951,.F.);
#3949=EDGE_CURVE('',#93,#91,#3952,.T.);
#3950=EDGE_CURVE('',#91,#247,#3953,.T.);
#3951=LINE('',#246,#3954);
#3952=LINE('',#92,#3955);
#3953=LINE('',#90,#3956);
#3954=VECTOR('',#3957,1.0);
#3955=VECTOR('',#3958,1.0);
#3956=VECTOR('',#3959,1.0);
#3957=DIRECTION('',(0.5636354301753949,0.8260236690622114,0));
#3958=DIRECTION('',(-0.6804001083540517,-0.7328408371207179,0));
#3959=DIRECTION('',(0.7518015101772108,-0.6593894822449515,0));
#3960=FACE_SURFACE('',(#3965),#3961,.T.);
#3961=PLANE('',#3962);
#3962=AXIS2_PLACEMENT_3D('',#268,#3963,#3964);
#3963=DIRECTION('',(-0,0,1));
#3964=DIRECTION('',(0.9978643892288098,-0.06531968087042447,0));
#3965=FACE_BOUND('',#3966,.T.);
#3966=EDGE_LOOP('',(#3967,#3968,#3969));
#3967=ORIENTED_EDGE('',*,*,#3970,.T.);
#3968=ORIENTED_EDGE('',*,*,#3971,.T.);
#3969=ORIENTED_EDGE('',*,*,#3972,.T.);
#3970=EDGE_CURVE('',#269,#129,#3973,.F.);
#3971=EDGE_CURVE('',#129,#93,#3974,.T.);
#3972=EDGE_CURVE('',#93,#269,#3975,.T.);
#3973=LINE('',#268,#3976);
#3974=LINE('',#128,#3977);
#3975=LINE('',#92,#3978);
#3976=VECTOR('',#3979,1.0);
#3977=VECTOR('',#3980,1.0);
#3978=VECTOR('',#3981,1.0);
#3979=DIRECTION('',(0.9978643892288098,-0.06531968087042447,0));
#3980=DIRECTION('',(-0.12133210450607981,0.9926119687048538,0));
#3981=DIRECTION('',(-0.018024858455563,-0.9998375390420471,0));
#3982=FACE_SURFACE('',(#3987),#3983,.T.);
#3983=PLANE('',#3984);
#3984=AXIS2_PLACEMENT_3D('',#272,#3985,#3986);
#3985=DIRECTION('',(0,-0,1));
#3986=DIRECTION('',(0.863847500941195,0.5037534070531456,0));
#3987=FACE_BOUND('',#3988,.T.);
#3988=EDGE_LOOP('',(#3989,#3990,#3991));
#3989=ORIENTED_EDGE('',*,*,#3992,.T.);
#3990=ORIENTED_EDGE('',*,*,#3993,.T.);
#3991=ORIENTED_EDGE('',*,*,#3994,.T.);
#3992=EDGE_CURVE('',#273,#89,#3995,.F.);
#3993=EDGE_CURVE('',#89,#213,#3996,.T.);
#3994=EDGE_CURVE('',#213,#273,#3997,.T.);
#3995=LINE('',#272,#3998);
#3996=LINE('',#88,#3999);
#3997=LINE('',#212,#4000);
#3998=VECTOR('',#4001,1.0);
#3999=VECTOR('',#4002,1.0);
#4000=VECTOR('',#4003,1.0);
#4001=DIRECTION('',(0.863847500941195,0.5037534070531456,0));
#4002=DIRECTION('',(-0.929852273201167,-0.3679330781849087,0));
#4003=DIRECTION('',(0.44276020644325736,-0.8966400613347164,0));
#4004=FACE_SURFACE('',(#4009),#4005,.T.);
#4005=PLANE('',#4006);
#4006=AXIS2_PLACEMENT_3D('',#268,#4007,#4008);
#4007=DIRECTION('',(-0.19531425343358508,-0.9807407110983418,0));
#4008=DIRECTION('',(-0.9807407110983418,0.19531425343358505,0));
#4009=FACE_BOUND('',#4010,.T.);
#4010=EDGE_LOOP('',(#4011,#4012,#4013));
#4011=ORIENTED_EDGE('',*,*,#4014,.T.);
#4012=ORIENTED_EDGE('',*,*,#4015,.T.);
#4013=ORIENTED_EDGE('',*,*,#4016,.T.);
#4014=EDGE_CURVE('',#269,#275,#4017,.F.);
#4015=EDGE_CURVE('',#275,#45,#4018,.T.);
#4016=EDGE_CURVE('',#45,#269,#4019,.T.);
#4017=LINE('',#268,#4020);
#4018=LINE('',#274,#4021);
#4019=LINE('',#44,#4022);
#4020=VECTOR('',#4023,1.0);
#4021=VECTOR('',#4024,1.0);
#4022=VECTOR('',#4025,1.0);
#4023=DIRECTION('',(-0.9807407110983418,0.19531425343358505,0));
#4024=DIRECTION('',(0,0,-1));
#4025=DIRECTION('',(0.06399962695506697,-0.012745508794835209,0.997868528291765));
#4026=FACE_SURFACE('',(#4031),#4027,.T.);
#4027=PLANE('',#4028);
#4028=AXIS2_PLACEMENT_3D('',#268,#4029,#4030);
#4029=DIRECTION('',(-0.19531425343358508,-0.9807407110983418,-0));
#4030=DIRECTION('',(-0.06399962695506697,0.012745508794835209,-0.997868528291765));
#4031=FACE_BOUND('',#4032,.T.);
#4032=EDGE_LOOP('',(#4033,#4034,#4035));
#4033=ORIENTED_EDGE('',*,*,#4036,.T.);
#4034=ORIENTED_EDGE('',*,*,#4037,.T.);
#4035=ORIENTED_EDGE('',*,*,#4038,.T.);
#4036=EDGE_CURVE('',#269,#45,#4039,.F.);
#4037=EDGE_CURVE('',#45,#43,#4040,.T.);
#4038=EDGE_CURVE('',#43,#269,#4041,.T.);
#4039=LINE('',#268,#4042);
#4040=LINE('',#44,#4043);
#4041=LINE('',#42,#4044);
#4042=VECTOR('',#4045,1.0);
#4043=VECTOR('',#4046,1.0);
#4044=VECTOR('',#4047,1.0);
#4045=DIRECTION('',(-0.06399962695506697,0.012745508794835209,-0.997868528291765));
#4046=DIRECTION('',(0.9807407110983418,-0.19531425343358505,0));
#4047=DIRECTION('',(0,0,1));
#4048=FACE_SURFACE('',(#4053),#4049,.T.);
#4049=PLANE('',#4050);
#4050=AXIS2_PLACEMENT_3D('',#258,#4051,#4052);
#4051=DIRECTION('',(0,-0,1));
#4052=DIRECTION('',(1,0,0));
#4053=FACE_BOUND('',#4054,.T.);
#4054=EDGE_LOOP('',(#4055,#4056,#4057));
#4055=ORIENTED_EDGE('',*,*,#4058,.T.);
#4056=ORIENTED_EDGE('',*,*,#4059,.T.);
#4057=ORIENTED_EDGE('',*,*,#4060,.T.);
#4058=EDGE_CURVE('',#259,#199,#4061,.F.);
#4059=EDGE_CURVE('',#199,#267,#4062,.T.);
#4060=EDGE_CURVE('',#267,#259,#4063,.T.);
#4061=LINE('',#258,#4064);
#4062=LINE('',#198,#4065);
#4063=LINE('',#266,#4066);
#4064=VECTOR('',#4067,1.0);
#4065=VECTOR('',#4068,1.0);
#4066=VECTOR('',#4069,1.0);
#4067=DIRECTION('',(1,0,0));
#4068=DIRECTION('',(-0.9998305844513381,0.0184065856609964,0));
#4069=DIRECTION('',(0.7077730144443932,-0.706439919614044,0));
#4070=FACE_SURFACE('',(#4075),#4071,.T.);
#4071=PLANE('',#4072);
#4072=AXIS2_PLACEMENT_3D('',#260,#4073,#4074);
#4073=DIRECTION('',(0,0,1));
#4074=DIRECTION('',(0.25854347448594317,-0.9659996230851938,0));
#4075=FACE_BOUND('',#4076,.T.);
#4076=EDGE_LOOP('',(#4077,#4078,#4079));
#4077=ORIENTED_EDGE('',*,*,#4080,.T.);
#4078=ORIENTED_EDGE('',*,*,#4081,.T.);
#4079=ORIENTED_EDGE('',*,*,#4082,.T.);
#4080=EDGE_CURVE('',#261,#267,#4083,.F.);
#4081=EDGE_CURVE('',#267,#199,#4084,.T.);
#4082=EDGE_CURVE('',#199,#261,#4085,.T.);
#4083=LINE('',#260,#4086);
#4084=LINE('',#266,#4087);
#4085=LINE('',#198,#4088);
#4086=VECTOR('',#4089,1.0);
#4087=VECTOR('',#4090,1.0);
#4088=VECTOR('',#4091,1.0);
#4089=DIRECTION('',(0.25854347448594317,-0.9659996230851938,0));
#4090=DIRECTION('',(0.9998305844513381,-0.0184065856609964,0));
#4091=DIRECTION('',(-0.9604906437402297,0.2783122765662322,0));
#4092=FACE_SURFACE('',(#4097),#4093,.T.);
#4093=PLANE('',#4094);
#4094=AXIS2_PLACEMENT_3D('',#244,#4095,#4096);
#4095=DIRECTION('',(0,0,1));
#4096=DIRECTION('',(-0.258222476028037,-0.9660854790720901,0));
#4097=FACE_BOUND('',#4098,.T.);
#4098=EDGE_LOOP('',(#4099,#4100,#4101));
#4099=ORIENTED_EDGE('',*,*,#4102,.T.);
#4100=ORIENTED_EDGE('',*,*,#4103,.T.);
#4101=ORIENTED_EDGE('',*,*,#4104,.T.);
#4102=EDGE_CURVE('',#245,#261,#4105,.F.);
#4103=EDGE_CURVE('',#261,#199,#4106,.T.);
#4104=EDGE_CURVE('',#199,#245,#4107,.T.);
#4105=LINE('',#244,#4108);
#4106=LINE('',#260,#4109);
#4107=LINE('',#198,#4110);
#4108=VECTOR('',#4111,1.0);
#4109=VECTOR('',#4112,1.0);
#4110=VECTOR('',#4113,1.0);
#4111=DIRECTION('',(-0.258222476028037,-0.9660854790720901,0));
#4112=DIRECTION('',(0.9604906437402297,-0.2783122765662322,0));
#4113=DIRECTION('',(-0.8547925741222062,0.518969801843549,0));
#4114=FACE_SURFACE('',(#4119),#4115,.T.);
#4115=PLANE('',#4116);
#4116=AXIS2_PLACEMENT_3D('',#80,#4117,#4118);
#4117=DIRECTION('',(-0.8966400613347165,-0.44276020644325736,0));
#4118=DIRECTION('',(0,0,1));
#4119=FACE_BOUND('',#4120,.T.);
#4120=EDGE_LOOP('',(#4121,#4122,#4123));
#4121=ORIENTED_EDGE('',*,*,#4124,.T.);
#4122=ORIENTED_EDGE('',*,*,#4125,.T.);
#4123=ORIENTED_EDGE('',*,*,#4126,.T.);
#4124=EDGE_CURVE('',#81,#273,#4127,.F.);
#4125=EDGE_CURVE('',#273,#213,#4128,.T.);
#4126=EDGE_CURVE('',#213,#81,#4129,.T.);
#4127=LINE('',#80,#4130);
#4128=LINE('',#272,#4131);
#4129=LINE('',#212,#4132);
#4130=VECTOR('',#4133,1.0);
#4131=VECTOR('',#4134,1.0);
#4132=VECTOR('',#4135,1.0);
#4133=DIRECTION('',(0,0,1));
#4134=DIRECTION('',(-0.44276020644325736,0.8966400613347164,0));
#4135=DIRECTION('',(0.028892877016518687,-0.05851138075017549,-0.9978685384259874));
#4136=FACE_SURFACE('',(#4141),#4137,.T.);
#4137=PLANE('',#4138);
#4138=AXIS2_PLACEMENT_3D('',#134,#4139,#4140);
#4139=DIRECTION('',(0.44275941036270755,0.8966404544382701,0));
#4140=DIRECTION('',(0.05851142393164727,-0.028892833723065205,0.9978685371475255));
#4141=FACE_BOUND('',#4142,.T.);
#4142=EDGE_LOOP('',(#4143,#4144,#4145));
#4143=ORIENTED_EDGE('',*,*,#4146,.T.);
#4144=ORIENTED_EDGE('',*,*,#4147,.T.);
#4145=ORIENTED_EDGE('',*,*,#4148,.T.);
#4146=EDGE_CURVE('',#135,#157,#4149,.F.);
#4147=EDGE_CURVE('',#157,#189,#4150,.T.);
#4148=EDGE_CURVE('',#189,#135,#4151,.T.);
#4149=LINE('',#134,#4152);
#4150=LINE('',#156,#4153);
#4151=LINE('',#188,#4154);
#4152=VECTOR('',#4155,1.0);
#4153=VECTOR('',#4156,1.0);
#4154=VECTOR('',#4157,1.0);
#4155=DIRECTION('',(0.05851142393164727,-0.028892833723065205,0.9978685371475255));
#4156=DIRECTION('',(0,0,-1));
#4157=DIRECTION('',(-0.89664045443827,0.44275941036270755,0));
#4158=FACE_SURFACE('',(#4163),#4159,.T.);
#4159=PLANE('',#4160);
#4160=AXIS2_PLACEMENT_3D('',#276,#4161,#4162);
#4161=DIRECTION('',(0,0,1));
#4162=DIRECTION('',(-0.9999872330904227,0.005053083826781933,0));
#4163=FACE_BOUND('',#4164,.T.);
#4164=EDGE_LOOP('',(#4165,#4166,#4167));
#4165=ORIENTED_EDGE('',*,*,#4168,.T.);
#4166=ORIENTED_EDGE('',*,*,#4169,.T.);
#4167=ORIENTED_EDGE('',*,*,#4170,.T.);
#4168=EDGE_CURVE('',#277,#141,#4171,.F.);
#4169=EDGE_CURVE('',#141,#279,#4172,.T.);
#4170=EDGE_CURVE('',#279,#277,#4173,.T.);
#4171=LINE('',#276,#4174);
#4172=LINE('',#140,#4175);
#4173=LINE('',#278,#4176);
#4174=VECTOR('',#4177,1.0);
#4175=VECTOR('',#4178,1.0);
#4176=VECTOR('',#4179,1.0);
#4177=DIRECTION('',(-0.9999872330904227,0.005053083826781933,0));
#4178=DIRECTION('',(0.9877791411171778,-0.1558600923065633,0));
#4179=DIRECTION('',(0.06532104381086938,0.9978643000105066,0));
#4180=FACE_SURFACE('',(#4185),#4181,.T.);
#4181=PLANE('',#4182);
#4182=AXIS2_PLACEMENT_3D('',#280,#4183,#4184);
#4183=DIRECTION('',(0,0,1));
#4184=DIRECTION('',(-0.9892846329876471,-0.14599970867949166,0));
#4185=FACE_BOUND('',#4186,.T.);
#4186=EDGE_LOOP('',(#4187,#4188,#4189));
#4187=ORIENTED_EDGE('',*,*,#4190,.T.);
#4188=ORIENTED_EDGE('',*,*,#4191,.T.);
#4189=ORIENTED_EDGE('',*,*,#4192,.T.);
#4190=EDGE_CURVE('',#281,#141,#4193,.F.);
#4191=EDGE_CURVE('',#141,#277,#4194,.T.);
#4192=EDGE_CURVE('',#277,#281,#4195,.T.);
#4193=LINE('',#280,#4196);
#4194=LINE('',#140,#4197);
#4195=LINE('',#276,#4198);
#4196=VECTOR('',#4199,1.0);
#4197=VECTOR('',#4200,1.0);
#4198=VECTOR('',#4201,1.0);
#4199=DIRECTION('',(-0.9892846329876471,-0.14599970867949166,0));
#4200=DIRECTION('',(0.9999872330904227,-0.005053083826781933,0));
#4201=DIRECTION('',(-0.06532104381086938,0.9978643000105066,0));
#4202=FACE_SURFACE('',(#4207),#4203,.T.);
#4203=PLANE('',#4204);
#4204=AXIS2_PLACEMENT_3D('',#282,#4205,#4206);
#4205=DIRECTION('',(0,0,1));
#4206=DIRECTION('',(-0.9560256132846267,-0.2932831852386932,0));
#4207=FACE_BOUND('',#4208,.T.);
#4208=EDGE_LOOP('',(#4209,#4210,#4211));
#4209=ORIENTED_EDGE('',*,*,#4212,.T.);
#4210=ORIENTED_EDGE('',*,*,#4213,.T.);
#4211=ORIENTED_EDGE('',*,*,#4214,.T.);
#4212=EDGE_CURVE('',#283,#141,#4215,.F.);
#4213=EDGE_CURVE('',#141,#281,#4216,.T.);
#4214=EDGE_CURVE('',#281,#283,#4217,.T.);
#4215=LINE('',#282,#4218);
#4216=LINE('',#140,#4219);
#4217=LINE('',#280,#4220);
#4218=VECTOR('',#4221,1.0);
#4219=VECTOR('',#4222,1.0);
#4220=VECTOR('',#4223,1.0);
#4221=DIRECTION('',(-0.9560256132846267,-0.2932831852386932,0));
#4222=DIRECTION('',(0.9892846329876471,0.14599970867949166,0));
#4223=DIRECTION('',(-0.19531285129612574,0.9807409903326042,0));
#4224=FACE_SURFACE('',(#4229),#4225,.T.);
#4225=PLANE('',#4226);
#4226=AXIS2_PLACEMENT_3D('',#284,#4227,#4228);
#4227=DIRECTION('',(0,0,1));
#4228=DIRECTION('',(-0.9333048813830717,-0.3590849459202245,0));
#4229=FACE_BOUND('',#4230,.T.);
#4230=EDGE_LOOP('',(#4231,#4232,#4233));
#4231=ORIENTED_EDGE('',*,*,#4234,.T.);
#4232=ORIENTED_EDGE('',*,*,#4235,.T.);
#4233=ORIENTED_EDGE('',*,*,#4236,.T.);
#4234=EDGE_CURVE('',#285,#143,#4237,.F.);
#4235=EDGE_CURVE('',#143,#283,#4238,.T.);
#4236=EDGE_CURVE('',#283,#285,#4239,.T.);
#4237=LINE('',#284,#4240);
#4238=LINE('',#142,#4241);
#4239=LINE('',#282,#4242);
#4240=VECTOR('',#4243,1.0);
#4241=VECTOR('',#4244,1.0);
#4242=VECTOR('',#4245,1.0);
#4243=DIRECTION('',(-0.9333048813830717,-0.3590849459202245,0));
#4244=DIRECTION('',(0.9767432783042934,0.21441214584855386,0));
#4245=DIRECTION('',(-0.32101929454759215,0.9470726543028082,0));
#4246=FACE_SURFACE('',(#4251),#4247,.T.);
#4247=PLANE('',#4248);
#4248=AXIS2_PLACEMENT_3D('',#286,#4249,#4250);
#4249=DIRECTION('',(0,0,1));
#4250=DIRECTION('',(-0.8682691767752239,-0.49609337494273703,0));
#4251=FACE_BOUND('',#4252,.T.);
#4252=EDGE_LOOP('',(#4253,#4254,#4255));
#4253=ORIENTED_EDGE('',*,*,#4256,.T.);
#4254=ORIENTED_EDGE('',*,*,#4257,.T.);
#4255=ORIENTED_EDGE('',*,*,#4258,.T.);
#4256=EDGE_CURVE('',#287,#143,#4259,.F.);
#4257=EDGE_CURVE('',#143,#285,#4260,.T.);
#4258=EDGE_CURVE('',#285,#287,#4261,.T.);
#4259=LINE('',#286,#4262);
#4260=LINE('',#142,#4263);
#4261=LINE('',#284,#4264);
#4262=VECTOR('',#4265,1.0);
#4263=VECTOR('',#4266,1.0);
#4264=VECTOR('',#4267,1.0);
#4265=DIRECTION('',(-0.8682691767752239,-0.49609337494273703,0));
#4266=DIRECTION('',(0.9333048813830717,0.3590849459202245,0));
#4267=DIRECTION('',(-0.442758074745824,0.896641113962198,0));
#4268=FACE_SURFACE('',(#4273),#4269,.T.);
#4269=PLANE('',#4270);
#4270=AXIS2_PLACEMENT_3D('',#278,#4271,#4272);
#4271=DIRECTION('',(0,0,1));
#4272=DIRECTION('',(-0.9877791411171778,0.1558600923065633,0));
#4273=FACE_BOUND('',#4274,.T.);
#4274=EDGE_LOOP('',(#4275,#4276,#4277));
#4275=ORIENTED_EDGE('',*,*,#4278,.T.);
#4276=ORIENTED_EDGE('',*,*,#4279,.T.);
#4277=ORIENTED_EDGE('',*,*,#4280,.T.);
#4278=EDGE_CURVE('',#279,#141,#4281,.F.);
#4279=EDGE_CURVE('',#141,#263,#4282,.T.);
#4280=EDGE_CURVE('',#263,#279,#4283,.T.);
#4281=LINE('',#278,#4284);
#4282=LINE('',#140,#4285);
#4283=LINE('',#262,#4286);
#4284=VECTOR('',#4287,1.0);
#4285=VECTOR('',#4288,1.0);
#4286=VECTOR('',#4289,1.0);
#4287=DIRECTION('',(-0.9877791411171778,0.1558600923065633,0));
#4288=DIRECTION('',(0.9531696936641918,-0.30243600162697376,0));
#4289=DIRECTION('',(0.19531285129612574,0.9807409903326042,0));
#4290=FACE_SURFACE('',(#4295),#4291,.T.);
#4291=PLANE('',#4292);
#4292=AXIS2_PLACEMENT_3D('',#160,#4293,#4294);
#4293=DIRECTION('',(0.19531409403813174,0.9807407428418908,0));
#4294=DIRECTION('',(0,0,-1));
#4295=FACE_BOUND('',#4296,.T.);
#4296=EDGE_LOOP('',(#4297,#4298,#4299));
#4297=ORIENTED_EDGE('',*,*,#4300,.T.);
#4298=ORIENTED_EDGE('',*,*,#4301,.T.);
#4299=ORIENTED_EDGE('',*,*,#4302,.T.);
#4300=EDGE_CURVE('',#161,#187,#4303,.F.);
#4301=EDGE_CURVE('',#187,#163,#4304,.T.);
#4302=EDGE_CURVE('',#163,#161,#4305,.T.);
#4303=LINE('',#160,#4306);
#4304=LINE('',#186,#4307);
#4305=LINE('',#162,#4308);
#4306=VECTOR('',#4309,1.0);
#4307=VECTOR('',#4310,1.0);
#4308=VECTOR('',#4311,1.0);
#4309=DIRECTION('',(0,0,-1));
#4310=DIRECTION('',(-0.06399962696388814,0.012745497982483001,0.9978685284293025));
#4311=DIRECTION('',(0.980740742841891,-0.19531409403813174,0));
#4312=FACE_SURFACE('',(#4317),#4313,.T.);
#4313=PLANE('',#4314);
#4314=AXIS2_PLACEMENT_3D('',#110,#4315,#4316);
#4315=DIRECTION('',(-0.32101830727996045,-0.9470729889459992,0));
#4316=DIRECTION('',(0.9470729889459992,-0.3210183072799605,0));
#4317=FACE_BOUND('',#4318,.T.);
#4318=EDGE_LOOP('',(#4319,#4320,#4321));
#4319=ORIENTED_EDGE('',*,*,#4322,.T.);
#4320=ORIENTED_EDGE('',*,*,#4323,.T.);
#4321=ORIENTED_EDGE('',*,*,#4324,.T.);
#4322=EDGE_CURVE('',#111,#45,#4325,.F.);
#4323=EDGE_CURVE('',#45,#289,#4326,.T.);
#4324=EDGE_CURVE('',#289,#111,#4327,.T.);
#4325=LINE('',#110,#4328);
#4326=LINE('',#44,#4329);
#4327=LINE('',#288,#4330);
#4328=VECTOR('',#4331,1.0);
#4329=VECTOR('',#4332,1.0);
#4330=VECTOR('',#4333,1.0);
#4331=DIRECTION('',(0.9470729889459992,-0.3210183072799605,0));
#4332=DIRECTION('',(-0.06182235945210682,0.020955205580781476,0.9978671631188399));
#4333=DIRECTION('',(0,0,-1));
#4334=FACE_SURFACE('',(#4339),#4335,.T.);
#4335=PLANE('',#4336);
#4336=AXIS2_PLACEMENT_3D('',#274,#4337,#4338);
#4337=DIRECTION('',(-0.32101830727996045,-0.9470729889459992,-0));
#4338=DIRECTION('',(-0.9470729889459992,0.3210183072799605,0));
#4339=FACE_BOUND('',#4340,.T.);
#4340=EDGE_LOOP('',(#4341,#4342,#4343));
#4341=ORIENTED_EDGE('',*,*,#4344,.T.);
#4342=ORIENTED_EDGE('',*,*,#4345,.T.);
#4343=ORIENTED_EDGE('',*,*,#4346,.T.);
#4344=EDGE_CURVE('',#275,#289,#4347,.F.);
#4345=EDGE_CURVE('',#289,#45,#4348,.T.);
#4346=EDGE_CURVE('',#45,#275,#4349,.T.);
#4347=LINE('',#274,#4350);
#4348=LINE('',#288,#4351);
#4349=LINE('',#44,#4352);
#4350=VECTOR('',#4353,1.0);
#4351=VECTOR('',#4354,1.0);
#4352=VECTOR('',#4355,1.0);
#4353=DIRECTION('',(-0.9470729889459992,0.3210183072799605,0));
#4354=DIRECTION('',(0.06182235945210682,-0.020955205580781476,-0.9978671631188399));
#4355=DIRECTION('',(0,0,1));
#4356=FACE_SURFACE('',(#4361),#4357,.T.);
#4357=PLANE('',#4358);
#4358=AXIS2_PLACEMENT_3D('',#288,#4359,#4360);
#4359=DIRECTION('',(-0.4427599432861998,-0.896640191281431,0));
#4360=DIRECTION('',(-0.8966401912814309,0.4427599432861998,0));
#4361=FACE_BOUND('',#4362,.T.);
#4362=EDGE_LOOP('',(#4363,#4364,#4365));
#4363=ORIENTED_EDGE('',*,*,#4366,.T.);
#4364=ORIENTED_EDGE('',*,*,#4367,.T.);
#4365=ORIENTED_EDGE('',*,*,#4368,.T.);
#4366=EDGE_CURVE('',#289,#291,#4369,.F.);
#4367=EDGE_CURVE('',#291,#103,#4370,.T.);
#4368=EDGE_CURVE('',#103,#289,#4371,.T.);
#4369=LINE('',#288,#4372);
#4370=LINE('',#290,#4373);
#4371=LINE('',#102,#4374);
#4372=VECTOR('',#4375,1.0);
#4373=VECTOR('',#4376,1.0);
#4374=VECTOR('',#4377,1.0);
#4375=DIRECTION('',(-0.8966401912814309,0.4427599432861998,0));
#4376=DIRECTION('',(0,0,-1));
#4377=DIRECTION('',(0.058511423858519575,-0.028892876943390967,0.9978685359003875));
#4378=FACE_SURFACE('',(#4383),#4379,.T.);
#4379=PLANE('',#4380);
#4380=AXIS2_PLACEMENT_3D('',#288,#4381,#4382);
#4381=DIRECTION('',(-0.4427599432861998,-0.896640191281431,-0));
#4382=DIRECTION('',(-0.058511423858519575,0.028892876943390967,-0.9978685359003875));
#4383=FACE_BOUND('',#4384,.T.);
#4384=EDGE_LOOP('',(#4385,#4386,#4387));
#4385=ORIENTED_EDGE('',*,*,#4388,.T.);
#4386=ORIENTED_EDGE('',*,*,#4389,.T.);
#4387=ORIENTED_EDGE('',*,*,#4390,.T.);
#4388=EDGE_CURVE('',#289,#103,#4391,.F.);
#4389=EDGE_CURVE('',#103,#111,#4392,.T.);
#4390=EDGE_CURVE('',#111,#289,#4393,.T.);
#4391=LINE('',#288,#4394);
#4392=LINE('',#102,#4395);
#4393=LINE('',#110,#4396);
#4394=VECTOR('',#4397,1.0);
#4395=VECTOR('',#4398,1.0);
#4396=VECTOR('',#4399,1.0);
#4397=DIRECTION('',(-0.058511423858519575,0.028892876943390967,-0.9978685359003875));
#4398=DIRECTION('',(0.8966401912814309,-0.4427599432861998,0));
#4399=DIRECTION('',(0,0,1));
#4400=FACE_SURFACE('',(#4405),#4401,.T.);
#4401=PLANE('',#4402);
#4402=AXIS2_PLACEMENT_3D('',#286,#4403,#4404);
#4403=DIRECTION('',(0,0,1));
#4404=DIRECTION('',(-0.5555020403625494,0.8315151731345884,0));
#4405=FACE_BOUND('',#4406,.T.);
#4406=EDGE_LOOP('',(#4407,#4408,#4409));
#4407=ORIENTED_EDGE('',*,*,#4410,.T.);
#4408=ORIENTED_EDGE('',*,*,#4411,.T.);
#4409=ORIENTED_EDGE('',*,*,#4412,.T.);
#4410=EDGE_CURVE('',#287,#175,#4413,.F.);
#4411=EDGE_CURVE('',#175,#143,#4414,.T.);
#4412=EDGE_CURVE('',#143,#287,#4415,.T.);
#4413=LINE('',#286,#4416);
#4414=LINE('',#174,#4417);
#4415=LINE('',#142,#4418);
#4416=VECTOR('',#4419,1.0);
#4417=VECTOR('',#4420,1.0);
#4418=VECTOR('',#4421,1.0);
#4419=DIRECTION('',(-0.5555020403625494,0.8315151731345884,0));
#4420=DIRECTION('',(-0.7832091082354763,-0.6217583877817734,0));
#4421=DIRECTION('',(0.8682691767752239,0.49609337494273703,0));
#4422=FACE_SURFACE('',(#4427),#4423,.T.);
#4423=PLANE('',#4424);
#4424=AXIS2_PLACEMENT_3D('',#134,#4425,#4426);
#4425=DIRECTION('',(0.44275941036270755,0.8966404544382701,-0));
#4426=DIRECTION('',(0,0,1));
#4427=FACE_BOUND('',#4428,.T.);
#4428=EDGE_LOOP('',(#4429,#4430,#4431));
#4429=ORIENTED_EDGE('',*,*,#4432,.T.);
#4430=ORIENTED_EDGE('',*,*,#4433,.T.);
#4431=ORIENTED_EDGE('',*,*,#4434,.T.);
#4432=EDGE_CURVE('',#135,#159,#4435,.F.);
#4433=EDGE_CURVE('',#159,#157,#4436,.T.);
#4434=EDGE_CURVE('',#157,#135,#4437,.T.);
#4435=LINE('',#134,#4438);
#4436=LINE('',#158,#4439);
#4437=LINE('',#156,#4440);
#4438=VECTOR('',#4441,1.0);
#4439=VECTOR('',#4442,1.0);
#4440=VECTOR('',#4443,1.0);
#4441=DIRECTION('',(0,0,1));
#4442=DIRECTION('',(0.89664045443827,-0.44275941036270755,0));
#4443=DIRECTION('',(-0.05851142393164727,0.028892833723065205,-0.9978685371475255));
#4444=FACE_SURFACE('',(#4449),#4445,.T.);
#4445=PLANE('',#4446);
#4446=AXIS2_PLACEMENT_3D('',#158,#4447,#4448);
#4447=DIRECTION('',(0.32101830727996045,0.9470729889459992,0));
#4448=DIRECTION('',(-0.06182235945210682,0.020955205580781476,-0.9978671631188399));
#4449=FACE_BOUND('',#4450,.T.);
#4450=EDGE_LOOP('',(#4451,#4452,#4453));
#4451=ORIENTED_EDGE('',*,*,#4454,.T.);
#4452=ORIENTED_EDGE('',*,*,#4455,.T.);
#4453=ORIENTED_EDGE('',*,*,#4456,.T.);
#4454=EDGE_CURVE('',#159,#187,#4457,.F.);
#4455=EDGE_CURVE('',#187,#161,#4458,.T.);
#4456=EDGE_CURVE('',#161,#159,#4459,.T.);
#4457=LINE('',#158,#4460);
#4458=LINE('',#186,#4461);
#4459=LINE('',#160,#4462);
#4460=VECTOR('',#4463,1.0);
#4461=VECTOR('',#4464,1.0);
#4462=VECTOR('',#4465,1.0);
#4463=DIRECTION('',(-0.06182235945210682,0.020955205580781476,-0.9978671631188399));
#4464=DIRECTION('',(0,0,1));
#4465=DIRECTION('',(0.9470729889459992,-0.3210183072799605,0));
#4466=FACE_SURFACE('',(#4471),#4467,.T.);
#4467=PLANE('',#4468);
#4468=AXIS2_PLACEMENT_3D('',#290,#4469,#4470);
#4469=DIRECTION('',(-0.5555018594767054,-0.83151529397716,-0));
#4470=DIRECTION('',(-0.8315152939771598,0.5555018594767054,0));
#4471=FACE_BOUND('',#4472,.T.);
#4472=EDGE_LOOP('',(#4473,#4474,#4475));
#4473=ORIENTED_EDGE('',*,*,#4476,.T.);
#4474=ORIENTED_EDGE('',*,*,#4477,.T.);
#4475=ORIENTED_EDGE('',*,*,#4478,.T.);
#4476=EDGE_CURVE('',#291,#247,#4479,.F.);
#4477=EDGE_CURVE('',#247,#103,#4480,.T.);
#4478=EDGE_CURVE('',#103,#291,#4481,.T.);
#4479=LINE('',#290,#4482);
#4480=LINE('',#246,#4483);
#4481=LINE('',#102,#4484);
#4482=VECTOR('',#4485,1.0);
#4483=VECTOR('',#4486,1.0);
#4484=VECTOR('',#4487,1.0);
#4485=DIRECTION('',(-0.8315152939771598,0.5555018594767054,0));
#4486=DIRECTION('',(0.05424778259457089,-0.03624075747258586,-0.9978696235387594));
#4487=DIRECTION('',(0,0,1));
#4488=FACE_SURFACE('',(#4493),#4489,.T.);
#4489=PLANE('',#4490);
#4490=AXIS2_PLACEMENT_3D('',#232,#4491,#4492);
#4491=DIRECTION('',(0,-0,1));
#4492=DIRECTION('',(0.442758074745824,0.896641113962198,0));
#4493=FACE_BOUND('',#4494,.T.);
#4494=EDGE_LOOP('',(#4495,#4496,#4497));
#4495=ORIENTED_EDGE('',*,*,#4498,.T.);
#4496=ORIENTED_EDGE('',*,*,#4499,.T.);
#4497=ORIENTED_EDGE('',*,*,#4500,.T.);
#4498=EDGE_CURVE('',#233,#265,#4501,.F.);
#4499=EDGE_CURVE('',#265,#195,#4502,.T.);
#4500=EDGE_CURVE('',#195,#233,#4503,.T.);
#4501=LINE('',#232,#4504);
#4502=LINE('',#264,#4505);
#4503=LINE('',#194,#4506);
#4504=VECTOR('',#4507,1.0);
#4505=VECTOR('',#4508,1.0);
#4506=VECTOR('',#4509,1.0);
#4507=DIRECTION('',(0.442758074745824,0.896641113962198,0));
#4508=DIRECTION('',(-0.9298522190221578,0.367933215107809,0));
#4509=DIRECTION('',(0.863847500941195,-0.5037534070531456,0));
#4510=FACE_SURFACE('',(#4515),#4511,.T.);
#4511=PLANE('',#4512);
#4512=AXIS2_PLACEMENT_3D('',#90,#4513,#4514);
#4513=DIRECTION('',(-0.7518008935768208,-0.6593901852599066,0));
#4514=DIRECTION('',(-0.6593901852599066,0.7518008935768208,0));
#4515=FACE_BOUND('',#4516,.T.);
#4516=EDGE_LOOP('',(#4517,#4518,#4519));
#4517=ORIENTED_EDGE('',*,*,#4520,.T.);
#4518=ORIENTED_EDGE('',*,*,#4521,.T.);
#4519=ORIENTED_EDGE('',*,*,#4522,.T.);
#4520=EDGE_CURVE('',#91,#271,#4523,.F.);
#4521=EDGE_CURVE('',#271,#79,#4524,.T.);
#4522=EDGE_CURVE('',#79,#91,#4525,.T.);
#4523=LINE('',#90,#4526);
#4524=LINE('',#270,#4527);
#4525=LINE('',#78,#4528);
#4526=VECTOR('',#4529,1.0);
#4527=VECTOR('',#4530,1.0);
#4528=VECTOR('',#4531,1.0);
#4529=DIRECTION('',(-0.6593901852599066,0.7518008935768208,0));
#4530=DIRECTION('',(0,0,-1));
#4531=DIRECTION('',(0.043044415152040674,-0.04907690544717527,0.9978670430853741));
#4532=FACE_SURFACE('',(#4537),#4533,.T.);
#4533=PLANE('',#4534);
#4534=AXIS2_PLACEMENT_3D('',#156,#4535,#4536);
#4535=DIRECTION('',(0.5555024325229294,0.8315149111477848,0));
#4536=DIRECTION('',(0.8315149111477848,-0.5555024325229293,0));
#4537=FACE_BOUND('',#4538,.T.);
#4538=EDGE_LOOP('',(#4539,#4540,#4541));
#4539=ORIENTED_EDGE('',*,*,#4542,.T.);
#4540=ORIENTED_EDGE('',*,*,#4543,.T.);
#4541=ORIENTED_EDGE('',*,*,#4544,.T.);
#4542=EDGE_CURVE('',#157,#155,#4545,.F.);
#4543=EDGE_CURVE('',#155,#189,#4546,.T.);
#4544=EDGE_CURVE('',#189,#157,#4547,.T.);
#4545=LINE('',#156,#4548);
#4546=LINE('',#154,#4549);
#4547=LINE('',#188,#4550);
#4548=VECTOR('',#4551,1.0);
#4549=VECTOR('',#4552,1.0);
#4550=VECTOR('',#4553,1.0);
#4551=DIRECTION('',(0.8315149111477848,-0.5555024325229293,0));
#4552=DIRECTION('',(-0.05424778248826904,0.036240811472173805,-0.9978696215833728));
#4553=DIRECTION('',(0,0,1));
#4554=FACE_SURFACE('',(#4559),#4555,.T.);
#4555=PLANE('',#4556);
#4556=AXIS2_PLACEMENT_3D('',#78,#4557,#4558);
#4557=DIRECTION('',(-0.8315151923160476,-0.5555020116503688,0));
#4558=DIRECTION('',(0,0,1));
#4559=FACE_BOUND('',#4560,.T.);
#4560=EDGE_LOOP('',(#4561,#4562,#4563));
#4561=ORIENTED_EDGE('',*,*,#4564,.T.);
#4562=ORIENTED_EDGE('',*,*,#4565,.T.);
#4563=ORIENTED_EDGE('',*,*,#4566,.T.);
#4564=EDGE_CURVE('',#79,#271,#4567,.F.);
#4565=EDGE_CURVE('',#271,#81,#4568,.T.);
#4566=EDGE_CURVE('',#81,#79,#4569,.T.);
#4567=LINE('',#78,#4570);
#4568=LINE('',#270,#4571);
#4569=LINE('',#80,#4572);
#4570=VECTOR('',#4573,1.0);
#4571=VECTOR('',#4574,1.0);
#4572=VECTOR('',#4575,1.0);
#4573=DIRECTION('',(0,0,1));
#4574=DIRECTION('',(-0.0362408005872147,0.054247825638716315,-0.9978696196328803));
#4575=DIRECTION('',(0.5555020116503687,-0.8315151923160476,0));
#4576=FACE_SURFACE('',(#4581),#4577,.T.);
#4577=PLANE('',#4578);
#4578=AXIS2_PLACEMENT_3D('',#272,#4579,#4580);
#4579=DIRECTION('',(-0.8315151923160476,-0.5555020116503688,-0));
#4580=DIRECTION('',(0,0,-1));
#4581=FACE_BOUND('',#4582,.T.);
#4582=EDGE_LOOP('',(#4583,#4584,#4585));
#4583=ORIENTED_EDGE('',*,*,#4586,.T.);
#4584=ORIENTED_EDGE('',*,*,#4587,.T.);
#4585=ORIENTED_EDGE('',*,*,#4588,.T.);
#4586=EDGE_CURVE('',#273,#81,#4589,.F.);
#4587=EDGE_CURVE('',#81,#271,#4590,.T.);
#4588=EDGE_CURVE('',#271,#273,#4591,.T.);
#4589=LINE('',#272,#4592);
#4590=LINE('',#80,#4593);
#4591=LINE('',#270,#4594);
#4592=VECTOR('',#4595,1.0);
#4593=VECTOR('',#4596,1.0);
#4594=VECTOR('',#4597,1.0);
#4595=DIRECTION('',(0,0,-1));
#4596=DIRECTION('',(0.0362408005872147,-0.054247825638716315,0.9978696196328803));
#4597=DIRECTION('',(-0.5555020116503687,0.8315151923160476,0));
#4598=FACE_SURFACE('',(#4603),#4599,.T.);
#4599=PLANE('',#4600);
#4600=AXIS2_PLACEMENT_3D('',#184,#4601,#4602);
#4601=DIRECTION('',(0.5555024325229294,0.8315149111477848,-0));
#4602=DIRECTION('',(-0.8315149111477848,0.5555024325229293,0));
#4603=FACE_BOUND('',#4604,.T.);
#4604=EDGE_LOOP('',(#4605,#4606,#4607));
#4605=ORIENTED_EDGE('',*,*,#4608,.T.);
#4606=ORIENTED_EDGE('',*,*,#4609,.T.);
#4607=ORIENTED_EDGE('',*,*,#4610,.T.);
#4608=EDGE_CURVE('',#185,#189,#4611,.F.);
#4609=EDGE_CURVE('',#189,#155,#4612,.T.);
#4610=EDGE_CURVE('',#155,#185,#4613,.T.);
#4611=LINE('',#184,#4614);
#4612=LINE('',#188,#4615);
#4613=LINE('',#154,#4616);
#4614=VECTOR('',#4617,1.0);
#4615=VECTOR('',#4618,1.0);
#4616=VECTOR('',#4619,1.0);
#4617=DIRECTION('',(-0.8315149111477848,0.5555024325229293,0));
#4618=DIRECTION('',(0.05424778248826904,-0.036240811472173805,0.9978696215833728));
#4619=DIRECTION('',(0,0,-1));
#4620=FACE_SURFACE('',(#4625),#4621,.T.);
#4621=PLANE('',#4622);
#4622=AXIS2_PLACEMENT_3D('',#76,#4623,#4624);
#4623=DIRECTION('',(0.8966411139621979,-0.44275807474582396,0));
#4624=DIRECTION('',(0,0,1));
#4625=FACE_BOUND('',#4626,.T.);
#4626=EDGE_LOOP('',(#4627,#4628,#4629));
#4627=ORIENTED_EDGE('',*,*,#4630,.T.);
#4628=ORIENTED_EDGE('',*,*,#4631,.T.);
#4629=ORIENTED_EDGE('',*,*,#4632,.T.);
#4630=EDGE_CURVE('',#77,#265,#4633,.F.);
#4631=EDGE_CURVE('',#265,#65,#4634,.T.);
#4632=EDGE_CURVE('',#65,#77,#4635,.T.);
#4633=LINE('',#76,#4636);
#4634=LINE('',#264,#4637);
#4635=LINE('',#64,#4638);
#4636=VECTOR('',#4639,1.0);
#4637=VECTOR('',#4640,1.0);
#4638=VECTOR('',#4641,1.0);
#4639=DIRECTION('',(0,0,1));
#4640=DIRECTION('',(-0.02889270413521422,-0.058511381042685384,-0.9978685434145284));
#4641=DIRECTION('',(0.442758074745824,0.896641113962198,0));
#4642=FACE_SURFACE('',(#4647),#4643,.T.);
#4643=PLANE('',#4644);
#4644=AXIS2_PLACEMENT_3D('',#232,#4645,#4646);
#4645=DIRECTION('',(0.8966411139621979,-0.44275807474582396,0));
#4646=DIRECTION('',(0,0,-1));
#4647=FACE_BOUND('',#4648,.T.);
#4648=EDGE_LOOP('',(#4649,#4650,#4651));
#4649=ORIENTED_EDGE('',*,*,#4652,.T.);
#4650=ORIENTED_EDGE('',*,*,#4653,.T.);
#4651=ORIENTED_EDGE('',*,*,#4654,.T.);
#4652=EDGE_CURVE('',#233,#65,#4655,.F.);
#4653=EDGE_CURVE('',#65,#265,#4656,.T.);
#4654=EDGE_CURVE('',#265,#233,#4657,.T.);
#4655=LINE('',#232,#4658);
#4656=LINE('',#64,#4659);
#4657=LINE('',#264,#4660);
#4658=VECTOR('',#4661,1.0);
#4659=VECTOR('',#4662,1.0);
#4660=VECTOR('',#4663,1.0);
#4661=DIRECTION('',(0,0,-1));
#4662=DIRECTION('',(0.02889270413521422,0.058511381042685384,0.9978685434145284));
#4663=DIRECTION('',(-0.442758074745824,-0.896641113962198,0));
#4664=FACE_SURFACE('',(#4669),#4665,.T.);
#4665=PLANE('',#4666);
#4666=AXIS2_PLACEMENT_3D('',#62,#4667,#4668);
#4667=DIRECTION('',(0.8315151923160476,-0.5555020116503688,0));
#4668=DIRECTION('',(0.5555020116503687,0.8315151923160476,0));
#4669=FACE_BOUND('',#4670,.T.);
#4670=EDGE_LOOP('',(#4671,#4672,#4673));
#4671=ORIENTED_EDGE('',*,*,#4674,.T.);
#4672=ORIENTED_EDGE('',*,*,#4675,.T.);
#4673=ORIENTED_EDGE('',*,*,#4676,.T.);
#4674=EDGE_CURVE('',#63,#65,#4677,.F.);
#4675=EDGE_CURVE('',#65,#233,#4678,.T.);
#4676=EDGE_CURVE('',#233,#63,#4679,.T.);
#4677=LINE('',#62,#4680);
#4678=LINE('',#64,#4681);
#4679=LINE('',#232,#4682);
#4680=VECTOR('',#4683,1.0);
#4681=VECTOR('',#4684,1.0);
#4682=VECTOR('',#4685,1.0);
#4683=DIRECTION('',(0.5555020116503687,0.8315151923160476,0));
#4684=DIRECTION('',(0,0,1));
#4685=DIRECTION('',(-0.0362408005872147,-0.054247825638716315,-0.9978696196328803));
#4686=FACE_SURFACE('',(#4691),#4687,.T.);
#4687=PLANE('',#4688);
#4688=AXIS2_PLACEMENT_3D('',#184,#4689,#4690);
#4689=DIRECTION('',(0.6593893417976213,0.7518016333606222,-0));
#4690=DIRECTION('',(0,0,1));
#4691=FACE_BOUND('',#4692,.T.);
#4692=EDGE_LOOP('',(#4693,#4694,#4695));
#4693=ORIENTED_EDGE('',*,*,#4696,.T.);
#4694=ORIENTED_EDGE('',*,*,#4697,.T.);
#4695=ORIENTED_EDGE('',*,*,#4698,.T.);
#4696=EDGE_CURVE('',#185,#155,#4699,.F.);
#4697=EDGE_CURVE('',#155,#183,#4700,.T.);
#4698=EDGE_CURVE('',#183,#185,#4701,.T.);
#4699=LINE('',#184,#4702);
#4700=LINE('',#154,#4703);
#4701=LINE('',#182,#4704);
#4702=VECTOR('',#4705,1.0);
#4703=VECTOR('',#4706,1.0);
#4704=VECTOR('',#4707,1.0);
#4705=DIRECTION('',(0,0,1));
#4706=DIRECTION('',(0.04907694872500716,-0.043044355693352604,-0.9978670435217244));
#4707=DIRECTION('',(-0.7518016333606223,0.6593893417976214,0));
#4708=FACE_SURFACE('',(#4713),#4709,.T.);
#4709=PLANE('',#4710);
#4710=AXIS2_PLACEMENT_3D('',#152,#4711,#4712);
#4711=DIRECTION('',(0.6593893417976213,0.7518016333606222,0));
#4712=DIRECTION('',(0,0,-1));
#4713=FACE_BOUND('',#4714,.T.);
#4714=EDGE_LOOP('',(#4715,#4716,#4717));
#4715=ORIENTED_EDGE('',*,*,#4718,.T.);
#4716=ORIENTED_EDGE('',*,*,#4719,.T.);
#4717=ORIENTED_EDGE('',*,*,#4720,.T.);
#4718=EDGE_CURVE('',#153,#183,#4721,.F.);
#4719=EDGE_CURVE('',#183,#155,#4722,.T.);
#4720=EDGE_CURVE('',#155,#153,#4723,.T.);
#4721=LINE('',#152,#4724);
#4722=LINE('',#182,#4725);
#4723=LINE('',#154,#4726);
#4724=VECTOR('',#4727,1.0);
#4725=VECTOR('',#4728,1.0);
#4726=VECTOR('',#4729,1.0);
#4727=DIRECTION('',(0,0,-1));
#4728=DIRECTION('',(-0.04907694872500716,0.043044355693352604,0.9978670435217244));
#4729=DIRECTION('',(0.7518016333606223,-0.6593893417976214,0));
#4730=FACE_SURFACE('',(#4735),#4731,.T.);
#4731=PLANE('',#4732);
#4732=AXIS2_PLACEMENT_3D('',#152,#4733,#4734);
#4733=DIRECTION('',(0.7518009566012179,0.6593901134029033,0));
#4734=DIRECTION('',(0.04304441513205162,-0.049076914886716075,-0.9978670426219826));
#4735=FACE_BOUND('',#4736,.T.);
#4736=EDGE_LOOP('',(#4737,#4738,#4739));
#4737=ORIENTED_EDGE('',*,*,#4740,.T.);
#4738=ORIENTED_EDGE('',*,*,#4741,.T.);
#4739=ORIENTED_EDGE('',*,*,#4742,.T.);
#4740=EDGE_CURVE('',#153,#181,#4743,.F.);
#4741=EDGE_CURVE('',#181,#183,#4744,.T.);
#4742=EDGE_CURVE('',#183,#153,#4745,.T.);
#4743=LINE('',#152,#4746);
#4744=LINE('',#180,#4747);
#4745=LINE('',#182,#4748);
#4746=VECTOR('',#4749,1.0);
#4747=VECTOR('',#4750,1.0);
#4748=VECTOR('',#4751,1.0);
#4749=DIRECTION('',(0.04304441513205162,-0.049076914886716075,-0.9978670426219826));
#4750=DIRECTION('',(-0.6593901134029033,0.7518009566012178,0));
#4751=DIRECTION('',(0,0,1));
#4752=FACE_SURFACE('',(#4757),#4753,.T.);
#4753=PLANE('',#4754);
#4754=AXIS2_PLACEMENT_3D('',#200,#4755,#4756);
#4755=DIRECTION('',(-0,0,1));
#4756=DIRECTION('',(0.6803951948738514,-0.7328453989707338,0));
#4757=FACE_BOUND('',#4758,.T.);
#4758=EDGE_LOOP('',(#4759,#4760,#4761));
#4759=ORIENTED_EDGE('',*,*,#4762,.T.);
#4760=ORIENTED_EDGE('',*,*,#4763,.T.);
#4761=ORIENTED_EDGE('',*,*,#4764,.T.);
#4762=EDGE_CURVE('',#201,#237,#4765,.F.);
#4763=EDGE_CURVE('',#237,#195,#4766,.T.);
#4764=EDGE_CURVE('',#195,#201,#4767,.T.);
#4765=LINE('',#200,#4768);
#4766=LINE('',#236,#4769);
#4767=LINE('',#194,#4770);
#4768=VECTOR('',#4771,1.0);
#4769=VECTOR('',#4772,1.0);
#4770=VECTOR('',#4773,1.0);
#4771=DIRECTION('',(0.6803951948738514,-0.7328453989707338,0));
#4772=DIRECTION('',(-0.6753044347121853,0.7375390975792782,0));
#4773=DIRECTION('',(-0.7071139550195161,-0.7070996072807972,0));
#4774=FACE_SURFACE('',(#4779),#4775,.T.);
#4775=PLANE('',#4776);
#4776=AXIS2_PLACEMENT_3D('',#174,#4777,#4778);
#4777=DIRECTION('',(0.7518009566012179,0.6593901134029033,0));
#4778=DIRECTION('',(0,0,-1));
#4779=FACE_BOUND('',#4780,.T.);
#4780=EDGE_LOOP('',(#4781,#4782,#4783));
#4781=ORIENTED_EDGE('',*,*,#4784,.T.);
#4782=ORIENTED_EDGE('',*,*,#4785,.T.);
#4783=ORIENTED_EDGE('',*,*,#4786,.T.);
#4784=EDGE_CURVE('',#175,#181,#4787,.F.);
#4785=EDGE_CURVE('',#181,#153,#4788,.T.);
#4786=EDGE_CURVE('',#153,#175,#4789,.T.);
#4787=LINE('',#174,#4790);
#4788=LINE('',#180,#4791);
#4789=LINE('',#152,#4792);
#4790=VECTOR('',#4793,1.0);
#4791=VECTOR('',#4794,1.0);
#4792=VECTOR('',#4795,1.0);
#4793=DIRECTION('',(0,0,-1));
#4794=DIRECTION('',(-0.04304441513205162,0.049076914886716075,0.9978670426219826));
#4795=DIRECTION('',(0.6593901134029033,-0.7518009566012178,0));
#4796=FACE_SURFACE('',(#4801),#4797,.T.);
#4797=PLANE('',#4798);
#4798=AXIS2_PLACEMENT_3D('',#178,#4799,#4800);
#4799=DIRECTION('',(0.8315151731345884,0.5555020403625495,-0));
#4800=DIRECTION('',(-0.5555020403625494,0.8315151731345884,0));
#4801=FACE_BOUND('',#4802,.T.);
#4802=EDGE_LOOP('',(#4803,#4804,#4805));
#4803=ORIENTED_EDGE('',*,*,#4806,.T.);
#4804=ORIENTED_EDGE('',*,*,#4807,.T.);
#4805=ORIENTED_EDGE('',*,*,#4808,.T.);
#4806=EDGE_CURVE('',#179,#181,#4809,.F.);
#4807=EDGE_CURVE('',#181,#287,#4810,.T.);
#4808=EDGE_CURVE('',#287,#179,#4811,.T.);
#4809=LINE('',#178,#4812);
#4810=LINE('',#180,#4813);
#4811=LINE('',#286,#4814);
#4812=VECTOR('',#4815,1.0);
#4813=VECTOR('',#4816,1.0);
#4814=VECTOR('',#4817,1.0);
#4815=DIRECTION('',(-0.5555020403625494,0.8315151731345884,0));
#4816=DIRECTION('',(0.03624080059518735,-0.05424782159535505,0.9978696198524025));
#4817=DIRECTION('',(0,0,-1));
#4818=FACE_SURFACE('',(#4823),#4819,.T.);
#4819=PLANE('',#4820);
#4820=AXIS2_PLACEMENT_3D('',#140,#4821,#4822);
#4821=DIRECTION('',(0,-0,1));
#4822=DIRECTION('',(0.9560256132846267,0.2932831852386932,0));
#4823=FACE_BOUND('',#4824,.T.);
#4824=EDGE_LOOP('',(#4825,#4826,#4827));
#4825=ORIENTED_EDGE('',*,*,#4828,.T.);
#4826=ORIENTED_EDGE('',*,*,#4829,.T.);
#4827=ORIENTED_EDGE('',*,*,#4830,.T.);
#4828=EDGE_CURVE('',#141,#283,#4831,.F.);
#4829=EDGE_CURVE('',#283,#143,#4832,.T.);
#4830=EDGE_CURVE('',#143,#141,#4833,.T.);
#4831=LINE('',#140,#4834);
#4832=LINE('',#282,#4835);
#4833=LINE('',#142,#4836);
#4834=VECTOR('',#4837,1.0);
#4835=VECTOR('',#4838,1.0);
#4836=VECTOR('',#4839,1.0);
#4837=DIRECTION('',(0.9560256132846267,0.2932831852386932,0));
#4838=DIRECTION('',(-0.9767432783042934,-0.21441214584855386,0));
#4839=DIRECTION('',(0.258222476028037,-0.9660854790720901,0));
#4840=FACE_SURFACE('',(#4845),#4841,.T.);
#4841=PLANE('',#4842);
#4842=AXIS2_PLACEMENT_3D('',#234,#4843,#4844);
#4843=DIRECTION('',(0,-0,1));
#4844=DIRECTION('',(0.5555020116503687,0.8315151923160476,0));
#4845=FACE_BOUND('',#4846,.T.);
#4846=EDGE_LOOP('',(#4847,#4848,#4849));
#4847=ORIENTED_EDGE('',*,*,#4850,.T.);
#4848=ORIENTED_EDGE('',*,*,#4851,.T.);
#4849=ORIENTED_EDGE('',*,*,#4852,.T.);
#4850=EDGE_CURVE('',#235,#233,#4853,.F.);
#4851=EDGE_CURVE('',#233,#195,#4854,.T.);
#4852=EDGE_CURVE('',#195,#235,#4855,.T.);
#4853=LINE('',#234,#4856);
#4854=LINE('',#232,#4857);
#4855=LINE('',#194,#4858);
#4856=VECTOR('',#4859,1.0);
#4857=VECTOR('',#4860,1.0);
#4858=VECTOR('',#4861,1.0);
#4859=DIRECTION('',(0.5555020116503687,0.8315151923160476,0));
#4860=DIRECTION('',(-0.863847500941195,0.5037534070531456,0));
#4861=DIRECTION('',(0.7782347024486889,-0.6279735248436839,0));
#4862=FACE_SURFACE('',(#4867),#4863,.T.);
#4863=PLANE('',#4864);
#4864=AXIS2_PLACEMENT_3D('',#120,#4865,#4866);
#4865=DIRECTION('',(-0.8966400613347165,0.44276020644325736,0));
#4866=DIRECTION('',(-0.028892877016518687,-0.05851138075017549,0.9978685384259874));
#4867=FACE_BOUND('',#4868,.T.);
#4868=EDGE_LOOP('',(#4869,#4870,#4871));
#4869=ORIENTED_EDGE('',*,*,#4872,.T.);
#4870=ORIENTED_EDGE('',*,*,#4873,.T.);
#4871=ORIENTED_EDGE('',*,*,#4874,.T.);
#4872=EDGE_CURVE('',#121,#205,#4875,.F.);
#4873=EDGE_CURVE('',#205,#203,#4876,.T.);
#4874=EDGE_CURVE('',#203,#121,#4877,.T.);
#4875=LINE('',#120,#4878);
#4876=LINE('',#204,#4879);
#4877=LINE('',#202,#4880);
#4878=VECTOR('',#4881,1.0);
#4879=VECTOR('',#4882,1.0);
#4880=VECTOR('',#4883,1.0);
#4881=DIRECTION('',(-0.028892877016518687,-0.05851138075017549,0.9978685384259874));
#4882=DIRECTION('',(0.44276020644325736,0.8966400613347164,0));
#4883=DIRECTION('',(0,0,-1));
#4884=FACE_SURFACE('',(#4889),#4885,.T.);
#4885=PLANE('',#4886);
#4886=AXIS2_PLACEMENT_3D('',#180,#4887,#4888);
#4887=DIRECTION('',(0.8315151731345884,0.5555020403625495,-0));
#4888=DIRECTION('',(0,0,1));
#4889=FACE_BOUND('',#4890,.T.);
#4890=EDGE_LOOP('',(#4891,#4892,#4893));
#4891=ORIENTED_EDGE('',*,*,#4894,.T.);
#4892=ORIENTED_EDGE('',*,*,#4895,.T.);
#4893=ORIENTED_EDGE('',*,*,#4896,.T.);
#4894=EDGE_CURVE('',#181,#175,#4897,.F.);
#4895=EDGE_CURVE('',#175,#287,#4898,.T.);
#4896=EDGE_CURVE('',#287,#181,#4899,.T.);
#4897=LINE('',#180,#4900);
#4898=LINE('',#174,#4901);
#4899=LINE('',#286,#4902);
#4900=VECTOR('',#4903,1.0);
#4901=VECTOR('',#4904,1.0);
#4902=VECTOR('',#4905,1.0);
#4903=DIRECTION('',(0,0,1));
#4904=DIRECTION('',(0.5555020403625494,-0.8315151731345884,0));
#4905=DIRECTION('',(-0.03624080059518735,0.05424782159535505,-0.9978696198524025));
#4906=FACE_SURFACE('',(#4911),#4907,.T.);
#4907=PLANE('',#4908);
#4908=AXIS2_PLACEMENT_3D('',#120,#4909,#4910);
#4909=DIRECTION('',(-0.8315151731345884,0.5555020403625495,0));
#4910=DIRECTION('',(0,0,1));
#4911=FACE_BOUND('',#4912,.T.);
#4912=EDGE_LOOP('',(#4913,#4914,#4915));
#4913=ORIENTED_EDGE('',*,*,#4916,.T.);
#4914=ORIENTED_EDGE('',*,*,#4917,.T.);
#4915=ORIENTED_EDGE('',*,*,#4918,.T.);
#4916=EDGE_CURVE('',#121,#203,#4919,.F.);
#4917=EDGE_CURVE('',#203,#117,#4920,.T.);
#4918=EDGE_CURVE('',#117,#121,#4921,.T.);
#4919=LINE('',#120,#4922);
#4920=LINE('',#202,#4923);
#4921=LINE('',#116,#4924);
#4922=VECTOR('',#4925,1.0);
#4923=VECTOR('',#4926,1.0);
#4924=VECTOR('',#4927,1.0);
#4925=DIRECTION('',(0,0,1));
#4926=DIRECTION('',(0.5555020403625494,0.8315151731345884,0));
#4927=DIRECTION('',(-0.03624080059518735,-0.05424782159535505,-0.9978696198524025));
#4928=FACE_SURFACE('',(#4933),#4929,.T.);
#4929=PLANE('',#4930);
#4930=AXIS2_PLACEMENT_3D('',#116,#4931,#4932);
#4931=DIRECTION('',(-0.7518009566012179,0.6593901134029033,0));
#4932=DIRECTION('',(0.6593901134029033,0.7518009566012178,0));
#4933=FACE_BOUND('',#4934,.T.);
#4934=EDGE_LOOP('',(#4935,#4936,#4937));
#4935=ORIENTED_EDGE('',*,*,#4938,.T.);
#4936=ORIENTED_EDGE('',*,*,#4939,.T.);
#4937=ORIENTED_EDGE('',*,*,#4940,.T.);
#4938=EDGE_CURVE('',#117,#57,#4941,.F.);
#4939=EDGE_CURVE('',#57,#119,#4942,.T.);
#4940=EDGE_CURVE('',#119,#117,#4943,.T.);
#4941=LINE('',#116,#4944);
#4942=LINE('',#56,#4945);
#4943=LINE('',#118,#4946);
#4944=VECTOR('',#4947,1.0);
#4945=VECTOR('',#4948,1.0);
#4946=VECTOR('',#4949,1.0);
#4947=DIRECTION('',(0.6593901134029033,0.7518009566012178,0));
#4948=DIRECTION('',(-0.04304441513205162,-0.049076914886716075,-0.9978670426219826));
#4949=DIRECTION('',(0,0,1));
#4950=FACE_SURFACE('',(#4955),#4951,.T.);
#4951=PLANE('',#4952);
#4952=AXIS2_PLACEMENT_3D('',#148,#4953,#4954);
#4953=DIRECTION('',(0,-0,1));
#4954=DIRECTION('',(0.22040294577022812,0.9754089098915417,0));
#4955=FACE_BOUND('',#4956,.T.);
#4956=EDGE_LOOP('',(#4957,#4958,#4959));
#4957=ORIENTED_EDGE('',*,*,#4960,.T.);
#4958=ORIENTED_EDGE('',*,*,#4961,.T.);
#4959=ORIENTED_EDGE('',*,*,#4962,.T.);
#4960=EDGE_CURVE('',#149,#161,#4963,.F.);
#4961=EDGE_CURVE('',#161,#165,#4964,.T.);
#4962=EDGE_CURVE('',#165,#149,#4965,.T.);
#4963=LINE('',#148,#4966);
#4964=LINE('',#160,#4967);
#4965=LINE('',#164,#4968);
#4966=VECTOR('',#4969,1.0);
#4967=VECTOR('',#4970,1.0);
#4968=VECTOR('',#4971,1.0);
#4969=DIRECTION('',(0.22040294577022812,0.9754089098915417,0));
#4970=DIRECTION('',(-0.29936449115198543,-0.9541388271301576,0));
#4971=DIRECTION('',(0.9656777136199184,-0.2597432451822509,0));
#4972=FACE_SURFACE('',(#4977),#4973,.T.);
#4973=PLANE('',#4974);
#4974=AXIS2_PLACEMENT_3D('',#286,#4975,#4976);
#4975=DIRECTION('',(0.8966411139621979,0.44275807474582396,0));
#4976=DIRECTION('',(0.02889270413521422,-0.058511381042685384,-0.9978685434145284));
#4977=FACE_BOUND('',#4978,.T.);
#4978=EDGE_LOOP('',(#4979,#4980,#4981));
#4979=ORIENTED_EDGE('',*,*,#4982,.T.);
#4980=ORIENTED_EDGE('',*,*,#4983,.T.);
#4981=ORIENTED_EDGE('',*,*,#4984,.T.);
#4982=EDGE_CURVE('',#287,#137,#4985,.F.);
#4983=EDGE_CURVE('',#137,#179,#4986,.T.);
#4984=EDGE_CURVE('',#179,#287,#4987,.T.);
#4985=LINE('',#286,#4988);
#4986=LINE('',#136,#4989);
#4987=LINE('',#178,#4990);
#4988=VECTOR('',#4991,1.0);
#4989=VECTOR('',#4992,1.0);
#4990=VECTOR('',#4993,1.0);
#4991=DIRECTION('',(0.02889270413521422,-0.058511381042685384,-0.9978685434145284));
#4992=DIRECTION('',(-0.442758074745824,0.896641113962198,0));
#4993=DIRECTION('',(0,0,1));
#4994=FACE_SURFACE('',(#4999),#4995,.T.);
#4995=PLANE('',#4996);
#4996=AXIS2_PLACEMENT_3D('',#112,#4997,#4998);
#4997=DIRECTION('',(-0.6593893417976213,0.7518016333606222,0));
#4998=DIRECTION('',(0,0,-1));
#4999=FACE_BOUND('',#5000,.T.);
#5000=EDGE_LOOP('',(#5001,#5002,#5003));
#5001=ORIENTED_EDGE('',*,*,#5004,.T.);
#5002=ORIENTED_EDGE('',*,*,#5005,.T.);
#5003=ORIENTED_EDGE('',*,*,#5006,.T.);
#5004=EDGE_CURVE('',#113,#231,#5007,.F.);
#5005=EDGE_CURVE('',#231,#57,#5008,.T.);
#5006=EDGE_CURVE('',#57,#113,#5009,.T.);
#5007=LINE('',#112,#5010);
#5008=LINE('',#230,#5011);
#5009=LINE('',#56,#5012);
#5010=VECTOR('',#5013,1.0);
#5011=VECTOR('',#5014,1.0);
#5012=VECTOR('',#5015,1.0);
#5013=DIRECTION('',(0,0,-1));
#5014=DIRECTION('',(-0.04907694872500716,-0.043044355693352604,0.9978670435217244));
#5015=DIRECTION('',(0.7518016333606223,0.6593893417976214,0));
#5016=FACE_SURFACE('',(#5021),#5017,.T.);
#5017=PLANE('',#5018);
#5018=AXIS2_PLACEMENT_3D('',#228,#5019,#5020);
#5019=DIRECTION('',(-0.7518009566012179,0.6593901134029033,0));
#5020=DIRECTION('',(-0.6593901134029033,-0.7518009566012178,0));
#5021=FACE_BOUND('',#5022,.T.);
#5022=EDGE_LOOP('',(#5023,#5024,#5025));
#5023=ORIENTED_EDGE('',*,*,#5026,.T.);
#5024=ORIENTED_EDGE('',*,*,#5027,.T.);
#5025=ORIENTED_EDGE('',*,*,#5028,.T.);
#5026=EDGE_CURVE('',#229,#119,#5029,.F.);
#5027=EDGE_CURVE('',#119,#57,#5030,.T.);
#5028=EDGE_CURVE('',#57,#229,#5031,.T.);
#5029=LINE('',#228,#5032);
#5030=LINE('',#118,#5033);
#5031=LINE('',#56,#5034);
#5032=VECTOR('',#5035,1.0);
#5033=VECTOR('',#5036,1.0);
#5034=VECTOR('',#5037,1.0);
#5035=DIRECTION('',(-0.6593901134029033,-0.7518009566012178,0));
#5036=DIRECTION('',(0.04304441513205162,0.049076914886716075,0.9978670426219826));
#5037=DIRECTION('',(0,0,-1));
#5038=FACE_SURFACE('',(#5043),#5039,.T.);
#5039=PLANE('',#5040);
#5040=AXIS2_PLACEMENT_3D('',#290,#5041,#5042);
#5041=DIRECTION('',(-0,0,1));
#5042=DIRECTION('',(0.8966401912814309,-0.4427599432861998,0));
#5043=FACE_BOUND('',#5044,.T.);
#5044=EDGE_LOOP('',(#5045,#5046,#5047));
#5045=ORIENTED_EDGE('',*,*,#5048,.T.);
#5046=ORIENTED_EDGE('',*,*,#5049,.T.);
#5047=ORIENTED_EDGE('',*,*,#5050,.T.);
#5048=EDGE_CURVE('',#291,#289,#5051,.F.);
#5049=EDGE_CURVE('',#289,#93,#5052,.T.);
#5050=EDGE_CURVE('',#93,#291,#5053,.T.);
#5051=LINE('',#290,#5054);
#5052=LINE('',#288,#5055);
#5053=LINE('',#92,#5056);
#5054=VECTOR('',#5057,1.0);
#5055=VECTOR('',#5058,1.0);
#5056=VECTOR('',#5059,1.0);
#5057=DIRECTION('',(0.8966401912814309,-0.4427599432861998,0));
#5058=DIRECTION('',(0.2997082496146696,0.9540309036466853,0));
#5059=DIRECTION('',(-0.435613969588834,-0.9001335842523922,0));
#5060=FACE_SURFACE('',(#5065),#5061,.T.);
#5061=PLANE('',#5062);
#5062=AXIS2_PLACEMENT_3D('',#246,#5063,#5064);
#5063=DIRECTION('',(-0,0,1));
#5064=DIRECTION('',(0.8315152939771598,-0.5555018594767054,0));
#5065=FACE_BOUND('',#5066,.T.);
#5066=EDGE_LOOP('',(#5067,#5068,#5069));
#5067=ORIENTED_EDGE('',*,*,#5070,.T.);
#5068=ORIENTED_EDGE('',*,*,#5071,.T.);
#5069=ORIENTED_EDGE('',*,*,#5072,.T.);
#5070=EDGE_CURVE('',#247,#291,#5073,.F.);
#5071=EDGE_CURVE('',#291,#93,#5074,.T.);
#5072=EDGE_CURVE('',#93,#247,#5075,.T.);
#5073=LINE('',#246,#5076);
#5074=LINE('',#290,#5077);
#5075=LINE('',#92,#5078);
#5076=VECTOR('',#5079,1.0);
#5077=VECTOR('',#5080,1.0);
#5078=VECTOR('',#5081,1.0);
#5079=DIRECTION('',(0.8315152939771598,-0.5555018594767054,0));
#5080=DIRECTION('',(0.435613969588834,0.9001335842523922,0));
#5081=DIRECTION('',(-0.5636354301753949,-0.8260236690622114,0));
#5082=FACE_SURFACE('',(#5087),#5083,.T.);
#5083=PLANE('',#5084);
#5084=AXIS2_PLACEMENT_3D('',#230,#5085,#5086);
#5085=DIRECTION('',(-0.5555024325229294,0.8315149111477848,0));
#5086=DIRECTION('',(0,0,1));
#5087=FACE_BOUND('',#5088,.T.);
#5088=EDGE_LOOP('',(#5089,#5090,#5091));
#5089=ORIENTED_EDGE('',*,*,#5092,.T.);
#5090=ORIENTED_EDGE('',*,*,#5093,.T.);
#5091=ORIENTED_EDGE('',*,*,#5094,.T.);
#5092=EDGE_CURVE('',#231,#113,#5095,.F.);
#5093=EDGE_CURVE('',#113,#115,#5096,.T.);
#5094=EDGE_CURVE('',#115,#231,#5097,.T.);
#5095=LINE('',#230,#5098);
#5096=LINE('',#112,#5099);
#5097=LINE('',#114,#5100);
#5098=VECTOR('',#5101,1.0);
#5099=VECTOR('',#5102,1.0);
#5100=VECTOR('',#5103,1.0);
#5101=DIRECTION('',(0,0,1));
#5102=DIRECTION('',(0.8315149111477848,0.5555024325229293,0));
#5103=DIRECTION('',(-0.05424778248826904,-0.036240811472173805,-0.9978696215833728));
#5104=FACE_SURFACE('',(#5109),#5105,.T.);
#5105=PLANE('',#5106);
#5106=AXIS2_PLACEMENT_3D('',#164,#5107,#5108);
#5107=DIRECTION('',(0,0,1));
#5108=DIRECTION('',(-0.29936449115198543,0.9541388271301576,0));
#5109=FACE_BOUND('',#5110,.T.);
#5110=EDGE_LOOP('',(#5111,#5112,#5113));
#5111=ORIENTED_EDGE('',*,*,#5114,.T.);
#5112=ORIENTED_EDGE('',*,*,#5115,.T.);
#5113=ORIENTED_EDGE('',*,*,#5116,.T.);
#5114=EDGE_CURVE('',#165,#173,#5117,.F.);
#5115=EDGE_CURVE('',#173,#55,#5118,.T.);
#5116=EDGE_CURVE('',#55,#165,#5119,.T.);
#5117=LINE('',#164,#5120);
#5118=LINE('',#172,#5121);
#5119=LINE('',#54,#5122);
#5120=VECTOR('',#5123,1.0);
#5121=VECTOR('',#5124,1.0);
#5122=VECTOR('',#5125,1.0);
#5123=DIRECTION('',(-0.29936449115198543,0.9541388271301576,0));
#5124=DIRECTION('',(0.22050293326603823,-0.9753863113767145,0));
#5125=DIRECTION('',(0.9655908472824862,0.26006598325096336,0));
#5126=FACE_SURFACE('',(#5131),#5127,.T.);
#5127=PLANE('',#5128);
#5128=AXIS2_PLACEMENT_3D('',#168,#5129,#5130);
#5129=DIRECTION('',(-0.19531409403813174,0.9807407428418908,0));
#5130=DIRECTION('',(0,0,-1));
#5131=FACE_BOUND('',#5132,.T.);
#5132=EDGE_LOOP('',(#5133,#5134,#5135));
#5133=ORIENTED_EDGE('',*,*,#5136,.T.);
#5134=ORIENTED_EDGE('',*,*,#5137,.T.);
#5135=ORIENTED_EDGE('',*,*,#5138,.T.);
#5136=EDGE_CURVE('',#169,#219,#5139,.F.);
#5137=EDGE_CURVE('',#219,#217,#5140,.T.);
#5138=EDGE_CURVE('',#217,#169,#5141,.T.);
#5139=LINE('',#168,#5142);
#5140=LINE('',#218,#5143);
#5141=LINE('',#216,#5144);
#5142=VECTOR('',#5145,1.0);
#5143=VECTOR('',#5146,1.0);
#5144=VECTOR('',#5147,1.0);
#5145=DIRECTION('',(0,0,-1));
#5146=DIRECTION('',(-0.980740742841891,-0.19531409403813174,0));
#5147=DIRECTION('',(0.06399962696388814,0.012745497982483001,0.9978685284293025));
#5148=FACE_SURFACE('',(#5153),#5149,.T.);
#5149=PLANE('',#5150);
#5150=AXIS2_PLACEMENT_3D('',#172,#5151,#5152);
#5151=DIRECTION('',(-0.19531409403813174,0.9807407428418908,0));
#5152=DIRECTION('',(0.980740742841891,0.19531409403813174,0));
#5153=FACE_BOUND('',#5154,.T.);
#5154=EDGE_LOOP('',(#5155,#5156,#5157));
#5155=ORIENTED_EDGE('',*,*,#5158,.T.);
#5156=ORIENTED_EDGE('',*,*,#5159,.T.);
#5157=ORIENTED_EDGE('',*,*,#5160,.T.);
#5158=EDGE_CURVE('',#173,#169,#5161,.F.);
#5159=EDGE_CURVE('',#169,#217,#5162,.T.);
#5160=EDGE_CURVE('',#217,#173,#5163,.T.);
#5161=LINE('',#172,#5164);
#5162=LINE('',#168,#5165);
#5163=LINE('',#216,#5166);
#5164=VECTOR('',#5167,1.0);
#5165=VECTOR('',#5168,1.0);
#5166=VECTOR('',#5169,1.0);
#5167=DIRECTION('',(0.980740742841891,0.19531409403813174,0));
#5168=DIRECTION('',(-0.06399962696388814,-0.012745497982483001,-0.9978685284293025));
#5169=DIRECTION('',(0,0,1));
#5170=FACE_SURFACE('',(#5175),#5171,.T.);
#5171=PLANE('',#5172);
#5172=AXIS2_PLACEMENT_3D('',#218,#5173,#5174);
#5173=DIRECTION('',(-0.06531984583852428,0.9978643784300707,0));
#5174=DIRECTION('',(0,0,1));
#5175=FACE_BOUND('',#5176,.T.);
#5176=EDGE_LOOP('',(#5177,#5178,#5179));
#5177=ORIENTED_EDGE('',*,*,#5180,.T.);
#5178=ORIENTED_EDGE('',*,*,#5181,.T.);
#5179=ORIENTED_EDGE('',*,*,#5182,.T.);
#5180=EDGE_CURVE('',#219,#169,#5183,.F.);
#5181=EDGE_CURVE('',#169,#221,#5184,.T.);
#5182=EDGE_CURVE('',#221,#219,#5185,.T.);
#5183=LINE('',#218,#5186);
#5184=LINE('',#168,#5187);
#5185=LINE('',#220,#5188);
#5186=VECTOR('',#5189,1.0);
#5187=VECTOR('',#5190,1.0);
#5188=VECTOR('',#5191,1.0);
#5189=DIRECTION('',(0,0,1));
#5190=DIRECTION('',(0.065133567037238,0.004263620036701935,-0.9978674461015291));
#5191=DIRECTION('',(-0.9978643784300708,-0.06531984583852428,0));
#5192=FACE_SURFACE('',(#5197),#5193,.T.);
#5193=PLANE('',#5194);
#5194=AXIS2_PLACEMENT_3D('',#288,#5195,#5196);
#5195=DIRECTION('',(-0,0,1));
#5196=DIRECTION('',(0.9470729889459992,-0.3210183072799605,0));
#5197=FACE_BOUND('',#5198,.T.);
#5198=EDGE_LOOP('',(#5199,#5200,#5201));
#5199=ORIENTED_EDGE('',*,*,#5202,.T.);
#5200=ORIENTED_EDGE('',*,*,#5203,.T.);
#5201=ORIENTED_EDGE('',*,*,#5204,.T.);
#5202=EDGE_CURVE('',#289,#275,#5205,.F.);
#5203=EDGE_CURVE('',#275,#93,#5206,.T.);
#5204=EDGE_CURVE('',#93,#289,#5207,.T.);
#5205=LINE('',#288,#5208);
#5206=LINE('',#274,#5209);
#5207=LINE('',#92,#5210);
#5208=VECTOR('',#5211,1.0);
#5209=VECTOR('',#5212,1.0);
#5210=VECTOR('',#5213,1.0);
#5211=DIRECTION('',(0.9470729889459992,-0.3210183072799605,0));
#5212=DIRECTION('',(0.15936374065778317,0.987219934038793,0));
#5213=DIRECTION('',(-0.2997082496146696,-0.9540309036466853,0));
#5214=FACE_SURFACE('',(#5219),#5215,.T.);
#5215=PLANE('',#5216);
#5216=AXIS2_PLACEMENT_3D('',#228,#5217,#5218);
#5217=DIRECTION('',(-0.6593893417976213,0.7518016333606222,0));
#5218=DIRECTION('',(0,0,1));
#5219=FACE_BOUND('',#5220,.T.);
#5220=EDGE_LOOP('',(#5221,#5222,#5223));
#5221=ORIENTED_EDGE('',*,*,#5224,.T.);
#5222=ORIENTED_EDGE('',*,*,#5225,.T.);
#5223=ORIENTED_EDGE('',*,*,#5226,.T.);
#5224=EDGE_CURVE('',#229,#57,#5227,.F.);
#5225=EDGE_CURVE('',#57,#231,#5228,.T.);
#5226=EDGE_CURVE('',#231,#229,#5229,.T.);
#5227=LINE('',#228,#5230);
#5228=LINE('',#56,#5231);
#5229=LINE('',#230,#5232);
#5230=VECTOR('',#5233,1.0);
#5231=VECTOR('',#5234,1.0);
#5232=VECTOR('',#5235,1.0);
#5233=DIRECTION('',(0,0,1));
#5234=DIRECTION('',(0.04907694872500716,0.043044355693352604,-0.9978670435217244));
#5235=DIRECTION('',(-0.7518016333606223,-0.6593893417976214,0));
#5236=FACE_SURFACE('',(#5241),#5237,.T.);
#5237=PLANE('',#5238);
#5238=AXIS2_PLACEMENT_3D('',#274,#5239,#5240);
#5239=DIRECTION('',(-0,0,1));
#5240=DIRECTION('',(0.9807407110983418,-0.19531425343358505,0));
#5241=FACE_BOUND('',#5242,.T.);
#5242=EDGE_LOOP('',(#5243,#5244,#5245));
#5243=ORIENTED_EDGE('',*,*,#5246,.T.);
#5244=ORIENTED_EDGE('',*,*,#5247,.T.);
#5245=ORIENTED_EDGE('',*,*,#5248,.T.);
#5246=EDGE_CURVE('',#275,#269,#5249,.F.);
#5247=EDGE_CURVE('',#269,#93,#5250,.T.);
#5248=EDGE_CURVE('',#93,#275,#5251,.T.);
#5249=LINE('',#274,#5252);
#5250=LINE('',#268,#5253);
#5251=LINE('',#92,#5254);
#5252=VECTOR('',#5255,1.0);
#5253=VECTOR('',#5256,1.0);
#5254=VECTOR('',#5257,1.0);
#5255=DIRECTION('',(0.9807407110983418,-0.19531425343358505,0));
#5256=DIRECTION('',(0.018024858455563,0.9998375390420471,0));
#5257=DIRECTION('',(-0.15936374065778317,-0.987219934038793,0));
#5258=FACE_SURFACE('',(#5263),#5259,.T.);
#5259=PLANE('',#5260);
#5260=AXIS2_PLACEMENT_3D('',#166,#5261,#5262);
#5261=DIRECTION('',(-0.06531984583852428,0.9978643784300707,0));
#5262=DIRECTION('',(0,0,-1));
#5263=FACE_BOUND('',#5264,.T.);
#5264=EDGE_LOOP('',(#5265,#5266,#5267));
#5265=ORIENTED_EDGE('',*,*,#5268,.T.);
#5266=ORIENTED_EDGE('',*,*,#5269,.T.);
#5267=ORIENTED_EDGE('',*,*,#5270,.T.);
#5268=EDGE_CURVE('',#167,#221,#5271,.F.);
#5269=EDGE_CURVE('',#221,#169,#5272,.T.);
#5270=EDGE_CURVE('',#169,#167,#5273,.T.);
#5271=LINE('',#166,#5274);
#5272=LINE('',#220,#5275);
#5273=LINE('',#168,#5276);
#5274=VECTOR('',#5277,1.0);
#5275=VECTOR('',#5278,1.0);
#5276=VECTOR('',#5279,1.0);
#5277=DIRECTION('',(0,0,-1));
#5278=DIRECTION('',(-0.065133567037238,-0.004263620036701935,0.9978674461015291));
#5279=DIRECTION('',(0.9978643784300708,0.06531984583852428,0));
#5280=FACE_SURFACE('',(#5285),#5281,.T.);
#5281=PLANE('',#5282);
#5282=AXIS2_PLACEMENT_3D('',#286,#5283,#5284);
#5283=DIRECTION('',(0.8966411139621979,0.44275807474582396,0));
#5284=DIRECTION('',(0.442758074745824,-0.896641113962198,0));
#5285=FACE_BOUND('',#5286,.T.);
#5286=EDGE_LOOP('',(#5287,#5288,#5289));
#5287=ORIENTED_EDGE('',*,*,#5290,.T.);
#5288=ORIENTED_EDGE('',*,*,#5291,.T.);
#5289=ORIENTED_EDGE('',*,*,#5292,.T.);
#5290=EDGE_CURVE('',#287,#285,#5293,.F.);
#5291=EDGE_CURVE('',#285,#137,#5294,.T.);
#5292=EDGE_CURVE('',#137,#287,#5295,.T.);
#5293=LINE('',#286,#5296);
#5294=LINE('',#284,#5297);
#5295=LINE('',#136,#5298);
#5296=VECTOR('',#5299,1.0);
#5297=VECTOR('',#5300,1.0);
#5298=VECTOR('',#5301,1.0);
#5299=DIRECTION('',(0.442758074745824,-0.896641113962198,0));
#5300=DIRECTION('',(0,0,-1));
#5301=DIRECTION('',(-0.02889270413521422,0.058511381042685384,0.9978685434145284));
#5302=FACE_SURFACE('',(#5307),#5303,.T.);
#5303=PLANE('',#5304);
#5304=AXIS2_PLACEMENT_3D('',#136,#5305,#5306);
#5305=DIRECTION('',(0.9470726543028082,0.3210192945475921,-0));
#5306=DIRECTION('',(0,0,1));
#5307=FACE_BOUND('',#5308,.T.);
#5308=EDGE_LOOP('',(#5309,#5310,#5311));
#5309=ORIENTED_EDGE('',*,*,#5312,.T.);
#5310=ORIENTED_EDGE('',*,*,#5313,.T.);
#5311=ORIENTED_EDGE('',*,*,#5314,.T.);
#5312=EDGE_CURVE('',#137,#285,#5315,.F.);
#5313=EDGE_CURVE('',#285,#127,#5316,.T.);
#5314=EDGE_CURVE('',#127,#137,#5317,.T.);
#5315=LINE('',#136,#5318);
#5316=LINE('',#284,#5319);
#5317=LINE('',#126,#5320);
#5318=VECTOR('',#5321,1.0);
#5319=VECTOR('',#5322,1.0);
#5320=VECTOR('',#5323,1.0);
#5321=DIRECTION('',(0,0,1));
#5322=DIRECTION('',(0.02095529199950596,-0.06182240243107957,-0.9978671586413019));
#5323=DIRECTION('',(-0.32101929454759215,0.9470726543028082,0));
#5324=FACE_SURFACE('',(#5329),#5325,.T.);
#5325=PLANE('',#5326);
#5326=AXIS2_PLACEMENT_3D('',#282,#5327,#5328);
#5327=DIRECTION('',(0.9470726543028082,0.3210192945475921,0));
#5328=DIRECTION('',(0,0,-1));
#5329=FACE_BOUND('',#5330,.T.);
#5330=EDGE_LOOP('',(#5331,#5332,#5333));
#5331=ORIENTED_EDGE('',*,*,#5334,.T.);
#5332=ORIENTED_EDGE('',*,*,#5335,.T.);
#5333=ORIENTED_EDGE('',*,*,#5336,.T.);
#5334=EDGE_CURVE('',#283,#127,#5337,.F.);
#5335=EDGE_CURVE('',#127,#285,#5338,.T.);
#5336=EDGE_CURVE('',#285,#283,#5339,.T.);
#5337=LINE('',#282,#5340);
#5338=LINE('',#126,#5341);
#5339=LINE('',#284,#5342);
#5340=VECTOR('',#5343,1.0);
#5341=VECTOR('',#5344,1.0);
#5342=VECTOR('',#5345,1.0);
#5343=DIRECTION('',(0,0,-1));
#5344=DIRECTION('',(-0.02095529199950596,0.06182240243107957,0.9978671586413019));
#5345=DIRECTION('',(0.32101929454759215,-0.9470726543028082,0));
#5346=FACE_SURFACE('',(#5351),#5347,.T.);
#5347=PLANE('',#5348);
#5348=AXIS2_PLACEMENT_3D('',#114,#5349,#5350);
#5349=DIRECTION('',(-0.5555024325229294,0.8315149111477848,0));
#5350=DIRECTION('',(0,0,-1));
#5351=FACE_BOUND('',#5352,.T.);
#5352=EDGE_LOOP('',(#5353,#5354,#5355));
#5353=ORIENTED_EDGE('',*,*,#5356,.T.);
#5354=ORIENTED_EDGE('',*,*,#5357,.T.);
#5355=ORIENTED_EDGE('',*,*,#5358,.T.);
#5356=EDGE_CURVE('',#115,#227,#5359,.F.);
#5357=EDGE_CURVE('',#227,#231,#5360,.T.);
#5358=EDGE_CURVE('',#231,#115,#5361,.T.);
#5359=LINE('',#114,#5362);
#5360=LINE('',#226,#5363);
#5361=LINE('',#230,#5364);
#5362=VECTOR('',#5365,1.0);
#5363=VECTOR('',#5366,1.0);
#5364=VECTOR('',#5367,1.0);
#5365=DIRECTION('',(0,0,-1));
#5366=DIRECTION('',(-0.8315149111477848,-0.5555024325229293,0));
#5367=DIRECTION('',(0.05424778248826904,0.036240811472173805,0.9978696215833728));
#5368=FACE_SURFACE('',(#5373),#5369,.T.);
#5369=PLANE('',#5370);
#5370=AXIS2_PLACEMENT_3D('',#282,#5371,#5372);
#5371=DIRECTION('',(0.9807409903326043,0.19531285129612577,0));
#5372=DIRECTION('',(0.19531285129612574,-0.9807409903326042,0));
#5373=FACE_BOUND('',#5374,.T.);
#5374=EDGE_LOOP('',(#5375,#5376,#5377));
#5375=ORIENTED_EDGE('',*,*,#5378,.T.);
#5376=ORIENTED_EDGE('',*,*,#5379,.T.);
#5377=ORIENTED_EDGE('',*,*,#5380,.T.);
#5378=EDGE_CURVE('',#283,#281,#5381,.F.);
#5379=EDGE_CURVE('',#281,#127,#5382,.T.);
#5380=EDGE_CURVE('',#127,#283,#5383,.T.);
#5381=LINE('',#282,#5384);
#5382=LINE('',#280,#5385);
#5383=LINE('',#126,#5386);
#5384=VECTOR('',#5387,1.0);
#5385=VECTOR('',#5388,1.0);
#5386=VECTOR('',#5389,1.0);
#5387=DIRECTION('',(0.19531285129612574,-0.9807409903326042,0));
#5388=DIRECTION('',(-0.012745422260733016,0.0639996701048953,-0.9978685266295656));
#5389=DIRECTION('',(0,0,1));
#5390=FACE_SURFACE('',(#5395),#5391,.T.);
#5391=PLANE('',#5392);
#5392=AXIS2_PLACEMENT_3D('',#122,#5393,#5394);
#5393=DIRECTION('',(0.9807409903326043,0.19531285129612577,-0));
#5394=DIRECTION('',(-0.19531285129612574,0.9807409903326042,0));
#5395=FACE_BOUND('',#5396,.T.);
#5396=EDGE_LOOP('',(#5397,#5398,#5399));
#5397=ORIENTED_EDGE('',*,*,#5400,.T.);
#5398=ORIENTED_EDGE('',*,*,#5401,.T.);
#5399=ORIENTED_EDGE('',*,*,#5402,.T.);
#5400=EDGE_CURVE('',#123,#127,#5403,.F.);
#5401=EDGE_CURVE('',#127,#281,#5404,.T.);
#5402=EDGE_CURVE('',#281,#123,#5405,.T.);
#5403=LINE('',#122,#5406);
#5404=LINE('',#126,#5407);
#5405=LINE('',#280,#5408);
#5406=VECTOR('',#5409,1.0);
#5407=VECTOR('',#5410,1.0);
#5408=VECTOR('',#5411,1.0);
#5409=DIRECTION('',(-0.19531285129612574,0.9807409903326042,0));
#5410=DIRECTION('',(0.012745422260733016,-0.0639996701048953,0.9978685266295656));
#5411=DIRECTION('',(0,0,-1));
#5412=FACE_SURFACE('',(#5417),#5413,.T.);
#5413=PLANE('',#5414);
#5414=AXIS2_PLACEMENT_3D('',#96,#5415,#5416);
#5415=DIRECTION('',(-0.947073460164925,-0.3210169170795148,-0));
#5416=DIRECTION('',(0,0,-1));
#5417=FACE_BOUND('',#5418,.T.);
#5418=EDGE_LOOP('',(#5419,#5420,#5421));
#5419=ORIENTED_EDGE('',*,*,#5422,.T.);
#5420=ORIENTED_EDGE('',*,*,#5423,.T.);
#5421=ORIENTED_EDGE('',*,*,#5424,.T.);
#5422=EDGE_CURVE('',#97,#249,#5425,.F.);
#5423=EDGE_CURVE('',#249,#85,#5426,.T.);
#5424=EDGE_CURVE('',#85,#97,#5427,.T.);
#5425=LINE('',#96,#5428);
#5426=LINE('',#248,#5429);
#5427=LINE('',#84,#5430);
#5428=VECTOR('',#5431,1.0);
#5429=VECTOR('',#5432,1.0);
#5430=VECTOR('',#5433,1.0);
#5431=DIRECTION('',(0,0,-1));
#5432=DIRECTION('',(0.3210169170795148,-0.947073460164925,0));
#5433=DIRECTION('',(-0.020955119049979192,0.06182240265523431,0.9978671622593536));
#5434=FACE_SURFACE('',(#5439),#5435,.T.);
#5435=PLANE('',#5436);
#5436=AXIS2_PLACEMENT_3D('',#276,#5437,#5438);
#5437=DIRECTION('',(0.9978643000105066,0.06532104381086938,0));
#5438=DIRECTION('',(0,0,-1));
#5439=FACE_BOUND('',#5440,.T.);
#5440=EDGE_LOOP('',(#5441,#5442,#5443));
#5441=ORIENTED_EDGE('',*,*,#5444,.T.);
#5442=ORIENTED_EDGE('',*,*,#5445,.T.);
#5443=ORIENTED_EDGE('',*,*,#5446,.T.);
#5444=EDGE_CURVE('',#277,#147,#5447,.F.);
#5445=EDGE_CURVE('',#147,#123,#5448,.T.);
#5446=EDGE_CURVE('',#123,#277,#5449,.T.);
#5447=LINE('',#276,#5450);
#5448=LINE('',#146,#5451);
#5449=LINE('',#122,#5452);
#5450=VECTOR('',#5453,1.0);
#5451=VECTOR('',#5454,1.0);
#5452=VECTOR('',#5455,1.0);
#5453=DIRECTION('',(0,0,-1));
#5454=DIRECTION('',(-0.06532104381086938,0.9978643000105066,0));
#5455=DIRECTION('',(0.004263695746019003,-0.06513352394333702,0.9978674485908978));
#5456=FACE_SURFACE('',(#5461),#5457,.T.);
#5457=PLANE('',#5458);
#5458=AXIS2_PLACEMENT_3D('',#276,#5459,#5460);
#5459=DIRECTION('',(0.9978643000105066,0.06532104381086938,0));
#5460=DIRECTION('',(-0.004263695746019003,0.06513352394333702,-0.9978674485908978));
#5461=FACE_BOUND('',#5462,.T.);
#5462=EDGE_LOOP('',(#5463,#5464,#5465));
#5463=ORIENTED_EDGE('',*,*,#5466,.T.);
#5464=ORIENTED_EDGE('',*,*,#5467,.T.);
#5465=ORIENTED_EDGE('',*,*,#5468,.T.);
#5466=EDGE_CURVE('',#277,#123,#5469,.F.);
#5467=EDGE_CURVE('',#123,#281,#5470,.T.);
#5468=EDGE_CURVE('',#281,#277,#5471,.T.);
#5469=LINE('',#276,#5472);
#5470=LINE('',#122,#5473);
#5471=LINE('',#280,#5474);
#5472=VECTOR('',#5475,1.0);
#5473=VECTOR('',#5476,1.0);
#5474=VECTOR('',#5477,1.0);
#5475=DIRECTION('',(-0.004263695746019003,0.06513352394333702,-0.9978674485908978));
#5476=DIRECTION('',(0,0,1));
#5477=DIRECTION('',(0.06532104381086938,-0.9978643000105066,0));
#5478=FACE_SURFACE('',(#5483),#5479,.T.);
#5479=PLANE('',#5480);
#5480=AXIS2_PLACEMENT_3D('',#146,#5481,#5482);
#5481=DIRECTION('',(0.9978643000105066,-0.06532104381086938,0));
#5482=DIRECTION('',(0,0,1));
#5483=FACE_BOUND('',#5484,.T.);
#5484=EDGE_LOOP('',(#5485,#5486,#5487));
#5485=ORIENTED_EDGE('',*,*,#5488,.T.);
#5486=ORIENTED_EDGE('',*,*,#5489,.T.);
#5487=ORIENTED_EDGE('',*,*,#5490,.T.);
#5488=EDGE_CURVE('',#147,#277,#5491,.F.);
#5489=EDGE_CURVE('',#277,#73,#5492,.T.);
#5490=EDGE_CURVE('',#73,#147,#5493,.T.);
#5491=LINE('',#146,#5494);
#5492=LINE('',#276,#5495);
#5493=LINE('',#72,#5496);
#5494=VECTOR('',#5497,1.0);
#5495=VECTOR('',#5498,1.0);
#5496=VECTOR('',#5499,1.0);
#5497=DIRECTION('',(0,0,1));
#5498=DIRECTION('',(-0.004263695746019003,-0.06513352394333702,-0.9978674485908978));
#5499=DIRECTION('',(0.06532104381086938,0.9978643000105066,0));
#5500=FACE_SURFACE('',(#5505),#5501,.T.);
#5501=PLANE('',#5502);
#5502=AXIS2_PLACEMENT_3D('',#278,#5503,#5504);
#5503=DIRECTION('',(0.9978643000105066,-0.06532104381086938,0));
#5504=DIRECTION('',(0,0,-1));
#5505=FACE_BOUND('',#5506,.T.);
#5506=EDGE_LOOP('',(#5507,#5508,#5509));
#5507=ORIENTED_EDGE('',*,*,#5510,.T.);
#5508=ORIENTED_EDGE('',*,*,#5511,.T.);
#5509=ORIENTED_EDGE('',*,*,#5512,.T.);
#5510=EDGE_CURVE('',#279,#73,#5513,.F.);
#5511=EDGE_CURVE('',#73,#277,#5514,.T.);
#5512=EDGE_CURVE('',#277,#279,#5515,.T.);
#5513=LINE('',#278,#5516);
#5514=LINE('',#72,#5517);
#5515=LINE('',#276,#5518);
#5516=VECTOR('',#5519,1.0);
#5517=VECTOR('',#5520,1.0);
#5518=VECTOR('',#5521,1.0);
#5519=DIRECTION('',(0,0,-1));
#5520=DIRECTION('',(0.004263695746019003,0.06513352394333702,0.9978674485908978));
#5521=DIRECTION('',(-0.06532104381086938,-0.9978643000105066,0));
#5522=FACE_SURFACE('',(#5527),#5523,.T.);
#5523=PLANE('',#5524);
#5524=AXIS2_PLACEMENT_3D('',#84,#5525,#5526);
#5525=DIRECTION('',(-0.947073460164925,-0.3210169170795148,0));
#5526=DIRECTION('',(0,0,1));
#5527=FACE_BOUND('',#5528,.T.);
#5528=EDGE_LOOP('',(#5529,#5530,#5531));
#5529=ORIENTED_EDGE('',*,*,#5532,.T.);
#5530=ORIENTED_EDGE('',*,*,#5533,.T.);
#5531=ORIENTED_EDGE('',*,*,#5534,.T.);
#5532=EDGE_CURVE('',#85,#213,#5535,.F.);
#5533=EDGE_CURVE('',#213,#97,#5536,.T.);
#5534=EDGE_CURVE('',#97,#85,#5537,.T.);
#5535=LINE('',#84,#5538);
#5536=LINE('',#212,#5539);
#5537=LINE('',#96,#5540);
#5538=VECTOR('',#5541,1.0);
#5539=VECTOR('',#5542,1.0);
#5540=VECTOR('',#5543,1.0);
#5541=DIRECTION('',(0,0,1));
#5542=DIRECTION('',(-0.3210169170795148,0.947073460164925,0));
#5543=DIRECTION('',(0.020955119049979192,-0.06182240265523431,-0.9978671622593536));
#5544=FACE_SURFACE('',(#5549),#5545,.T.);
#5545=PLANE('',#5546);
#5546=AXIS2_PLACEMENT_3D('',#262,#5547,#5548);
#5547=DIRECTION('',(0.9807409903326043,-0.19531285129612577,0));
#5548=DIRECTION('',(0,0,-1));
#5549=FACE_BOUND('',#5550,.T.);
#5550=EDGE_LOOP('',(#5551,#5552,#5553));
#5551=ORIENTED_EDGE('',*,*,#5554,.T.);
#5552=ORIENTED_EDGE('',*,*,#5555,.T.);
#5553=ORIENTED_EDGE('',*,*,#5556,.T.);
#5554=EDGE_CURVE('',#263,#75,#5557,.F.);
#5555=EDGE_CURVE('',#75,#73,#5558,.T.);
#5556=EDGE_CURVE('',#73,#263,#5559,.T.);
#5557=LINE('',#262,#5560);
#5558=LINE('',#74,#5561);
#5559=LINE('',#72,#5562);
#5560=VECTOR('',#5563,1.0);
#5561=VECTOR('',#5564,1.0);
#5562=VECTOR('',#5565,1.0);
#5563=DIRECTION('',(0,0,-1));
#5564=DIRECTION('',(0.19531285129612574,0.9807409903326042,0));
#5565=DIRECTION('',(-0.012745422260733016,-0.0639996701048953,0.9978685266295656));
#5566=FACE_SURFACE('',(#5571),#5567,.T.);
#5567=PLANE('',#5568);
#5568=AXIS2_PLACEMENT_3D('',#262,#5569,#5570);
#5569=DIRECTION('',(0.9807409903326043,-0.19531285129612577,0));
#5570=DIRECTION('',(0.012745422260733016,0.0639996701048953,-0.9978685266295656));
#5571=FACE_BOUND('',#5572,.T.);
#5572=EDGE_LOOP('',(#5573,#5574,#5575));
#5573=ORIENTED_EDGE('',*,*,#5576,.T.);
#5574=ORIENTED_EDGE('',*,*,#5577,.T.);
#5575=ORIENTED_EDGE('',*,*,#5578,.T.);
#5576=EDGE_CURVE('',#263,#73,#5579,.F.);
#5577=EDGE_CURVE('',#73,#279,#5580,.T.);
#5578=EDGE_CURVE('',#279,#263,#5581,.T.);
#5579=LINE('',#262,#5582);
#5580=LINE('',#72,#5583);
#5581=LINE('',#278,#5584);
#5582=VECTOR('',#5585,1.0);
#5583=VECTOR('',#5586,1.0);
#5584=VECTOR('',#5587,1.0);
#5585=DIRECTION('',(0.012745422260733016,0.0639996701048953,-0.9978685266295656));
#5586=DIRECTION('',(0,0,1));
#5587=DIRECTION('',(-0.19531285129612574,-0.9807409903326042,0));
#5588=FACE_SURFACE('',(#5593),#5589,.T.);
#5589=PLANE('',#5590);
#5590=AXIS2_PLACEMENT_3D('',#226,#5591,#5592);
#5591=DIRECTION('',(-0.44275941036270755,0.8966404544382701,0));
#5592=DIRECTION('',(0,0,1));
#5593=FACE_BOUND('',#5594,.T.);
#5594=EDGE_LOOP('',(#5595,#5596,#5597));
#5595=ORIENTED_EDGE('',*,*,#5598,.T.);
#5596=ORIENTED_EDGE('',*,*,#5599,.T.);
#5597=ORIENTED_EDGE('',*,*,#5600,.T.);
#5598=EDGE_CURVE('',#227,#115,#5601,.F.);
#5599=EDGE_CURVE('',#115,#225,#5602,.T.);
#5600=EDGE_CURVE('',#225,#227,#5603,.T.);
#5601=LINE('',#226,#5604);
#5602=LINE('',#114,#5605);
#5603=LINE('',#224,#5606);
#5604=VECTOR('',#5607,1.0);
#5605=VECTOR('',#5608,1.0);
#5606=VECTOR('',#5609,1.0);
#5607=DIRECTION('',(0,0,1));
#5608=DIRECTION('',(0.05851142393164727,0.028892833723065205,-0.9978685371475255));
#5609=DIRECTION('',(-0.89664045443827,-0.44275941036270755,0));
#5610=FACE_SURFACE('',(#5615),#5611,.T.);
#5611=PLANE('',#5612);
#5612=AXIS2_PLACEMENT_3D('',#170,#5613,#5614);
#5613=DIRECTION('',(-0.44275941036270755,0.8966404544382701,0));
#5614=DIRECTION('',(0,0,-1));
#5615=FACE_BOUND('',#5616,.T.);
#5616=EDGE_LOOP('',(#5617,#5618,#5619));
#5617=ORIENTED_EDGE('',*,*,#5620,.T.);
#5618=ORIENTED_EDGE('',*,*,#5621,.T.);
#5619=ORIENTED_EDGE('',*,*,#5622,.T.);
#5620=EDGE_CURVE('',#171,#225,#5623,.F.);
#5621=EDGE_CURVE('',#225,#115,#5624,.T.);
#5622=EDGE_CURVE('',#115,#171,#5625,.T.);
#5623=LINE('',#170,#5626);
#5624=LINE('',#224,#5627);
#5625=LINE('',#114,#5628);
#5626=VECTOR('',#5629,1.0);
#5627=VECTOR('',#5630,1.0);
#5628=VECTOR('',#5631,1.0);
#5629=DIRECTION('',(0,0,-1));
#5630=DIRECTION('',(-0.05851142393164727,-0.028892833723065205,0.9978685371475255));
#5631=DIRECTION('',(0.89664045443827,0.44275941036270755,0));
#5632=FACE_SURFACE('',(#5637),#5633,.T.);
#5633=PLANE('',#5634);
#5634=AXIS2_PLACEMENT_3D('',#96,#5635,#5636);
#5635=DIRECTION('',(-0.9807409903326043,-0.19531285129612577,-0));
#5636=DIRECTION('',(-0.012745422260733016,0.0639996701048953,-0.9978685266295656));
#5637=FACE_BOUND('',#5638,.T.);
#5638=EDGE_LOOP('',(#5639,#5640,#5641));
#5639=ORIENTED_EDGE('',*,*,#5642,.T.);
#5640=ORIENTED_EDGE('',*,*,#5643,.T.);
#5641=ORIENTED_EDGE('',*,*,#5644,.T.);
#5642=EDGE_CURVE('',#97,#251,#5645,.F.);
#5643=EDGE_CURVE('',#251,#249,#5646,.T.);
#5644=EDGE_CURVE('',#249,#97,#5647,.T.);
#5645=LINE('',#96,#5648);
#5646=LINE('',#250,#5649);
#5647=LINE('',#248,#5650);
#5648=VECTOR('',#5651,1.0);
#5649=VECTOR('',#5652,1.0);
#5650=VECTOR('',#5653,1.0);
#5651=DIRECTION('',(-0.012745422260733016,0.0639996701048953,-0.9978685266295656));
#5652=DIRECTION('',(0.19531285129612574,-0.9807409903326042,0));
#5653=DIRECTION('',(0,0,1));
#5654=FACE_SURFACE('',(#5659),#5655,.T.);
#5655=PLANE('',#5656);
#5656=AXIS2_PLACEMENT_3D('',#264,#5657,#5658);
#5657=DIRECTION('',(0.9470726543028082,-0.3210192945475921,0));
#5658=DIRECTION('',(0,0,-1));
#5659=FACE_BOUND('',#5660,.T.);
#5660=EDGE_LOOP('',(#5661,#5662,#5663));
#5661=ORIENTED_EDGE('',*,*,#5664,.T.);
#5662=ORIENTED_EDGE('',*,*,#5665,.T.);
#5663=ORIENTED_EDGE('',*,*,#5666,.T.);
#5664=EDGE_CURVE('',#265,#77,#5667,.F.);
#5665=EDGE_CURVE('',#77,#263,#5668,.T.);
#5666=EDGE_CURVE('',#263,#265,#5669,.T.);
#5667=LINE('',#264,#5670);
#5668=LINE('',#76,#5671);
#5669=LINE('',#262,#5672);
#5670=VECTOR('',#5673,1.0);
#5671=VECTOR('',#5674,1.0);
#5672=VECTOR('',#5675,1.0);
#5673=DIRECTION('',(0,0,-1));
#5674=DIRECTION('',(0.02095529199950596,0.06182240243107957,0.9978671586413019));
#5675=DIRECTION('',(-0.32101929454759215,-0.9470726543028082,0));
#5676=FACE_SURFACE('',(#5681),#5677,.T.);
#5677=PLANE('',#5678);
#5678=AXIS2_PLACEMENT_3D('',#74,#5679,#5680);
#5679=DIRECTION('',(0.9470726543028082,-0.3210192945475921,0));
#5680=DIRECTION('',(0,0,1));
#5681=FACE_BOUND('',#5682,.T.);
#5682=EDGE_LOOP('',(#5683,#5684,#5685));
#5683=ORIENTED_EDGE('',*,*,#5686,.T.);
#5684=ORIENTED_EDGE('',*,*,#5687,.T.);
#5685=ORIENTED_EDGE('',*,*,#5688,.T.);
#5686=EDGE_CURVE('',#75,#263,#5689,.F.);
#5687=EDGE_CURVE('',#263,#77,#5690,.T.);
#5688=EDGE_CURVE('',#77,#75,#5691,.T.);
#5689=LINE('',#74,#5692);
#5690=LINE('',#262,#5693);
#5691=LINE('',#76,#5694);
#5692=VECTOR('',#5695,1.0);
#5693=VECTOR('',#5696,1.0);
#5694=VECTOR('',#5697,1.0);
#5695=DIRECTION('',(0,0,1));
#5696=DIRECTION('',(-0.02095529199950596,-0.06182240243107957,-0.9978671586413019));
#5697=DIRECTION('',(0.32101929454759215,0.9470726543028082,0));
#5698=FACE_SURFACE('',(#5703),#5699,.T.);
#5699=PLANE('',#5700);
#5700=AXIS2_PLACEMENT_3D('',#222,#5701,#5702);
#5701=DIRECTION('',(-0.20392924841024998,-0.02894024162847025,-0.9785577775774491));
#5702=DIRECTION('',(0.30114020411514014,0.9492441427977989,-0.09083025283221308));
#5703=FACE_BOUND('',#5704,.T.);
#5704=EDGE_LOOP('',(#5705,#5706,#5707));
#5705=ORIENTED_EDGE('',*,*,#5708,.T.);
#5706=ORIENTED_EDGE('',*,*,#5709,.T.);
#5707=ORIENTED_EDGE('',*,*,#5710,.T.);
#5708=EDGE_CURVE('',#223,#133,#5711,.F.);
#5709=EDGE_CURVE('',#133,#125,#5712,.T.);
#5710=EDGE_CURVE('',#125,#223,#5713,.T.);
#5711=LINE('',#222,#5714);
#5712=LINE('',#132,#5715);
#5713=LINE('',#124,#5716);
#5714=VECTOR('',#5717,1.0);
#5715=VECTOR('',#5718,1.0);
#5716=VECTOR('',#5719,1.0);
#5717=DIRECTION('',(0.30114020411514014,0.9492441427977989,-0.09083025283221308));
#5718=DIRECTION('',(0.14050535804290437,-0.9900799181688492,0));
#5719=DIRECTION('',(-0.7889668800348346,-0.5869313097088518,0.1817770609608117));
#5720=FACE_SURFACE('',(#5725),#5721,.T.);
#5721=PLANE('',#5722);
#5722=AXIS2_PLACEMENT_3D('',#70,#5723,#5724);
#5723=DIRECTION('',(-0.0912740268246291,-0.18060732247461622,-0.9793110063180986));
#5724=DIRECTION('',(-0.9956847602436824,0,0.09280009815986555));
#5725=FACE_BOUND('',#5726,.T.);
#5726=EDGE_LOOP('',(#5727,#5728,#5729));
#5727=ORIENTED_EDGE('',*,*,#5730,.T.);
#5728=ORIENTED_EDGE('',*,*,#5731,.T.);
#5729=ORIENTED_EDGE('',*,*,#5732,.T.);
#5730=EDGE_CURVE('',#71,#223,#5733,.F.);
#5731=EDGE_CURVE('',#223,#125,#5734,.T.);
#5732=EDGE_CURVE('',#125,#71,#5735,.T.);
#5733=LINE('',#70,#5736);
#5734=LINE('',#222,#5737);
#5735=LINE('',#124,#5738);
#5736=VECTOR('',#5739,1.0);
#5737=VECTOR('',#5740,1.0);
#5738=VECTOR('',#5741,1.0);
#5739=DIRECTION('',(-0.9956847602436824,0,0.09280009815986555));
#5740=DIRECTION('',(0.7889668800348346,0.5869313097088518,-0.1817770609608117));
#5741=DIRECTION('',(0.8925008756790878,-0.4510456594537426,0));
#5742=FACE_SURFACE('',(#5747),#5743,.T.);
#5743=PLANE('',#5744);
#5744=AXIS2_PLACEMENT_3D('',#250,#5745,#5746);
#5745=DIRECTION('',(-0.9807409903326043,-0.19531285129612577,0));
#5746=DIRECTION('',(0.012745422260733016,-0.0639996701048953,0.9978685266295656));
#5747=FACE_BOUND('',#5748,.T.);
#5748=EDGE_LOOP('',(#5749,#5750,#5751));
#5749=ORIENTED_EDGE('',*,*,#5752,.T.);
#5750=ORIENTED_EDGE('',*,*,#5753,.T.);
#5751=ORIENTED_EDGE('',*,*,#5754,.T.);
#5752=EDGE_CURVE('',#251,#97,#5755,.F.);
#5753=EDGE_CURVE('',#97,#211,#5756,.T.);
#5754=EDGE_CURVE('',#211,#251,#5757,.T.);
#5755=LINE('',#250,#5758);
#5756=LINE('',#96,#5759);
#5757=LINE('',#210,#5760);
#5758=VECTOR('',#5761,1.0);
#5759=VECTOR('',#5762,1.0);
#5760=VECTOR('',#5763,1.0);
#5761=DIRECTION('',(0.012745422260733016,-0.0639996701048953,0.9978685266295656));
#5762=DIRECTION('',(-0.19531285129612574,0.9807409903326042,0));
#5763=DIRECTION('',(0,0,-1));
#5764=FACE_SURFACE('',(#5769),#5765,.T.);
#5765=PLANE('',#5766);
#5766=AXIS2_PLACEMENT_3D('',#222,#5767,#5768);
#5767=DIRECTION('',(-0.03488932502677757,-0.1985327011531933,-0.979473073428766));
#5768=DIRECTION('',(-0.7988185345941673,0.5944886395297923,-0.09204458842780364));
#5769=FACE_BOUND('',#5770,.T.);
#5770=EDGE_LOOP('',(#5771,#5772,#5773));
#5771=ORIENTED_EDGE('',*,*,#5774,.T.);
#5772=ORIENTED_EDGE('',*,*,#5775,.T.);
#5773=ORIENTED_EDGE('',*,*,#5776,.T.);
#5774=EDGE_CURVE('',#223,#215,#5777,.F.);
#5775=EDGE_CURVE('',#215,#191,#5778,.T.);
#5776=EDGE_CURVE('',#191,#223,#5779,.T.);
#5777=LINE('',#222,#5780);
#5778=LINE('',#214,#5781);
#5779=LINE('',#190,#5782);
#5780=VECTOR('',#5783,1.0);
#5781=VECTOR('',#5784,1.0);
#5782=VECTOR('',#5785,1.0);
#5783=DIRECTION('',(-0.7988185345941673,0.5944886395297923,-0.09204458842780364));
#5784=DIRECTION('',(0.9849071445364497,-0.1730835539300518,0));
#5785=DIRECTION('',(0.2975069776165434,-0.9376997246824256,0.17946817155131736));
#5786=FACE_SURFACE('',(#5791),#5787,.T.);
#5787=PLANE('',#5788);
#5788=AXIS2_PLACEMENT_3D('',#250,#5789,#5790);
#5789=DIRECTION('',(-0.9978643000105066,-0.06532104381086938,0));
#5790=DIRECTION('',(-0.004263695746019003,0.06513352394333702,0.9978674485908978));
#5791=FACE_BOUND('',#5792,.T.);
#5792=EDGE_LOOP('',(#5793,#5794,#5795));
#5793=ORIENTED_EDGE('',*,*,#5796,.T.);
#5794=ORIENTED_EDGE('',*,*,#5797,.T.);
#5795=ORIENTED_EDGE('',*,*,#5798,.T.);
#5796=EDGE_CURVE('',#251,#209,#5799,.F.);
#5797=EDGE_CURVE('',#209,#253,#5800,.T.);
#5798=EDGE_CURVE('',#253,#251,#5801,.T.);
#5799=LINE('',#250,#5802);
#5800=LINE('',#208,#5803);
#5801=LINE('',#252,#5804);
#5802=VECTOR('',#5805,1.0);
#5803=VECTOR('',#5806,1.0);
#5804=VECTOR('',#5807,1.0);
#5805=DIRECTION('',(-0.004263695746019003,0.06513352394333702,0.9978674485908978));
#5806=DIRECTION('',(0,0,-1));
#5807=DIRECTION('',(0.06532104381086938,-0.9978643000105066,0));
#5808=FACE_SURFACE('',(#5813),#5809,.T.);
#5809=PLANE('',#5810);
#5810=AXIS2_PLACEMENT_3D('',#132,#5811,#5812);
#5811=DIRECTION('',(0.14766479447203165,-0.14052334526060603,-0.9790037272198208));
#5812=DIRECTION('',(-0.30114020411514014,-0.9492441427977989,0.09083025283221308));
#5813=FACE_BOUND('',#5814,.T.);
#5814=EDGE_LOOP('',(#5815,#5816,#5817));
#5815=ORIENTED_EDGE('',*,*,#5818,.T.);
#5816=ORIENTED_EDGE('',*,*,#5819,.T.);
#5817=ORIENTED_EDGE('',*,*,#5820,.T.);
#5818=EDGE_CURVE('',#133,#223,#5821,.F.);
#5819=EDGE_CURVE('',#223,#191,#5822,.T.);
#5820=EDGE_CURVE('',#191,#133,#5823,.T.);
#5821=LINE('',#132,#5824);
#5822=LINE('',#222,#5825);
#5823=LINE('',#190,#5826);
#5824=VECTOR('',#5827,1.0);
#5825=VECTOR('',#5828,1.0);
#5826=VECTOR('',#5829,1.0);
#5827=DIRECTION('',(-0.30114020411514014,-0.9492441427977989,0.09083025283221308));
#5828=DIRECTION('',(-0.2975069776165434,0.9376997246824256,-0.17946817155131736));
#5829=DIRECTION('',(0.689372683865482,0.7244068627091423,0));
#5830=FACE_SURFACE('',(#5835),#5831,.T.);
#5831=PLANE('',#5832);
#5832=AXIS2_PLACEMENT_3D('',#250,#5833,#5834);
#5833=DIRECTION('',(-0.9978643000105066,-0.06532104381086938,0));
#5834=DIRECTION('',(0,0,1));
#5835=FACE_BOUND('',#5836,.T.);
#5836=EDGE_LOOP('',(#5837,#5838,#5839));
#5837=ORIENTED_EDGE('',*,*,#5840,.T.);
#5838=ORIENTED_EDGE('',*,*,#5841,.T.);
#5839=ORIENTED_EDGE('',*,*,#5842,.T.);
#5840=EDGE_CURVE('',#251,#211,#5843,.F.);
#5841=EDGE_CURVE('',#211,#209,#5844,.T.);
#5842=EDGE_CURVE('',#209,#251,#5845,.T.);
#5843=LINE('',#250,#5846);
#5844=LINE('',#210,#5847);
#5845=LINE('',#208,#5848);
#5846=VECTOR('',#5849,1.0);
#5847=VECTOR('',#5850,1.0);
#5848=VECTOR('',#5851,1.0);
#5849=DIRECTION('',(0,0,1));
#5850=DIRECTION('',(-0.06532104381086938,0.9978643000105066,0));
#5851=DIRECTION('',(0.004263695746019003,-0.06513352394333702,-0.9978674485908978));
#5852=FACE_SURFACE('',(#5857),#5853,.T.);
#5853=PLANE('',#5854);
#5854=AXIS2_PLACEMENT_3D('',#170,#5855,#5856);
#5855=DIRECTION('',(-0.32101830727996045,0.9470729889459992,0));
#5856=DIRECTION('',(0.9470729889459992,0.3210183072799605,0));
#5857=FACE_BOUND('',#5858,.T.);
#5858=EDGE_LOOP('',(#5859,#5860,#5861));
#5859=ORIENTED_EDGE('',*,*,#5862,.T.);
#5860=ORIENTED_EDGE('',*,*,#5863,.T.);
#5861=ORIENTED_EDGE('',*,*,#5864,.T.);
#5862=EDGE_CURVE('',#171,#173,#5865,.F.);
#5863=EDGE_CURVE('',#173,#225,#5866,.T.);
#5864=EDGE_CURVE('',#225,#171,#5867,.T.);
#5865=LINE('',#170,#5868);
#5866=LINE('',#172,#5869);
#5867=LINE('',#224,#5870);
#5868=VECTOR('',#5871,1.0);
#5869=VECTOR('',#5872,1.0);
#5870=VECTOR('',#5873,1.0);
#5871=DIRECTION('',(0.9470729889459992,0.3210183072799605,0));
#5872=DIRECTION('',(-0.06182235945210682,-0.020955205580781476,-0.9978671631188399));
#5873=DIRECTION('',(0,0,1));
#5874=FACE_SURFACE('',(#5879),#5875,.T.);
#5875=PLANE('',#5876);
#5876=AXIS2_PLACEMENT_3D('',#172,#5877,#5878);
#5877=DIRECTION('',(-0.32101830727996045,0.9470729889459992,0));
#5878=DIRECTION('',(0,0,-1));
#5879=FACE_BOUND('',#5880,.T.);
#5880=EDGE_LOOP('',(#5881,#5882,#5883));
#5881=ORIENTED_EDGE('',*,*,#5884,.T.);
#5882=ORIENTED_EDGE('',*,*,#5885,.T.);
#5883=ORIENTED_EDGE('',*,*,#5886,.T.);
#5884=EDGE_CURVE('',#173,#217,#5887,.F.);
#5885=EDGE_CURVE('',#217,#225,#5888,.T.);
#5886=EDGE_CURVE('',#225,#173,#5889,.T.);
#5887=LINE('',#172,#5890);
#5888=LINE('',#216,#5891);
#5889=LINE('',#224,#5892);
#5890=VECTOR('',#5893,1.0);
#5891=VECTOR('',#5894,1.0);
#5892=VECTOR('',#5895,1.0);
#5893=DIRECTION('',(0,0,-1));
#5894=DIRECTION('',(-0.9470729889459992,-0.3210183072799605,0));
#5895=DIRECTION('',(0.06182235945210682,0.020955205580781476,0.9978671631188399));
#5896=FACE_SURFACE('',(#5901),#5897,.T.);
#5897=PLANE('',#5898);
#5898=AXIS2_PLACEMENT_3D('',#254,#5899,#5900);
#5899=DIRECTION('',(-0.9978643000105066,0.06532104381086938,0));
#5900=DIRECTION('',(-0.06532104381086938,-0.9978643000105066,0));
#5901=FACE_BOUND('',#5902,.T.);
#5902=EDGE_LOOP('',(#5903,#5904,#5905));
#5903=ORIENTED_EDGE('',*,*,#5906,.T.);
#5904=ORIENTED_EDGE('',*,*,#5907,.T.);
#5905=ORIENTED_EDGE('',*,*,#5908,.T.);
#5906=EDGE_CURVE('',#255,#253,#5909,.F.);
#5907=EDGE_CURVE('',#253,#209,#5910,.T.);
#5908=EDGE_CURVE('',#209,#255,#5911,.T.);
#5909=LINE('',#254,#5912);
#5910=LINE('',#252,#5913);
#5911=LINE('',#208,#5914);
#5912=VECTOR('',#5915,1.0);
#5913=VECTOR('',#5916,1.0);
#5914=VECTOR('',#5917,1.0);
#5915=DIRECTION('',(-0.06532104381086938,-0.9978643000105066,0));
#5916=DIRECTION('',(0,0,1));
#5917=DIRECTION('',(0.004263695746019003,0.06513352394333702,-0.9978674485908978));
#5918=FACE_SURFACE('',(#5923),#5919,.T.);
#5919=PLANE('',#5920);
#5920=AXIS2_PLACEMENT_3D('',#214,#5921,#5922);
#5921=DIRECTION('',(0.18245922722528704,0.09363281278497106,-0.9787448731770324));
#5922=DIRECTION('',(0.7988185345941673,-0.5944886395297923,0.09204458842780364));
#5923=FACE_BOUND('',#5924,.T.);
#5924=EDGE_LOOP('',(#5925,#5926,#5927));
#5925=ORIENTED_EDGE('',*,*,#5928,.T.);
#5926=ORIENTED_EDGE('',*,*,#5929,.T.);
#5927=ORIENTED_EDGE('',*,*,#5930,.T.);
#5928=EDGE_CURVE('',#215,#223,#5931,.F.);
#5929=EDGE_CURVE('',#223,#87,#5932,.T.);
#5930=EDGE_CURVE('',#87,#215,#5933,.T.);
#5931=LINE('',#214,#5934);
#5932=LINE('',#222,#5935);
#5933=LINE('',#86,#5936);
#5934=VECTOR('',#5937,1.0);
#5935=VECTOR('',#5938,1.0);
#5936=VECTOR('',#5939,1.0);
#5937=DIRECTION('',(0.7988185345941673,-0.5944886395297923,0.09204458842780364));
#5938=DIRECTION('',(-0.9830636703877472,0,-0.18326434449660606));
#5939=DIRECTION('',(-0.4565636362208089,0.8896907586801344,0));
#5940=FACE_SURFACE('',(#5945),#5941,.T.);
#5941=PLANE('',#5942);
#5942=AXIS2_PLACEMENT_3D('',#254,#5943,#5944);
#5943=DIRECTION('',(-0.9978643000105066,0.06532104381086938,0));
#5944=DIRECTION('',(-0.004263695746019003,-0.06513352394333702,0.9978674485908978));
#5945=FACE_BOUND('',#5946,.T.);
#5946=EDGE_LOOP('',(#5947,#5948,#5949));
#5947=ORIENTED_EDGE('',*,*,#5950,.T.);
#5948=ORIENTED_EDGE('',*,*,#5951,.T.);
#5949=ORIENTED_EDGE('',*,*,#5952,.T.);
#5950=EDGE_CURVE('',#255,#209,#5953,.F.);
#5951=EDGE_CURVE('',#209,#207,#5954,.T.);
#5952=EDGE_CURVE('',#207,#255,#5955,.T.);
#5953=LINE('',#254,#5956);
#5954=LINE('',#208,#5957);
#5955=LINE('',#206,#5958);
#5956=VECTOR('',#5959,1.0);
#5957=VECTOR('',#5960,1.0);
#5958=VECTOR('',#5961,1.0);
#5959=DIRECTION('',(-0.004263695746019003,-0.06513352394333702,0.9978674485908978));
#5960=DIRECTION('',(0.06532104381086938,0.9978643000105066,0));
#5961=DIRECTION('',(0,0,-1));
#5962=FACE_SURFACE('',(#5967),#5963,.T.);
#5963=PLANE('',#5964);
#5964=AXIS2_PLACEMENT_3D('',#36,#5965,#5966);
#5965=DIRECTION('',(0.147665186246903,0.14052347175471014,-0.9790036499710666));
#5966=DIRECTION('',(0.2975074720063826,0.9376995107456498,0.17946846978714762));
#5967=FACE_BOUND('',#5968,.T.);
#5968=EDGE_LOOP('',(#5969,#5970,#5971));
#5969=ORIENTED_EDGE('',*,*,#5972,.T.);
#5970=ORIENTED_EDGE('',*,*,#5973,.T.);
#5971=ORIENTED_EDGE('',*,*,#5974,.T.);
#5972=EDGE_CURVE('',#37,#223,#5975,.F.);
#5973=EDGE_CURVE('',#223,#69,#5976,.T.);
#5974=EDGE_CURVE('',#69,#37,#5977,.T.);
#5975=LINE('',#36,#5978);
#5976=LINE('',#222,#5979);
#5977=LINE('',#68,#5980);
#5978=VECTOR('',#5981,1.0);
#5979=VECTOR('',#5982,1.0);
#5980=VECTOR('',#5983,1.0);
#5981=DIRECTION('',(0.2975074720063826,0.9376995107456498,0.17946846978714762));
#5982=DIRECTION('',(0.3011402226492125,-0.949244136383095,-0.09083025842248117));
#5983=DIRECTION('',(-0.6893720497131146,0.7244074661917415,0));
#5984=FACE_SURFACE('',(#5989),#5985,.T.);
#5985=PLANE('',#5986);
#5986=AXIS2_PLACEMENT_3D('',#254,#5987,#5988);
#5987=DIRECTION('',(-0.9807409903326043,0.19531285129612577,0));
#5988=DIRECTION('',(0.012745422260733016,0.0639996701048953,0.9978685266295656));
#5989=FACE_BOUND('',#5990,.T.);
#5990=EDGE_LOOP('',(#5991,#5992,#5993));
#5991=ORIENTED_EDGE('',*,*,#5994,.T.);
#5992=ORIENTED_EDGE('',*,*,#5995,.T.);
#5993=ORIENTED_EDGE('',*,*,#5996,.T.);
#5994=EDGE_CURVE('',#255,#131,#5997,.F.);
#5995=EDGE_CURVE('',#131,#257,#5998,.T.);
#5996=EDGE_CURVE('',#257,#255,#5999,.T.);
#5997=LINE('',#254,#6000);
#5998=LINE('',#130,#6001);
#5999=LINE('',#256,#6002);
#6000=VECTOR('',#6003,1.0);
#6001=VECTOR('',#6004,1.0);
#6002=VECTOR('',#6005,1.0);
#6003=DIRECTION('',(0.012745422260733016,0.0639996701048953,0.9978685266295656));
#6004=DIRECTION('',(0,0,-1));
#6005=DIRECTION('',(-0.19531285129612574,-0.9807409903326042,0));
#6006=FACE_SURFACE('',(#6011),#6007,.T.);
#6007=PLANE('',#6008);
#6008=AXIS2_PLACEMENT_3D('',#222,#6009,#6010);
#6009=DIRECTION('',(0.18245922712215656,-0.093632818768659,-0.9787448726238216));
#6010=DIRECTION('',(-0.7988185527953827,-0.5944886147479743,-0.09204459052505515));
#6011=FACE_BOUND('',#6012,.T.);
#6012=EDGE_LOOP('',(#6013,#6014,#6015));
#6013=ORIENTED_EDGE('',*,*,#6016,.T.);
#6014=ORIENTED_EDGE('',*,*,#6017,.T.);
#6015=ORIENTED_EDGE('',*,*,#6018,.T.);
#6016=EDGE_CURVE('',#223,#83,#6019,.F.);
#6017=EDGE_CURVE('',#83,#87,#6020,.T.);
#6018=EDGE_CURVE('',#87,#223,#6021,.T.);
#6019=LINE('',#222,#6022);
#6020=LINE('',#82,#6023);
#6021=LINE('',#86,#6024);
#6022=VECTOR('',#6025,1.0);
#6023=VECTOR('',#6026,1.0);
#6024=VECTOR('',#6027,1.0);
#6025=DIRECTION('',(-0.7988185527953827,-0.5944886147479743,-0.09204459052505515));
#6026=DIRECTION('',(0.4565636595202031,0.8896907467235567,0));
#6027=DIRECTION('',(0.9830636703877472,0,0.18326434449660606));
#6028=FACE_SURFACE('',(#6033),#6029,.T.);
#6029=PLANE('',#6030);
#6030=AXIS2_PLACEMENT_3D('',#254,#6031,#6032);
#6031=DIRECTION('',(-0.9807409903326043,0.19531285129612577,0));
#6032=DIRECTION('',(0,0,1));
#6033=FACE_BOUND('',#6034,.T.);
#6034=EDGE_LOOP('',(#6035,#6036,#6037));
#6035=ORIENTED_EDGE('',*,*,#6038,.T.);
#6036=ORIENTED_EDGE('',*,*,#6039,.T.);
#6037=ORIENTED_EDGE('',*,*,#6040,.T.);
#6038=EDGE_CURVE('',#255,#207,#6041,.F.);
#6039=EDGE_CURVE('',#207,#131,#6042,.T.);
#6040=EDGE_CURVE('',#131,#255,#6043,.T.);
#6041=LINE('',#254,#6044);
#6042=LINE('',#206,#6045);
#6043=LINE('',#130,#6046);
#6044=VECTOR('',#6047,1.0);
#6045=VECTOR('',#6048,1.0);
#6046=VECTOR('',#6049,1.0);
#6047=DIRECTION('',(0,0,1));
#6048=DIRECTION('',(0.19531285129612574,0.9807409903326042,0));
#6049=DIRECTION('',(-0.012745422260733016,-0.0639996701048953,-0.9978685266295656));
#6050=FACE_SURFACE('',(#6055),#6051,.T.);
#6051=PLANE('',#6052);
#6052=AXIS2_PLACEMENT_3D('',#222,#6053,#6054);
#6053=DIRECTION('',(-0.03488967430159334,0.19853316673809127,-0.9794729666162685));
#6054=DIRECTION('',(-0.2975074720063826,-0.9376995107456498,-0.17946846978714762));
#6055=FACE_BOUND('',#6056,.T.);
#6056=EDGE_LOOP('',(#6057,#6058,#6059));
#6057=ORIENTED_EDGE('',*,*,#6060,.T.);
#6058=ORIENTED_EDGE('',*,*,#6061,.T.);
#6059=ORIENTED_EDGE('',*,*,#6062,.T.);
#6060=EDGE_CURVE('',#223,#37,#6063,.F.);
#6061=EDGE_CURVE('',#37,#83,#6064,.T.);
#6062=EDGE_CURVE('',#83,#223,#6065,.T.);
#6063=LINE('',#222,#6066);
#6064=LINE('',#36,#6067);
#6065=LINE('',#82,#6068);
#6066=VECTOR('',#6069,1.0);
#6067=VECTOR('',#6070,1.0);
#6068=VECTOR('',#6071,1.0);
#6069=DIRECTION('',(-0.2975074720063826,-0.9376995107456498,-0.17946846978714762));
#6070=DIRECTION('',(-0.9849069183506843,-0.17308484100278215,0));
#6071=DIRECTION('',(0.7988185527953827,0.5944886147479743,0.09204459052505515));
#6072=FACE_SURFACE('',(#6077),#6073,.T.);
#6073=PLANE('',#6074);
#6074=AXIS2_PLACEMENT_3D('',#256,#6075,#6076);
#6075=DIRECTION('',(-0.947073460164925,0.3210169170795148,0));
#6076=DIRECTION('',(0,0,1));
#6077=FACE_BOUND('',#6078,.T.);
#6078=EDGE_LOOP('',(#6079,#6080,#6081));
#6079=ORIENTED_EDGE('',*,*,#6082,.T.);
#6080=ORIENTED_EDGE('',*,*,#6083,.T.);
#6081=ORIENTED_EDGE('',*,*,#6084,.T.);
#6082=EDGE_CURVE('',#257,#131,#6085,.F.);
#6083=EDGE_CURVE('',#131,#239,#6086,.T.);
#6084=EDGE_CURVE('',#239,#257,#6087,.T.);
#6085=LINE('',#256,#6088);
#6086=LINE('',#130,#6089);
#6087=LINE('',#238,#6090);
#6088=VECTOR('',#6091,1.0);
#6089=VECTOR('',#6092,1.0);
#6090=VECTOR('',#6093,1.0);
#6091=DIRECTION('',(0,0,1));
#6092=DIRECTION('',(0.020955119049979192,0.06182240265523431,-0.9978671622593536));
#6093=DIRECTION('',(-0.3210169170795148,-0.947073460164925,0));
#6094=FACE_SURFACE('',(#6099),#6095,.T.);
#6095=PLANE('',#6096);
#6096=AXIS2_PLACEMENT_3D('',#204,#6097,#6098);
#6097=DIRECTION('',(-0.947073460164925,0.3210169170795148,0));
#6098=DIRECTION('',(0,0,-1));
#6099=FACE_BOUND('',#6100,.T.);
#6100=EDGE_LOOP('',(#6101,#6102,#6103));
#6101=ORIENTED_EDGE('',*,*,#6104,.T.);
#6102=ORIENTED_EDGE('',*,*,#6105,.T.);
#6103=ORIENTED_EDGE('',*,*,#6106,.T.);
#6104=EDGE_CURVE('',#205,#239,#6107,.F.);
#6105=EDGE_CURVE('',#239,#131,#6108,.T.);
#6106=EDGE_CURVE('',#131,#205,#6109,.T.);
#6107=LINE('',#204,#6110);
#6108=LINE('',#238,#6111);
#6109=LINE('',#130,#6112);
#6110=VECTOR('',#6113,1.0);
#6111=VECTOR('',#6114,1.0);
#6112=VECTOR('',#6115,1.0);
#6113=DIRECTION('',(0,0,-1));
#6114=DIRECTION('',(-0.020955119049979192,-0.06182240265523431,0.9978671622593536));
#6115=DIRECTION('',(0.3210169170795148,0.947073460164925,0));
#6116=FACE_SURFACE('',(#6121),#6117,.T.);
#6117=PLANE('',#6118);
#6118=AXIS2_PLACEMENT_3D('',#204,#6119,#6120);
#6119=DIRECTION('',(-0.8966400613347165,0.44276020644325736,0));
#6120=DIRECTION('',(0.028892877016518687,0.05851138075017549,-0.9978685384259874));
#6121=FACE_BOUND('',#6122,.T.);
#6122=EDGE_LOOP('',(#6123,#6124,#6125));
#6123=ORIENTED_EDGE('',*,*,#6126,.T.);
#6124=ORIENTED_EDGE('',*,*,#6127,.T.);
#6125=ORIENTED_EDGE('',*,*,#6128,.T.);
#6126=EDGE_CURVE('',#205,#121,#6129,.F.);
#6127=EDGE_CURVE('',#121,#239,#6130,.T.);
#6128=EDGE_CURVE('',#239,#205,#6131,.T.);
#6129=LINE('',#204,#6132);
#6130=LINE('',#120,#6133);
#6131=LINE('',#238,#6134);
#6132=VECTOR('',#6135,1.0);
#6133=VECTOR('',#6136,1.0);
#6134=VECTOR('',#6137,1.0);
#6135=DIRECTION('',(0.028892877016518687,0.05851138075017549,-0.9978685384259874));
#6136=DIRECTION('',(-0.44276020644325736,-0.8966400613347164,0));
#6137=DIRECTION('',(0,0,1));
#6138=FACE_SURFACE('',(#6143),#6139,.T.);
#6139=PLANE('',#6140);
#6140=AXIS2_PLACEMENT_3D('',#292,#6141,#6142);
#6141=DIRECTION('',(-0,0,-1));
#6142=DIRECTION('',(-0.1845156639487299,-0.9828295730987949,0));
#6143=FACE_BOUND('',#6144,.T.);
#6144=EDGE_LOOP('',(#6145,#6146,#6147));
#6145=ORIENTED_EDGE('',*,*,#6148,.T.);
#6146=ORIENTED_EDGE('',*,*,#6149,.T.);
#6147=ORIENTED_EDGE('',*,*,#6150,.T.);
#6148=EDGE_CURVE('',#293,#295,#6151,.F.);
#6149=EDGE_CURVE('',#295,#297,#6152,.T.);
#6150=EDGE_CURVE('',#297,#293,#6153,.T.);
#6151=LINE('',#292,#6154);
#6152=LINE('',#294,#6155);
#6153=LINE('',#296,#6156);
#6154=VECTOR('',#6157,1.0);
#6155=VECTOR('',#6158,1.0);
#6156=VECTOR('',#6159,1.0);
#6157=DIRECTION('',(-0.1845156639487299,-0.9828295730987949,0));
#6158=DIRECTION('',(-0.015731102333180494,0.9998762585537188,0));
#6159=DIRECTION('',(0.89664045443827,-0.44275941036270755,0));
#6160=FACE_SURFACE('',(#6165),#6161,.T.);
#6161=PLANE('',#6162);
#6162=AXIS2_PLACEMENT_3D('',#298,#6163,#6164);
#6163=DIRECTION('',(-0,0,-1));
#6164=DIRECTION('',(-0.39722451879970366,-0.917721461917691,0));
#6165=FACE_BOUND('',#6166,.T.);
#6166=EDGE_LOOP('',(#6167,#6168,#6169));
#6167=ORIENTED_EDGE('',*,*,#6170,.T.);
#6168=ORIENTED_EDGE('',*,*,#6171,.T.);
#6169=ORIENTED_EDGE('',*,*,#6172,.T.);
#6170=EDGE_CURVE('',#299,#295,#6173,.F.);
#6171=EDGE_CURVE('',#295,#293,#6174,.T.);
#6172=EDGE_CURVE('',#293,#299,#6175,.T.);
#6173=LINE('',#298,#6176);
#6174=LINE('',#294,#6177);
#6175=LINE('',#292,#6178);
#6176=VECTOR('',#6179,1.0);
#6177=VECTOR('',#6180,1.0);
#6178=VECTOR('',#6181,1.0);
#6179=DIRECTION('',(-0.39722451879970366,-0.917721461917691,0));
#6180=DIRECTION('',(0.1845156639487299,0.9828295730987949,0));
#6181=DIRECTION('',(0.8315149111477848,-0.5555024325229293,0));
#6182=FACE_SURFACE('',(#6187),#6183,.T.);
#6183=PLANE('',#6184);
#6184=AXIS2_PLACEMENT_3D('',#300,#6185,#6186);
#6185=DIRECTION('',(-0,0,-1));
#6186=DIRECTION('',(-0.6058124551959094,-0.7956074843347718,0));
#6187=FACE_BOUND('',#6188,.T.);
#6188=EDGE_LOOP('',(#6189,#6190,#6191));
#6189=ORIENTED_EDGE('',*,*,#6192,.T.);
#6190=ORIENTED_EDGE('',*,*,#6193,.T.);
#6191=ORIENTED_EDGE('',*,*,#6194,.T.);
#6192=EDGE_CURVE('',#301,#295,#6195,.F.);
#6193=EDGE_CURVE('',#295,#299,#6196,.T.);
#6194=EDGE_CURVE('',#299,#301,#6197,.T.);
#6195=LINE('',#300,#6198);
#6196=LINE('',#294,#6199);
#6197=LINE('',#298,#6200);
#6198=VECTOR('',#6201,1.0);
#6199=VECTOR('',#6202,1.0);
#6200=VECTOR('',#6203,1.0);
#6201=DIRECTION('',(-0.6058124551959094,-0.7956074843347718,0));
#6202=DIRECTION('',(0.39722451879970366,0.917721461917691,0));
#6203=DIRECTION('',(0.7518016333606223,-0.6593893417976214,0));
#6204=FACE_SURFACE('',(#6209),#6205,.T.);
#6205=PLANE('',#6206);
#6206=AXIS2_PLACEMENT_3D('',#302,#6207,#6208);
#6207=DIRECTION('',(-0,0,-1));
#6208=DIRECTION('',(-0.6893724080100351,-0.7244071252234103,0));
#6209=FACE_BOUND('',#6210,.T.);
#6210=EDGE_LOOP('',(#6211,#6212,#6213));
#6211=ORIENTED_EDGE('',*,*,#6214,.T.);
#6212=ORIENTED_EDGE('',*,*,#6215,.T.);
#6213=ORIENTED_EDGE('',*,*,#6216,.T.);
#6214=EDGE_CURVE('',#303,#305,#6217,.F.);
#6215=EDGE_CURVE('',#305,#307,#6218,.T.);
#6216=EDGE_CURVE('',#307,#303,#6219,.T.);
#6217=LINE('',#302,#6220);
#6218=LINE('',#304,#6221);
#6219=LINE('',#306,#6222);
#6220=VECTOR('',#6223,1.0);
#6221=VECTOR('',#6224,1.0);
#6222=VECTOR('',#6225,1.0);
#6223=DIRECTION('',(-0.6893724080100351,-0.7244071252234103,0));
#6224=DIRECTION('',(0.644083550734536,0.7649551487984065,0));
#6225=DIRECTION('',(0.9454705820670415,-0.32570750443582025,0));
#6226=FACE_SURFACE('',(#6231),#6227,.T.);
#6227=PLANE('',#6228);
#6228=AXIS2_PLACEMENT_3D('',#296,#6229,#6230);
#6229=DIRECTION('',(0,0,-1));
#6230=DIRECTION('',(-0.9478434635776698,0.3187362052749682,0));
#6231=FACE_BOUND('',#6232,.T.);
#6232=EDGE_LOOP('',(#6233,#6234,#6235));
#6233=ORIENTED_EDGE('',*,*,#6236,.T.);
#6234=ORIENTED_EDGE('',*,*,#6237,.T.);
#6235=ORIENTED_EDGE('',*,*,#6238,.T.);
#6236=EDGE_CURVE('',#297,#303,#6239,.F.);
#6237=EDGE_CURVE('',#303,#307,#6240,.T.);
#6238=EDGE_CURVE('',#307,#297,#6241,.T.);
#6239=LINE('',#296,#6242);
#6240=LINE('',#302,#6243);
#6241=LINE('',#306,#6244);
#6242=VECTOR('',#6245,1.0);
#6243=VECTOR('',#6246,1.0);
#6244=VECTOR('',#6247,1.0);
#6245=DIRECTION('',(-0.9478434635776698,0.3187362052749682,0));
#6246=DIRECTION('',(-0.9454705820670415,0.32570750443582025,0));
#6247=DIRECTION('',(0.9470729889459992,-0.3210183072799605,0));
#6248=FACE_SURFACE('',(#6253),#6249,.T.);
#6249=PLANE('',#6250);
#6250=AXIS2_PLACEMENT_3D('',#308,#6251,#6252);
#6251=DIRECTION('',(0,-0,-1));
#6252=DIRECTION('',(0.9807408439888825,-0.19531358614283403,0));
#6253=FACE_BOUND('',#6254,.T.);
#6254=EDGE_LOOP('',(#6255,#6256,#6257));
#6255=ORIENTED_EDGE('',*,*,#6258,.T.);
#6256=ORIENTED_EDGE('',*,*,#6259,.T.);
#6257=ORIENTED_EDGE('',*,*,#6260,.T.);
#6258=EDGE_CURVE('',#309,#307,#6261,.F.);
#6259=EDGE_CURVE('',#307,#305,#6262,.T.);
#6260=EDGE_CURVE('',#305,#309,#6263,.T.);
#6261=LINE('',#308,#6264);
#6262=LINE('',#306,#6265);
#6263=LINE('',#304,#6266);
#6264=VECTOR('',#6267,1.0);
#6265=VECTOR('',#6268,1.0);
#6266=VECTOR('',#6269,1.0);
#6267=DIRECTION('',(0.9807408439888825,-0.19531358614283403,0));
#6268=DIRECTION('',(-0.644083550734536,-0.7649551487984065,0));
#6269=DIRECTION('',(0.48288666676379083,0.8756828575813025,0));
#6270=FACE_SURFACE('',(#6275),#6271,.T.);
#6271=PLANE('',#6272);
#6272=AXIS2_PLACEMENT_3D('',#310,#6273,#6274);
#6273=DIRECTION('',(0,-0,-1));
#6274=DIRECTION('',(0.6638815099900568,-0.7478377769899848,0));
#6275=FACE_BOUND('',#6276,.T.);
#6276=EDGE_LOOP('',(#6277,#6278,#6279));
#6277=ORIENTED_EDGE('',*,*,#6280,.T.);
#6278=ORIENTED_EDGE('',*,*,#6281,.T.);
#6279=ORIENTED_EDGE('',*,*,#6282,.T.);
#6280=EDGE_CURVE('',#311,#305,#6283,.F.);
#6281=EDGE_CURVE('',#305,#313,#6284,.T.);
#6282=EDGE_CURVE('',#313,#311,#6285,.T.);
#6283=LINE('',#310,#6286);
#6284=LINE('',#304,#6287);
#6285=LINE('',#312,#6288);
#6286=VECTOR('',#6289,1.0);
#6287=VECTOR('',#6290,1.0);
#6288=VECTOR('',#6291,1.0);
#6289=DIRECTION('',(0.6638815099900568,-0.7478377769899848,0));
#6290=DIRECTION('',(-0.8201405844986528,0.5721620589118158,0));
#6291=DIRECTION('',(0.8315149111477848,0.5555024325229293,0));
#6292=FACE_SURFACE('',(#6297),#6293,.T.);
#6293=PLANE('',#6294);
#6294=AXIS2_PLACEMENT_3D('',#314,#6295,#6296);
#6295=DIRECTION('',(0,-0,-1));
#6296=DIRECTION('',(0.4551661947830169,-0.8904064999351413,0));
#6297=FACE_BOUND('',#6298,.T.);
#6298=EDGE_LOOP('',(#6299,#6300,#6301));
#6299=ORIENTED_EDGE('',*,*,#6302,.T.);
#6300=ORIENTED_EDGE('',*,*,#6303,.T.);
#6301=ORIENTED_EDGE('',*,*,#6304,.T.);
#6302=EDGE_CURVE('',#315,#305,#6305,.F.);
#6303=EDGE_CURVE('',#305,#311,#6306,.T.);
#6304=EDGE_CURVE('',#311,#315,#6307,.T.);
#6305=LINE('',#314,#6308);
#6306=LINE('',#304,#6309);
#6307=LINE('',#310,#6310);
#6308=VECTOR('',#6311,1.0);
#6309=VECTOR('',#6312,1.0);
#6310=VECTOR('',#6313,1.0);
#6311=DIRECTION('',(0.4551661947830169,-0.8904064999351413,0));
#6312=DIRECTION('',(-0.6638815099900568,0.7478377769899848,0));
#6313=DIRECTION('',(0.89664045443827,0.44275941036270755,0));
#6314=FACE_SURFACE('',(#6319),#6315,.T.);
#6315=PLANE('',#6316);
#6316=AXIS2_PLACEMENT_3D('',#316,#6317,#6318);
#6317=DIRECTION('',(0,-0,-1));
#6318=DIRECTION('',(0.2097095721089015,-0.9777637216454195,0));
#6319=FACE_BOUND('',#6320,.T.);
#6320=EDGE_LOOP('',(#6321,#6322,#6323));
#6321=ORIENTED_EDGE('',*,*,#6324,.T.);
#6322=ORIENTED_EDGE('',*,*,#6325,.T.);
#6323=ORIENTED_EDGE('',*,*,#6326,.T.);
#6324=EDGE_CURVE('',#317,#305,#6327,.F.);
#6325=EDGE_CURVE('',#305,#315,#6328,.T.);
#6326=EDGE_CURVE('',#315,#317,#6329,.T.);
#6327=LINE('',#316,#6330);
#6328=LINE('',#304,#6331);
#6329=LINE('',#314,#6332);
#6330=VECTOR('',#6333,1.0);
#6331=VECTOR('',#6334,1.0);
#6332=VECTOR('',#6335,1.0);
#6333=DIRECTION('',(0.2097095721089015,-0.9777637216454195,0));
#6334=DIRECTION('',(-0.4551661947830169,0.8904064999351413,0));
#6335=DIRECTION('',(0.9470729889459992,0.3210183072799605,0));
#6336=FACE_SURFACE('',(#6341),#6337,.T.);
#6337=PLANE('',#6338);
#6338=AXIS2_PLACEMENT_3D('',#318,#6339,#6340);
#6339=DIRECTION('',(0,0,-1));
#6340=DIRECTION('',(-0.04492913772566004,-0.9989901764197828,0));
#6341=FACE_BOUND('',#6342,.T.);
#6342=EDGE_LOOP('',(#6343,#6344,#6345));
#6343=ORIENTED_EDGE('',*,*,#6346,.T.);
#6344=ORIENTED_EDGE('',*,*,#6347,.T.);
#6345=ORIENTED_EDGE('',*,*,#6348,.T.);
#6346=EDGE_CURVE('',#319,#305,#6349,.F.);
#6347=EDGE_CURVE('',#305,#317,#6350,.T.);
#6348=EDGE_CURVE('',#317,#319,#6351,.T.);
#6349=LINE('',#318,#6352);
#6350=LINE('',#304,#6353);
#6351=LINE('',#316,#6354);
#6352=VECTOR('',#6355,1.0);
#6353=VECTOR('',#6356,1.0);
#6354=VECTOR('',#6357,1.0);
#6355=DIRECTION('',(-0.04492913772566004,-0.9989901764197828,0));
#6356=DIRECTION('',(-0.2097095721089015,0.9777637216454195,0));
#6357=DIRECTION('',(0.9807408439888825,0.19531358614283403,0));
#6358=FACE_SURFACE('',(#6363),#6359,.T.);
#6359=PLANE('',#6360);
#6360=AXIS2_PLACEMENT_3D('',#320,#6361,#6362);
#6361=DIRECTION('',(0,0,-1));
#6362=DIRECTION('',(-0.28148360337426914,-0.9595660378689094,0));
#6363=FACE_BOUND('',#6364,.T.);
#6364=EDGE_LOOP('',(#6365,#6366,#6367));
#6365=ORIENTED_EDGE('',*,*,#6368,.T.);
#6366=ORIENTED_EDGE('',*,*,#6369,.T.);
#6367=ORIENTED_EDGE('',*,*,#6370,.T.);
#6368=EDGE_CURVE('',#321,#305,#6371,.F.);
#6369=EDGE_CURVE('',#305,#319,#6372,.T.);
#6370=EDGE_CURVE('',#319,#321,#6373,.T.);
#6371=LINE('',#320,#6374);
#6372=LINE('',#304,#6375);
#6373=LINE('',#318,#6376);
#6374=VECTOR('',#6377,1.0);
#6375=VECTOR('',#6378,1.0);
#6376=VECTOR('',#6379,1.0);
#6377=DIRECTION('',(-0.28148360337426914,-0.9595660378689094,0));
#6378=DIRECTION('',(0.04492913772566004,0.9989901764197828,0));
#6379=DIRECTION('',(0.9978643671199059,0.06532001861902387,0));
#6380=FACE_SURFACE('',(#6385),#6381,.T.);
#6381=PLANE('',#6382);
#6382=AXIS2_PLACEMENT_3D('',#308,#6383,#6384);
#6383=DIRECTION('',(-0,0,-1));
#6384=DIRECTION('',(-0.48288666676379083,-0.8756828575813025,0));
#6385=FACE_BOUND('',#6386,.T.);
#6386=EDGE_LOOP('',(#6387,#6388,#6389));
#6387=ORIENTED_EDGE('',*,*,#6390,.T.);
#6388=ORIENTED_EDGE('',*,*,#6391,.T.);
#6389=ORIENTED_EDGE('',*,*,#6392,.T.);
#6390=EDGE_CURVE('',#309,#305,#6393,.F.);
#6391=EDGE_CURVE('',#305,#321,#6394,.T.);
#6392=EDGE_CURVE('',#321,#309,#6395,.T.);
#6393=LINE('',#308,#6396);
#6394=LINE('',#304,#6397);
#6395=LINE('',#320,#6398);
#6396=VECTOR('',#6399,1.0);
#6397=VECTOR('',#6400,1.0);
#6398=VECTOR('',#6401,1.0);
#6399=DIRECTION('',(-0.48288666676379083,-0.8756828575813025,0));
#6400=DIRECTION('',(0.28148360337426914,0.9595660378689094,0));
#6401=DIRECTION('',(0.9978643671199059,-0.06532001861902387,0));
#6402=FACE_SURFACE('',(#6407),#6403,.T.);
#6403=PLANE('',#6404);
#6404=AXIS2_PLACEMENT_3D('',#322,#6405,#6406);
#6405=DIRECTION('',(-0,0,-1));
#6406=DIRECTION('',(-0.12855502421681722,-0.9917023776056069,0));
#6407=FACE_BOUND('',#6408,.T.);
#6408=EDGE_LOOP('',(#6409,#6410,#6411));
#6409=ORIENTED_EDGE('',*,*,#6412,.T.);
#6410=ORIENTED_EDGE('',*,*,#6413,.T.);
#6411=ORIENTED_EDGE('',*,*,#6414,.T.);
#6412=EDGE_CURVE('',#323,#325,#6415,.F.);
#6413=EDGE_CURVE('',#325,#295,#6416,.T.);
#6414=EDGE_CURVE('',#295,#323,#6417,.T.);
#6415=LINE('',#322,#6418);
#6416=LINE('',#324,#6419);
#6417=LINE('',#294,#6420);
#6418=VECTOR('',#6421,1.0);
#6419=VECTOR('',#6422,1.0);
#6420=VECTOR('',#6423,1.0);
#6421=DIRECTION('',(-0.12855502421681722,-0.9917023776056069,0));
#6422=DIRECTION('',(-0.8924727189376671,0.4511013699292078,0));
#6423=DIRECTION('',(0.9646572665564567,-0.2635077951025839,0));
#6424=FACE_SURFACE('',(#6429),#6425,.T.);
#6425=PLANE('',#6426);
#6426=AXIS2_PLACEMENT_3D('',#326,#6427,#6428);
#6427=DIRECTION('',(0,-0,-1));
#6428=DIRECTION('',(0.3210169170795148,-0.947073460164925,0));
#6429=FACE_BOUND('',#6430,.T.);
#6430=EDGE_LOOP('',(#6431,#6432,#6433));
#6431=ORIENTED_EDGE('',*,*,#6434,.T.);
#6432=ORIENTED_EDGE('',*,*,#6435,.T.);
#6433=ORIENTED_EDGE('',*,*,#6436,.T.);
#6434=EDGE_CURVE('',#327,#329,#6437,.F.);
#6435=EDGE_CURVE('',#329,#295,#6438,.T.);
#6436=EDGE_CURVE('',#295,#327,#6439,.T.);
#6437=LINE('',#326,#6440);
#6438=LINE('',#328,#6441);
#6439=LINE('',#294,#6442);
#6440=VECTOR('',#6443,1.0);
#6441=VECTOR('',#6444,1.0);
#6442=VECTOR('',#6445,1.0);
#6443=DIRECTION('',(0.3210169170795148,-0.947073460164925,0));
#6444=DIRECTION('',(-0.9981093658196631,0.061462947074396174,0));
#6445=DIRECTION('',(0.9863753500133913,0.16451039142242585,0));
#6446=FACE_SURFACE('',(#6451),#6447,.T.);
#6447=PLANE('',#6448);
#6448=AXIS2_PLACEMENT_3D('',#322,#6449,#6450);
#6449=DIRECTION('',(0,0,-1));
#6450=DIRECTION('',(-0.9646572665564567,0.2635077951025839,0));
#6451=FACE_BOUND('',#6452,.T.);
#6452=EDGE_LOOP('',(#6453,#6454,#6455));
#6453=ORIENTED_EDGE('',*,*,#6456,.T.);
#6454=ORIENTED_EDGE('',*,*,#6457,.T.);
#6455=ORIENTED_EDGE('',*,*,#6458,.T.);
#6456=EDGE_CURVE('',#323,#295,#6459,.F.);
#6457=EDGE_CURVE('',#295,#329,#6460,.T.);
#6458=EDGE_CURVE('',#329,#323,#6461,.T.);
#6459=LINE('',#322,#6462);
#6460=LINE('',#294,#6463);
#6461=LINE('',#328,#6464);
#6462=VECTOR('',#6465,1.0);
#6463=VECTOR('',#6466,1.0);
#6464=VECTOR('',#6467,1.0);
#6465=DIRECTION('',(-0.9646572665564567,0.2635077951025839,0));
#6466=DIRECTION('',(0.9981093658196631,-0.061462947074396174,0));
#6467=DIRECTION('',(0.19531285129612574,-0.9807409903326042,0));
#6468=FACE_SURFACE('',(#6473),#6469,.T.);
#6469=PLANE('',#6470);
#6470=AXIS2_PLACEMENT_3D('',#302,#6471,#6472);
#6471=DIRECTION('',(0,0,-1));
#6472=DIRECTION('',(0.9478434635776698,-0.3187362052749682,0));
#6473=FACE_BOUND('',#6474,.T.);
#6474=EDGE_LOOP('',(#6475,#6476,#6477));
#6475=ORIENTED_EDGE('',*,*,#6478,.T.);
#6476=ORIENTED_EDGE('',*,*,#6479,.T.);
#6477=ORIENTED_EDGE('',*,*,#6480,.T.);
#6478=EDGE_CURVE('',#303,#297,#6481,.F.);
#6479=EDGE_CURVE('',#297,#295,#6482,.T.);
#6480=EDGE_CURVE('',#295,#303,#6483,.T.);
#6481=LINE('',#302,#6484);
#6482=LINE('',#296,#6485);
#6483=LINE('',#294,#6486);
#6484=VECTOR('',#6487,1.0);
#6485=VECTOR('',#6488,1.0);
#6486=VECTOR('',#6489,1.0);
#6487=DIRECTION('',(0.9478434635776698,-0.3187362052749682,0));
#6488=DIRECTION('',(0.015731102333180494,-0.9998762585537188,0));
#6489=DIRECTION('',(-0.14050497686066934,0.9900799722635454,0));
#6490=FACE_SURFACE('',(#6495),#6491,.T.);
#6491=PLANE('',#6492);
#6492=AXIS2_PLACEMENT_3D('',#300,#6493,#6494);
#6493=DIRECTION('',(0,-0,-1));
#6494=DIRECTION('',(0.6593886152967673,-0.7518022705585637,0));
#6495=FACE_BOUND('',#6496,.T.);
#6496=EDGE_LOOP('',(#6497,#6498,#6499));
#6497=ORIENTED_EDGE('',*,*,#6500,.T.);
#6498=ORIENTED_EDGE('',*,*,#6501,.T.);
#6499=ORIENTED_EDGE('',*,*,#6502,.T.);
#6500=EDGE_CURVE('',#301,#331,#6503,.F.);
#6501=EDGE_CURVE('',#331,#295,#6504,.T.);
#6502=EDGE_CURVE('',#295,#301,#6505,.T.);
#6503=LINE('',#300,#6506);
#6504=LINE('',#330,#6507);
#6505=LINE('',#294,#6508);
#6506=VECTOR('',#6509,1.0);
#6507=VECTOR('',#6510,1.0);
#6508=VECTOR('',#6511,1.0);
#6509=DIRECTION('',(0.6593886152967673,-0.7518022705585637,0));
#6510=DIRECTION('',(-0.7865568744821257,-0.6175178403940323,0));
#6511=DIRECTION('',(0.6058124551959094,0.7956074843347718,0));
#6512=FACE_SURFACE('',(#6517),#6513,.T.);
#6513=PLANE('',#6514);
#6514=AXIS2_PLACEMENT_3D('',#330,#6515,#6516);
#6515=DIRECTION('',(0,-0,-1));
#6516=DIRECTION('',(0.5555038741055554,-0.831513948081281,0));
#6517=FACE_BOUND('',#6518,.T.);
#6518=EDGE_LOOP('',(#6519,#6520,#6521));
#6519=ORIENTED_EDGE('',*,*,#6522,.T.);
#6520=ORIENTED_EDGE('',*,*,#6523,.T.);
#6521=ORIENTED_EDGE('',*,*,#6524,.T.);
#6522=EDGE_CURVE('',#331,#333,#6525,.F.);
#6523=EDGE_CURVE('',#333,#295,#6526,.T.);
#6524=EDGE_CURVE('',#295,#331,#6527,.T.);
#6525=LINE('',#330,#6528);
#6526=LINE('',#332,#6529);
#6527=LINE('',#294,#6530);
#6528=VECTOR('',#6531,1.0);
#6529=VECTOR('',#6532,1.0);
#6530=VECTOR('',#6533,1.0);
#6531=DIRECTION('',(0.5555038741055554,-0.831513948081281,0));
#6532=DIRECTION('',(-0.9170208992983115,-0.3988391533564828,0));
#6533=DIRECTION('',(0.7865568744821257,0.6175178403940323,0));
#6534=FACE_SURFACE('',(#6539),#6535,.T.);
#6535=PLANE('',#6536);
#6536=AXIS2_PLACEMENT_3D('',#326,#6537,#6538);
#6537=DIRECTION('',(-0,0,-1));
#6538=DIRECTION('',(-0.9863753500133913,-0.16451039142242585,0));
#6539=FACE_BOUND('',#6540,.T.);
#6540=EDGE_LOOP('',(#6541,#6542,#6543));
#6541=ORIENTED_EDGE('',*,*,#6544,.T.);
#6542=ORIENTED_EDGE('',*,*,#6545,.T.);
#6543=ORIENTED_EDGE('',*,*,#6546,.T.);
#6544=EDGE_CURVE('',#327,#295,#6547,.F.);
#6545=EDGE_CURVE('',#295,#333,#6548,.T.);
#6546=EDGE_CURVE('',#333,#327,#6549,.T.);
#6547=LINE('',#326,#6550);
#6548=LINE('',#294,#6551);
#6549=LINE('',#332,#6552);
#6550=VECTOR('',#6553,1.0);
#6551=VECTOR('',#6554,1.0);
#6552=VECTOR('',#6555,1.0);
#6553=DIRECTION('',(-0.9863753500133913,-0.16451039142242585,0));
#6554=DIRECTION('',(0.9170208992983115,0.3988391533564828,0));
#6555=DIRECTION('',(0.44276020644325736,-0.8966400613347164,0));
#6556=FACE_SURFACE('',(#6561),#6557,.T.);
#6557=PLANE('',#6558);
#6558=AXIS2_PLACEMENT_3D('',#334,#6559,#6560);
#6559=DIRECTION('',(0,0,-1));
#6560=DIRECTION('',(-3.40051429925545E-05,0.9999999994218252,0));
#6561=FACE_BOUND('',#6562,.T.);
#6562=EDGE_LOOP('',(#6563,#6564,#6565));
#6563=ORIENTED_EDGE('',*,*,#6566,.T.);
#6564=ORIENTED_EDGE('',*,*,#6567,.T.);
#6565=ORIENTED_EDGE('',*,*,#6568,.T.);
#6566=EDGE_CURVE('',#335,#337,#6569,.F.);
#6567=EDGE_CURVE('',#337,#305,#6570,.T.);
#6568=EDGE_CURVE('',#305,#335,#6571,.T.);
#6569=LINE('',#334,#6572);
#6570=LINE('',#336,#6573);
#6571=LINE('',#304,#6574);
#6572=VECTOR('',#6575,1.0);
#6573=VECTOR('',#6576,1.0);
#6574=VECTOR('',#6577,1.0);
#6575=DIRECTION('',(-3.40051429925545E-05,0.9999999994218252,0));
#6576=DIRECTION('',(0.9791237186540102,-0.20326520501340797,0));
#6577=DIRECTION('',(-0.9849112099956396,0.1730604184235235,0));
#6578=FACE_SURFACE('',(#6583),#6579,.T.);
#6579=PLANE('',#6580);
#6580=AXIS2_PLACEMENT_3D('',#338,#6581,#6582);
#6581=DIRECTION('',(-0,0,-1));
#6582=DIRECTION('',(-0.06532104381086938,-0.9978643000105066,0));
#6583=FACE_BOUND('',#6584,.T.);
#6584=EDGE_LOOP('',(#6585,#6586,#6587));
#6585=ORIENTED_EDGE('',*,*,#6588,.T.);
#6586=ORIENTED_EDGE('',*,*,#6589,.T.);
#6587=ORIENTED_EDGE('',*,*,#6590,.T.);
#6588=EDGE_CURVE('',#339,#341,#6591,.F.);
#6589=EDGE_CURVE('',#341,#325,#6592,.T.);
#6590=EDGE_CURVE('',#325,#339,#6593,.T.);
#6591=LINE('',#338,#6594);
#6592=LINE('',#340,#6595);
#6593=LINE('',#324,#6596);
#6594=VECTOR('',#6597,1.0);
#6595=VECTOR('',#6598,1.0);
#6596=VECTOR('',#6599,1.0);
#6597=DIRECTION('',(-0.06532104381086938,-0.9978643000105066,0));
#6598=DIRECTION('',(-0.12855502421681722,0.9917023776056069,0));
#6599=DIRECTION('',(1,0,0));
#6600=FACE_SURFACE('',(#6605),#6601,.T.);
#6601=PLANE('',#6602);
#6602=AXIS2_PLACEMENT_3D('',#338,#6603,#6604);
#6603=DIRECTION('',(0,0,-1));
#6604=DIRECTION('',(-1,0,0));
#6605=FACE_BOUND('',#6606,.T.);
#6606=EDGE_LOOP('',(#6607,#6608,#6609));
#6607=ORIENTED_EDGE('',*,*,#6610,.T.);
#6608=ORIENTED_EDGE('',*,*,#6611,.T.);
#6609=ORIENTED_EDGE('',*,*,#6612,.T.);
#6610=EDGE_CURVE('',#339,#325,#6613,.F.);
#6611=EDGE_CURVE('',#325,#323,#6614,.T.);
#6612=EDGE_CURVE('',#323,#339,#6615,.T.);
#6613=LINE('',#338,#6616);
#6614=LINE('',#324,#6617);
#6615=LINE('',#322,#6618);
#6616=VECTOR('',#6619,1.0);
#6617=VECTOR('',#6620,1.0);
#6618=VECTOR('',#6621,1.0);
#6619=DIRECTION('',(-1,0,0));
#6620=DIRECTION('',(0.12855502421681722,0.9917023776056069,0));
#6621=DIRECTION('',(0.06532104381086938,-0.9978643000105066,0));
#6622=FACE_SURFACE('',(#6627),#6623,.T.);
#6623=PLANE('',#6624);
#6624=AXIS2_PLACEMENT_3D('',#342,#6625,#6626);
#6625=DIRECTION('',(-0,0,-1));
#6626=DIRECTION('',(-0.9981093658196631,-0.061462947074396174,0));
#6627=FACE_BOUND('',#6628,.T.);
#6628=EDGE_LOOP('',(#6629,#6630,#6631));
#6629=ORIENTED_EDGE('',*,*,#6632,.T.);
#6630=ORIENTED_EDGE('',*,*,#6633,.T.);
#6631=ORIENTED_EDGE('',*,*,#6634,.T.);
#6632=EDGE_CURVE('',#343,#345,#6635,.F.);
#6633=EDGE_CURVE('',#345,#341,#6636,.T.);
#6634=EDGE_CURVE('',#341,#343,#6637,.T.);
#6635=LINE('',#342,#6638);
#6636=LINE('',#344,#6639);
#6637=LINE('',#340,#6640);
#6638=VECTOR('',#6641,1.0);
#6639=VECTOR('',#6642,1.0);
#6640=VECTOR('',#6643,1.0);
#6641=DIRECTION('',(-0.9981093658196631,-0.061462947074396174,0));
#6642=DIRECTION('',(0.9646572665564567,0.2635077951025839,0));
#6643=DIRECTION('',(-0.19531285129612574,-0.9807409903326042,0));
#6644=FACE_SURFACE('',(#6649),#6645,.T.);
#6645=PLANE('',#6646);
#6646=AXIS2_PLACEMENT_3D('',#346,#6647,#6648);
#6647=DIRECTION('',(0,0,-1));
#6648=DIRECTION('',(-0.9863753500133913,0.16451039142242585,0));
#6649=FACE_BOUND('',#6650,.T.);
#6650=EDGE_LOOP('',(#6651,#6652,#6653));
#6651=ORIENTED_EDGE('',*,*,#6654,.T.);
#6652=ORIENTED_EDGE('',*,*,#6655,.T.);
#6653=ORIENTED_EDGE('',*,*,#6656,.T.);
#6654=EDGE_CURVE('',#347,#345,#6657,.F.);
#6655=EDGE_CURVE('',#345,#343,#6658,.T.);
#6656=EDGE_CURVE('',#343,#347,#6659,.T.);
#6657=LINE('',#346,#6660);
#6658=LINE('',#344,#6661);
#6659=LINE('',#342,#6662);
#6660=VECTOR('',#6663,1.0);
#6661=VECTOR('',#6664,1.0);
#6662=VECTOR('',#6665,1.0);
#6663=DIRECTION('',(-0.9863753500133913,0.16451039142242585,0));
#6664=DIRECTION('',(0.9981093658196631,0.061462947074396174,0));
#6665=DIRECTION('',(-0.3210169170795148,-0.947073460164925,0));
#6666=FACE_SURFACE('',(#6671),#6667,.T.);
#6667=PLANE('',#6668);
#6668=AXIS2_PLACEMENT_3D('',#348,#6669,#6670);
#6669=DIRECTION('',(0,0,-1));
#6670=DIRECTION('',(-0.9170208992983115,0.3988391533564828,0));
#6671=FACE_BOUND('',#6672,.T.);
#6672=EDGE_LOOP('',(#6673,#6674,#6675));
#6673=ORIENTED_EDGE('',*,*,#6676,.T.);
#6674=ORIENTED_EDGE('',*,*,#6677,.T.);
#6675=ORIENTED_EDGE('',*,*,#6678,.T.);
#6676=EDGE_CURVE('',#349,#345,#6679,.F.);
#6677=EDGE_CURVE('',#345,#347,#6680,.T.);
#6678=EDGE_CURVE('',#347,#349,#6681,.T.);
#6679=LINE('',#348,#6682);
#6680=LINE('',#344,#6683);
#6681=LINE('',#346,#6684);
#6682=VECTOR('',#6685,1.0);
#6683=VECTOR('',#6686,1.0);
#6684=VECTOR('',#6687,1.0);
#6685=DIRECTION('',(-0.9170208992983115,0.3988391533564828,0));
#6686=DIRECTION('',(0.9863753500133913,-0.16451039142242585,0));
#6687=DIRECTION('',(-0.44276020644325736,-0.8966400613347164,0));
#6688=FACE_SURFACE('',(#6693),#6689,.T.);
#6689=PLANE('',#6690);
#6690=AXIS2_PLACEMENT_3D('',#350,#6691,#6692);
#6691=DIRECTION('',(0,0,-1));
#6692=DIRECTION('',(-0.7865568667332431,0.6175178502640901,0));
#6693=FACE_BOUND('',#6694,.T.);
#6694=EDGE_LOOP('',(#6695,#6696,#6697));
#6695=ORIENTED_EDGE('',*,*,#6698,.T.);
#6696=ORIENTED_EDGE('',*,*,#6699,.T.);
#6697=ORIENTED_EDGE('',*,*,#6700,.T.);
#6698=EDGE_CURVE('',#351,#345,#6701,.F.);
#6699=EDGE_CURVE('',#345,#349,#6702,.T.);
#6700=EDGE_CURVE('',#349,#351,#6703,.T.);
#6701=LINE('',#350,#6704);
#6702=LINE('',#344,#6705);
#6703=LINE('',#348,#6706);
#6704=VECTOR('',#6707,1.0);
#6705=VECTOR('',#6708,1.0);
#6706=VECTOR('',#6709,1.0);
#6707=DIRECTION('',(-0.7865568667332431,0.6175178502640901,0));
#6708=DIRECTION('',(0.9170208992983115,-0.3988391533564828,0));
#6709=DIRECTION('',(-0.5555038453933646,-0.8315139672628385,0));
#6710=FACE_SURFACE('',(#6715),#6711,.T.);
#6711=PLANE('',#6712);
#6712=AXIS2_PLACEMENT_3D('',#352,#6713,#6714);
#6713=DIRECTION('',(0,0,-1));
#6714=DIRECTION('',(-0.6058124652590581,0.7956074766722234,0));
#6715=FACE_BOUND('',#6716,.T.);
#6716=EDGE_LOOP('',(#6717,#6718,#6719));
#6717=ORIENTED_EDGE('',*,*,#6720,.T.);
#6718=ORIENTED_EDGE('',*,*,#6721,.T.);
#6719=ORIENTED_EDGE('',*,*,#6722,.T.);
#6720=EDGE_CURVE('',#353,#345,#6723,.F.);
#6721=EDGE_CURVE('',#345,#351,#6724,.T.);
#6722=EDGE_CURVE('',#351,#353,#6725,.T.);
#6723=LINE('',#352,#6726);
#6724=LINE('',#344,#6727);
#6725=LINE('',#350,#6728);
#6726=VECTOR('',#6729,1.0);
#6727=VECTOR('',#6730,1.0);
#6728=VECTOR('',#6731,1.0);
#6729=DIRECTION('',(-0.6058124652590581,0.7956074766722234,0));
#6730=DIRECTION('',(0.7865568667332431,-0.6175178502640901,0));
#6731=DIRECTION('',(-0.6593886871538583,-0.7518022075343428,0));
#6732=FACE_SURFACE('',(#6737),#6733,.T.);
#6733=PLANE('',#6734);
#6734=AXIS2_PLACEMENT_3D('',#354,#6735,#6736);
#6735=DIRECTION('',(0,0,-1));
#6736=DIRECTION('',(-0.397224504275488,0.9177214682043201,0));
#6737=FACE_BOUND('',#6738,.T.);
#6738=EDGE_LOOP('',(#6739,#6740,#6741));
#6739=ORIENTED_EDGE('',*,*,#6742,.T.);
#6740=ORIENTED_EDGE('',*,*,#6743,.T.);
#6741=ORIENTED_EDGE('',*,*,#6744,.T.);
#6742=EDGE_CURVE('',#355,#345,#6745,.F.);
#6743=EDGE_CURVE('',#345,#353,#6746,.T.);
#6744=EDGE_CURVE('',#353,#355,#6747,.T.);
#6745=LINE('',#354,#6748);
#6746=LINE('',#344,#6749);
#6747=LINE('',#352,#6750);
#6748=VECTOR('',#6751,1.0);
#6749=VECTOR('',#6752,1.0);
#6750=VECTOR('',#6753,1.0);
#6751=DIRECTION('',(-0.397224504275488,0.9177214682043201,0));
#6752=DIRECTION('',(0.6058124652590581,-0.7956074766722234,0));
#6753=DIRECTION('',(-0.7518015101772108,-0.6593894822449515,0));
#6754=FACE_SURFACE('',(#6759),#6755,.T.);
#6755=PLANE('',#6756);
#6756=AXIS2_PLACEMENT_3D('',#324,#6757,#6758);
#6757=DIRECTION('',(0,-0,-1));
#6758=DIRECTION('',(0.12855502421681722,-0.9917023776056069,0));
#6759=FACE_BOUND('',#6760,.T.);
#6760=EDGE_LOOP('',(#6761,#6762,#6763));
#6761=ORIENTED_EDGE('',*,*,#6764,.T.);
#6762=ORIENTED_EDGE('',*,*,#6765,.T.);
#6763=ORIENTED_EDGE('',*,*,#6766,.T.);
#6764=EDGE_CURVE('',#325,#341,#6767,.F.);
#6765=EDGE_CURVE('',#341,#345,#6768,.T.);
#6766=EDGE_CURVE('',#345,#325,#6769,.T.);
#6767=LINE('',#324,#6770);
#6768=LINE('',#340,#6771);
#6769=LINE('',#344,#6772);
#6770=VECTOR('',#6773,1.0);
#6771=VECTOR('',#6774,1.0);
#6772=VECTOR('',#6775,1.0);
#6773=DIRECTION('',(0.12855502421681722,-0.9917023776056069,0));
#6774=DIRECTION('',(-0.9646572665564567,-0.2635077951025839,0));
#6775=DIRECTION('',(0.8924727189376671,0.4511013699292078,0));
#6776=FACE_SURFACE('',(#6781),#6777,.T.);
#6777=PLANE('',#6778);
#6778=AXIS2_PLACEMENT_3D('',#356,#6779,#6780);
#6779=DIRECTION('',(0,0,-1));
#6780=DIRECTION('',(0.20970957654330116,0.9777637206943348,0));
#6781=FACE_BOUND('',#6782,.T.);
#6782=EDGE_LOOP('',(#6783,#6784,#6785));
#6783=ORIENTED_EDGE('',*,*,#6786,.T.);
#6784=ORIENTED_EDGE('',*,*,#6787,.T.);
#6785=ORIENTED_EDGE('',*,*,#6788,.T.);
#6786=EDGE_CURVE('',#357,#359,#6789,.F.);
#6787=EDGE_CURVE('',#359,#361,#6790,.T.);
#6788=EDGE_CURVE('',#361,#357,#6791,.T.);
#6789=LINE('',#356,#6792);
#6790=LINE('',#358,#6793);
#6791=LINE('',#360,#6794);
#6792=VECTOR('',#6795,1.0);
#6793=VECTOR('',#6796,1.0);
#6794=VECTOR('',#6797,1.0);
#6795=DIRECTION('',(0.20970957654330116,0.9777637206943348,0));
#6796=DIRECTION('',(0.044929136783060965,-0.9989901764621758,0));
#6797=DIRECTION('',(-0.9807408122454954,0.19531374553790576,0));
#6798=FACE_SURFACE('',(#6803),#6799,.T.);
#6799=PLANE('',#6800);
#6800=AXIS2_PLACEMENT_3D('',#360,#6801,#6802);
#6801=DIRECTION('',(0,0,-1));
#6802=DIRECTION('',(-0.044929136783060965,0.9989901764621758,0));
#6803=FACE_BOUND('',#6804,.T.);
#6804=EDGE_LOOP('',(#6805,#6806,#6807));
#6805=ORIENTED_EDGE('',*,*,#6808,.T.);
#6806=ORIENTED_EDGE('',*,*,#6809,.T.);
#6807=ORIENTED_EDGE('',*,*,#6810,.T.);
#6808=EDGE_CURVE('',#361,#359,#6811,.F.);
#6809=EDGE_CURVE('',#359,#363,#6812,.T.);
#6810=EDGE_CURVE('',#363,#361,#6813,.T.);
#6811=LINE('',#360,#6814);
#6812=LINE('',#358,#6815);
#6813=LINE('',#362,#6816);
#6814=VECTOR('',#6817,1.0);
#6815=VECTOR('',#6818,1.0);
#6816=VECTOR('',#6819,1.0);
#6817=DIRECTION('',(-0.044929136783060965,0.9989901764621758,0));
#6818=DIRECTION('',(0.28148360873395395,-0.9595660362966741,0));
#6819=DIRECTION('',(-0.9978643779187022,0.06531985365049145,0));
#6820=FACE_SURFACE('',(#6825),#6821,.T.);
#6821=PLANE('',#6822);
#6822=AXIS2_PLACEMENT_3D('',#364,#6823,#6824);
#6823=DIRECTION('',(0,0,-1));
#6824=DIRECTION('',(-0.9470729889459992,-0.3210183072799605,0));
#6825=FACE_BOUND('',#6826,.T.);
#6826=EDGE_LOOP('',(#6827,#6828,#6829));
#6827=ORIENTED_EDGE('',*,*,#6830,.T.);
#6828=ORIENTED_EDGE('',*,*,#6831,.T.);
#6829=ORIENTED_EDGE('',*,*,#6832,.T.);
#6830=EDGE_CURVE('',#365,#367,#6833,.F.);
#6831=EDGE_CURVE('',#367,#369,#6834,.T.);
#6832=EDGE_CURVE('',#369,#365,#6835,.T.);
#6833=LINE('',#364,#6836);
#6834=LINE('',#366,#6837);
#6835=LINE('',#368,#6838);
#6836=VECTOR('',#6839,1.0);
#6837=VECTOR('',#6840,1.0);
#6838=VECTOR('',#6841,1.0);
#6839=DIRECTION('',(-0.9470729889459992,-0.3210183072799605,0));
#6840=DIRECTION('',(0.9454704260956827,0.32570795719240314,0));
#6841=DIRECTION('',(0.9478435379533853,0.31873598409970827,0));
#6842=FACE_SURFACE('',(#6847),#6843,.T.);
#6843=PLANE('',#6844);
#6844=AXIS2_PLACEMENT_3D('',#370,#6845,#6846);
#6845=DIRECTION('',(0,0,-1));
#6846=DIRECTION('',(-0.48288665897956545,0.8756828618738367,0));
#6847=FACE_BOUND('',#6848,.T.);
#6848=EDGE_LOOP('',(#6849,#6850,#6851));
#6849=ORIENTED_EDGE('',*,*,#6852,.T.);
#6850=ORIENTED_EDGE('',*,*,#6853,.T.);
#6851=ORIENTED_EDGE('',*,*,#6854,.T.);
#6852=EDGE_CURVE('',#371,#359,#6855,.F.);
#6853=EDGE_CURVE('',#359,#367,#6856,.T.);
#6854=EDGE_CURVE('',#367,#371,#6857,.T.);
#6855=LINE('',#370,#6858);
#6856=LINE('',#358,#6859);
#6857=LINE('',#366,#6860);
#6858=VECTOR('',#6861,1.0);
#6859=VECTOR('',#6862,1.0);
#6860=VECTOR('',#6863,1.0);
#6861=DIRECTION('',(-0.48288665897956545,0.8756828618738367,0));
#6862=DIRECTION('',(0.6440835590706355,-0.7649551417795054,0));
#6863=DIRECTION('',(-0.9807408122454954,-0.19531374553790576,0));
#6864=FACE_SURFACE('',(#6869),#6865,.T.);
#6865=PLANE('',#6866);
#6866=AXIS2_PLACEMENT_3D('',#362,#6867,#6868);
#6867=DIRECTION('',(0,0,-1));
#6868=DIRECTION('',(-0.28148360873395395,0.9595660362966741,0));
#6869=FACE_BOUND('',#6870,.T.);
#6870=EDGE_LOOP('',(#6871,#6872,#6873));
#6871=ORIENTED_EDGE('',*,*,#6874,.T.);
#6872=ORIENTED_EDGE('',*,*,#6875,.T.);
#6873=ORIENTED_EDGE('',*,*,#6876,.T.);
#6874=EDGE_CURVE('',#363,#359,#6877,.F.);
#6875=EDGE_CURVE('',#359,#371,#6878,.T.);
#6876=EDGE_CURVE('',#371,#363,#6879,.T.);
#6877=LINE('',#362,#6880);
#6878=LINE('',#358,#6881);
#6879=LINE('',#370,#6882);
#6880=VECTOR('',#6883,1.0);
#6881=VECTOR('',#6884,1.0);
#6882=VECTOR('',#6885,1.0);
#6883=DIRECTION('',(-0.28148360873395395,0.9595660362966741,0));
#6884=DIRECTION('',(0.48288665897956545,-0.8756828618738367,0));
#6885=DIRECTION('',(-0.9978643779187022,-0.06531985365049145,0));
#6886=FACE_SURFACE('',(#6891),#6887,.T.);
#6887=PLANE('',#6888);
#6888=AXIS2_PLACEMENT_3D('',#354,#6889,#6890);
#6889=DIRECTION('',(-0,0,-1));
#6890=DIRECTION('',(-0.8315152939771598,-0.5555018594767054,0));
#6891=FACE_BOUND('',#6892,.T.);
#6892=EDGE_LOOP('',(#6893,#6894,#6895));
#6893=ORIENTED_EDGE('',*,*,#6896,.T.);
#6894=ORIENTED_EDGE('',*,*,#6897,.T.);
#6895=ORIENTED_EDGE('',*,*,#6898,.T.);
#6896=EDGE_CURVE('',#355,#373,#6899,.F.);
#6897=EDGE_CURVE('',#373,#345,#6900,.T.);
#6898=EDGE_CURVE('',#345,#355,#6901,.T.);
#6899=LINE('',#354,#6902);
#6900=LINE('',#372,#6903);
#6901=LINE('',#344,#6904);
#6902=VECTOR('',#6905,1.0);
#6903=VECTOR('',#6906,1.0);
#6904=VECTOR('',#6907,1.0);
#6905=DIRECTION('',(-0.8315152939771598,-0.5555018594767054,0));
#6906=DIRECTION('',(-0.1845156909691584,0.9828295680260002,0));
#6907=DIRECTION('',(0.397224504275488,-0.9177214682043201,0));
#6908=FACE_SURFACE('',(#6913),#6909,.T.);
#6909=PLANE('',#6910);
#6910=AXIS2_PLACEMENT_3D('',#368,#6911,#6912);
#6911=DIRECTION('',(0,0,-1));
#6912=DIRECTION('',(0.14050498139854103,0.9900799716195634,0));
#6913=FACE_BOUND('',#6914,.T.);
#6914=EDGE_LOOP('',(#6915,#6916,#6917));
#6915=ORIENTED_EDGE('',*,*,#6918,.T.);
#6916=ORIENTED_EDGE('',*,*,#6919,.T.);
#6917=ORIENTED_EDGE('',*,*,#6920,.T.);
#6918=EDGE_CURVE('',#369,#345,#6921,.F.);
#6919=EDGE_CURVE('',#345,#365,#6922,.T.);
#6920=EDGE_CURVE('',#365,#369,#6923,.T.);
#6921=LINE('',#368,#6924);
#6922=LINE('',#344,#6925);
#6923=LINE('',#364,#6926);
#6924=VECTOR('',#6927,1.0);
#6925=VECTOR('',#6928,1.0);
#6926=VECTOR('',#6929,1.0);
#6927=DIRECTION('',(0.14050498139854103,0.9900799716195634,0));
#6928=DIRECTION('',(-0.015731102333180494,-0.9998762585537188,0));
#6929=DIRECTION('',(-0.9478435379533853,-0.31873598409970827,0));
#6930=FACE_SURFACE('',(#6935),#6931,.T.);
#6931=PLANE('',#6932);
#6932=AXIS2_PLACEMENT_3D('',#364,#6933,#6934);
#6933=DIRECTION('',(0,0,-1));
#6934=DIRECTION('',(0.015731102333180494,0.9998762585537188,0));
#6935=FACE_BOUND('',#6936,.T.);
#6936=EDGE_LOOP('',(#6937,#6938,#6939));
#6937=ORIENTED_EDGE('',*,*,#6940,.T.);
#6938=ORIENTED_EDGE('',*,*,#6941,.T.);
#6939=ORIENTED_EDGE('',*,*,#6942,.T.);
#6940=EDGE_CURVE('',#365,#345,#6943,.F.);
#6941=EDGE_CURVE('',#345,#373,#6944,.T.);
#6942=EDGE_CURVE('',#373,#365,#6945,.T.);
#6943=LINE('',#364,#6946);
#6944=LINE('',#344,#6947);
#6945=LINE('',#372,#6948);
#6946=VECTOR('',#6949,1.0);
#6947=VECTOR('',#6950,1.0);
#6948=VECTOR('',#6951,1.0);
#6949=DIRECTION('',(0.015731102333180494,0.9998762585537188,0));
#6950=DIRECTION('',(0.1845156909691584,-0.9828295680260002,0));
#6951=DIRECTION('',(-0.8966401912814309,-0.4427599432861998,0));
#6952=FACE_SURFACE('',(#6957),#6953,.T.);
#6953=PLANE('',#6954);
#6954=AXIS2_PLACEMENT_3D('',#374,#6955,#6956);
#6955=DIRECTION('',(0,0,-1));
#6956=DIRECTION('',(0.5555038741055554,0.831513948081281,0));
#6957=FACE_BOUND('',#6958,.T.);
#6958=EDGE_LOOP('',(#6959,#6960,#6961));
#6959=ORIENTED_EDGE('',*,*,#6962,.T.);
#6960=ORIENTED_EDGE('',*,*,#6963,.T.);
#6961=ORIENTED_EDGE('',*,*,#6964,.T.);
#6962=EDGE_CURVE('',#375,#337,#6965,.F.);
#6963=EDGE_CURVE('',#337,#335,#6966,.T.);
#6964=EDGE_CURVE('',#335,#375,#6967,.T.);
#6965=LINE('',#374,#6968);
#6966=LINE('',#336,#6969);
#6967=LINE('',#334,#6970);
#6968=VECTOR('',#6971,1.0);
#6969=VECTOR('',#6972,1.0);
#6970=VECTOR('',#6973,1.0);
#6971=DIRECTION('',(0.5555038741055554,0.831513948081281,0));
#6972=DIRECTION('',(3.40051429925545E-05,-0.9999999994218252,0));
#6973=DIRECTION('',(-0.6351562597792908,-0.7723836648086119,0));
#6974=FACE_SURFACE('',(#6979),#6975,.T.);
#6975=PLANE('',#6976);
#6976=AXIS2_PLACEMENT_3D('',#376,#6977,#6978);
#6977=DIRECTION('',(0,-0,-1));
#6978=DIRECTION('',(0.9227308386261897,-0.3854449369860871,0));
#6979=FACE_BOUND('',#6980,.T.);
#6980=EDGE_LOOP('',(#6981,#6982,#6983));
#6981=ORIENTED_EDGE('',*,*,#6984,.T.);
#6982=ORIENTED_EDGE('',*,*,#6985,.T.);
#6983=ORIENTED_EDGE('',*,*,#6986,.T.);
#6984=EDGE_CURVE('',#377,#305,#6987,.F.);
#6985=EDGE_CURVE('',#305,#337,#6988,.T.);
#6986=EDGE_CURVE('',#337,#377,#6989,.T.);
#6987=LINE('',#376,#6990);
#6988=LINE('',#304,#6991);
#6989=LINE('',#336,#6992);
#6990=VECTOR('',#6993,1.0);
#6991=VECTOR('',#6994,1.0);
#6992=VECTOR('',#6995,1.0);
#6993=DIRECTION('',(0.9227308386261897,-0.3854449369860871,0));
#6994=DIRECTION('',(-0.9791237186540102,0.20326520501340797,0));
#6995=DIRECTION('',(0.6593886152967673,0.7518022705585637,0));
#6996=FACE_SURFACE('',(#7001),#6997,.T.);
#6997=PLANE('',#6998);
#6998=AXIS2_PLACEMENT_3D('',#312,#6999,#7000);
#6999=DIRECTION('',(0,-0,-1));
#7000=DIRECTION('',(0.8201405844986528,-0.5721620589118158,0));
#7001=FACE_BOUND('',#7002,.T.);
#7002=EDGE_LOOP('',(#7003,#7004,#7005));
#7003=ORIENTED_EDGE('',*,*,#7006,.T.);
#7004=ORIENTED_EDGE('',*,*,#7007,.T.);
#7005=ORIENTED_EDGE('',*,*,#7008,.T.);
#7006=EDGE_CURVE('',#313,#305,#7009,.F.);
#7007=EDGE_CURVE('',#305,#377,#7010,.T.);
#7008=EDGE_CURVE('',#377,#313,#7011,.T.);
#7009=LINE('',#312,#7012);
#7010=LINE('',#304,#7013);
#7011=LINE('',#376,#7014);
#7012=VECTOR('',#7015,1.0);
#7013=VECTOR('',#7016,1.0);
#7014=VECTOR('',#7017,1.0);
#7015=DIRECTION('',(0.8201405844986528,-0.5721620589118158,0));
#7016=DIRECTION('',(-0.9227308386261897,0.3854449369860871,0));
#7017=DIRECTION('',(0.7518016333606223,0.6593893417976214,0));
#7018=FACE_SURFACE('',(#7023),#7019,.T.);
#7019=PLANE('',#7020);
#7020=AXIS2_PLACEMENT_3D('',#374,#7021,#7022);
#7021=DIRECTION('',(0,0,-1));
#7022=DIRECTION('',(0.6351562597792908,0.7723836648086119,0));
#7023=FACE_BOUND('',#7024,.T.);
#7024=EDGE_LOOP('',(#7025,#7026,#7027));
#7025=ORIENTED_EDGE('',*,*,#7028,.T.);
#7026=ORIENTED_EDGE('',*,*,#7029,.T.);
#7027=ORIENTED_EDGE('',*,*,#7030,.T.);
#7028=EDGE_CURVE('',#375,#335,#7031,.F.);
#7029=EDGE_CURVE('',#335,#379,#7032,.T.);
#7030=EDGE_CURVE('',#379,#375,#7033,.T.);
#7031=LINE('',#374,#7034);
#7032=LINE('',#334,#7035);
#7033=LINE('',#378,#7036);
#7034=VECTOR('',#7037,1.0);
#7035=VECTOR('',#7038,1.0);
#7036=VECTOR('',#7039,1.0);
#7037=DIRECTION('',(0.6351562597792908,0.7723836648086119,0));
#7038=DIRECTION('',(0.45667334507794327,-0.8896344507129441,0));
#7039=DIRECTION('',(-0.5996347557283326,0.8002738029715972,0));
#7040=FACE_SURFACE('',(#7045),#7041,.T.);
#7041=PLANE('',#7042);
#7042=AXIS2_PLACEMENT_3D('',#374,#7043,#7044);
#7043=DIRECTION('',(0,-0,-1));
#7044=DIRECTION('',(0.5996347557283326,-0.8002738029715972,0));
#7045=FACE_BOUND('',#7046,.T.);
#7046=EDGE_LOOP('',(#7047,#7048,#7049));
#7047=ORIENTED_EDGE('',*,*,#7050,.T.);
#7048=ORIENTED_EDGE('',*,*,#7051,.T.);
#7049=ORIENTED_EDGE('',*,*,#7052,.T.);
#7050=EDGE_CURVE('',#375,#379,#7053,.F.);
#7051=EDGE_CURVE('',#379,#381,#7054,.T.);
#7052=EDGE_CURVE('',#381,#375,#7055,.T.);
#7053=LINE('',#374,#7056);
#7054=LINE('',#378,#7057);
#7055=LINE('',#380,#7058);
#7056=VECTOR('',#7059,1.0);
#7057=VECTOR('',#7060,1.0);
#7058=VECTOR('',#7061,1.0);
#7059=DIRECTION('',(0.5996347557283326,-0.8002738029715972,0));
#7060=DIRECTION('',(-0.7489239379786926,0.6626559704118626,0));
#7061=DIRECTION('',(0.44276020644325736,0.8966400613347164,0));
#7062=FACE_SURFACE('',(#7067),#7063,.T.);
#7063=PLANE('',#7064);
#7064=AXIS2_PLACEMENT_3D('',#382,#7065,#7066);
#7065=DIRECTION('',(0,-0,-1));
#7066=DIRECTION('',(0.8779178344918465,-0.47881131553164746,0));
#7067=FACE_BOUND('',#7068,.T.);
#7068=EDGE_LOOP('',(#7069,#7070,#7071));
#7069=ORIENTED_EDGE('',*,*,#7072,.T.);
#7070=ORIENTED_EDGE('',*,*,#7073,.T.);
#7071=ORIENTED_EDGE('',*,*,#7074,.T.);
#7072=EDGE_CURVE('',#383,#379,#7075,.F.);
#7073=EDGE_CURVE('',#379,#385,#7076,.T.);
#7074=EDGE_CURVE('',#385,#383,#7077,.T.);
#7075=LINE('',#382,#7078);
#7076=LINE('',#378,#7079);
#7077=LINE('',#384,#7080);
#7078=VECTOR('',#7081,1.0);
#7079=VECTOR('',#7082,1.0);
#7080=VECTOR('',#7083,1.0);
#7081=DIRECTION('',(0.8779178344918465,-0.47881131553164746,0));
#7082=DIRECTION('',(-0.9675770219703173,0.25257614011432755,0));
#7083=DIRECTION('',(0.19531285129612574,0.9807409903326042,0));
#7084=FACE_SURFACE('',(#7089),#7085,.T.);
#7085=PLANE('',#7086);
#7086=AXIS2_PLACEMENT_3D('',#380,#7087,#7088);
#7087=DIRECTION('',(0,-0,-1));
#7088=DIRECTION('',(0.7489239379786926,-0.6626559704118626,0));
#7089=FACE_BOUND('',#7090,.T.);
#7090=EDGE_LOOP('',(#7091,#7092,#7093));
#7091=ORIENTED_EDGE('',*,*,#7094,.T.);
#7092=ORIENTED_EDGE('',*,*,#7095,.T.);
#7093=ORIENTED_EDGE('',*,*,#7096,.T.);
#7094=EDGE_CURVE('',#381,#379,#7097,.F.);
#7095=EDGE_CURVE('',#379,#383,#7098,.T.);
#7096=EDGE_CURVE('',#383,#381,#7099,.T.);
#7097=LINE('',#380,#7100);
#7098=LINE('',#378,#7101);
#7099=LINE('',#382,#7102);
#7100=VECTOR('',#7103,1.0);
#7101=VECTOR('',#7104,1.0);
#7102=VECTOR('',#7105,1.0);
#7103=DIRECTION('',(0.7489239379786926,-0.6626559704118626,0));
#7104=DIRECTION('',(-0.8779178344918465,0.47881131553164746,0));
#7105=DIRECTION('',(0.3210169170795148,0.947073460164925,0));
#7106=FACE_SURFACE('',(#7111),#7107,.T.);
#7107=PLANE('',#7108);
#7108=AXIS2_PLACEMENT_3D('',#386,#7109,#7110);
#7109=DIRECTION('',(0,0,-1));
#7110=DIRECTION('',(0.06532104381086938,0.9978643000105066,0));
#7111=FACE_BOUND('',#7112,.T.);
#7112=EDGE_LOOP('',(#7113,#7114,#7115));
#7113=ORIENTED_EDGE('',*,*,#7116,.T.);
#7114=ORIENTED_EDGE('',*,*,#7117,.T.);
#7115=ORIENTED_EDGE('',*,*,#7118,.T.);
#7116=EDGE_CURVE('',#387,#385,#7119,.F.);
#7117=EDGE_CURVE('',#385,#379,#7120,.T.);
#7118=EDGE_CURVE('',#379,#387,#7121,.T.);
#7119=LINE('',#386,#7122);
#7120=LINE('',#384,#7123);
#7121=LINE('',#378,#7124);
#7122=VECTOR('',#7125,1.0);
#7123=VECTOR('',#7126,1.0);
#7124=VECTOR('',#7127,1.0);
#7125=DIRECTION('',(0.06532104381086938,0.9978643000105066,0));
#7126=DIRECTION('',(0.9675770219703173,-0.25257614011432755,0));
#7127=DIRECTION('',(-1,0,0));
#7128=FACE_SURFACE('',(#7133),#7129,.T.);
#7129=PLANE('',#7130);
#7130=AXIS2_PLACEMENT_3D('',#388,#7131,#7132);
#7131=DIRECTION('',(0,0,-1));
#7132=DIRECTION('',(-0.6351563992467147,0.7723835501199827,0));
#7133=FACE_BOUND('',#7134,.T.);
#7134=EDGE_LOOP('',(#7135,#7136,#7137));
#7135=ORIENTED_EDGE('',*,*,#7138,.T.);
#7136=ORIENTED_EDGE('',*,*,#7139,.T.);
#7137=ORIENTED_EDGE('',*,*,#7140,.T.);
#7138=EDGE_CURVE('',#389,#391,#7141,.F.);
#7139=EDGE_CURVE('',#391,#379,#7142,.T.);
#7140=EDGE_CURVE('',#379,#389,#7143,.T.);
#7141=LINE('',#388,#7144);
#7142=LINE('',#390,#7145);
#7143=LINE('',#378,#7146);
#7144=VECTOR('',#7147,1.0);
#7145=VECTOR('',#7148,1.0);
#7146=VECTOR('',#7149,1.0);
#7147=DIRECTION('',(-0.6351563992467147,0.7723835501199827,0));
#7148=DIRECTION('',(0.5996347557283326,0.8002738029715972,0));
#7149=DIRECTION('',(-0.4566733650510614,-0.8896344404602039,0));
#7150=FACE_SURFACE('',(#7155),#7151,.T.);
#7151=PLANE('',#7152);
#7152=AXIS2_PLACEMENT_3D('',#392,#7153,#7154);
#7153=DIRECTION('',(0,0,-1));
#7154=DIRECTION('',(-0.5555038453933646,0.8315139672628385,0));
#7155=FACE_BOUND('',#7156,.T.);
#7156=EDGE_LOOP('',(#7157,#7158,#7159));
#7157=ORIENTED_EDGE('',*,*,#7160,.T.);
#7158=ORIENTED_EDGE('',*,*,#7161,.T.);
#7159=ORIENTED_EDGE('',*,*,#7162,.T.);
#7160=EDGE_CURVE('',#393,#391,#7163,.F.);
#7161=EDGE_CURVE('',#391,#389,#7164,.T.);
#7162=EDGE_CURVE('',#389,#393,#7165,.T.);
#7163=LINE('',#392,#7166);
#7164=LINE('',#390,#7167);
#7165=LINE('',#388,#7168);
#7166=VECTOR('',#7169,1.0);
#7167=VECTOR('',#7170,1.0);
#7168=VECTOR('',#7171,1.0);
#7169=DIRECTION('',(-0.5555038453933646,0.8315139672628385,0));
#7170=DIRECTION('',(0.6351563992467147,-0.7723835501199827,0));
#7171=DIRECTION('',(-3.4005075237821375E-05,-0.9999999994218274,0));
#7172=FACE_SURFACE('',(#7177),#7173,.T.);
#7173=PLANE('',#7174);
#7174=AXIS2_PLACEMENT_3D('',#390,#7175,#7176);
#7175=DIRECTION('',(0,0,-1));
#7176=DIRECTION('',(-0.44276020644325736,0.8966400613347164,0));
#7177=FACE_BOUND('',#7178,.T.);
#7178=EDGE_LOOP('',(#7179,#7180,#7181));
#7179=ORIENTED_EDGE('',*,*,#7182,.T.);
#7180=ORIENTED_EDGE('',*,*,#7183,.T.);
#7181=ORIENTED_EDGE('',*,*,#7184,.T.);
#7182=EDGE_CURVE('',#391,#395,#7185,.F.);
#7183=EDGE_CURVE('',#395,#379,#7186,.T.);
#7184=EDGE_CURVE('',#379,#391,#7187,.T.);
#7185=LINE('',#390,#7188);
#7186=LINE('',#394,#7189);
#7187=LINE('',#378,#7190);
#7188=VECTOR('',#7191,1.0);
#7189=VECTOR('',#7192,1.0);
#7190=VECTOR('',#7193,1.0);
#7191=DIRECTION('',(-0.44276020644325736,0.8966400613347164,0));
#7192=DIRECTION('',(0.7489239379786926,0.6626559704118626,0));
#7193=DIRECTION('',(-0.5996347557283326,-0.8002738029715972,0));
#7194=FACE_SURFACE('',(#7199),#7195,.T.);
#7195=PLANE('',#7196);
#7196=AXIS2_PLACEMENT_3D('',#394,#7197,#7198);
#7197=DIRECTION('',(0,0,-1));
#7198=DIRECTION('',(-0.3210169170795148,0.947073460164925,0));
#7199=FACE_BOUND('',#7200,.T.);
#7200=EDGE_LOOP('',(#7201,#7202,#7203));
#7201=ORIENTED_EDGE('',*,*,#7204,.T.);
#7202=ORIENTED_EDGE('',*,*,#7205,.T.);
#7203=ORIENTED_EDGE('',*,*,#7206,.T.);
#7204=EDGE_CURVE('',#395,#397,#7207,.F.);
#7205=EDGE_CURVE('',#397,#379,#7208,.T.);
#7206=EDGE_CURVE('',#379,#395,#7209,.T.);
#7207=LINE('',#394,#7210);
#7208=LINE('',#396,#7211);
#7209=LINE('',#378,#7212);
#7210=VECTOR('',#7213,1.0);
#7211=VECTOR('',#7214,1.0);
#7212=VECTOR('',#7215,1.0);
#7213=DIRECTION('',(-0.3210169170795148,0.947073460164925,0));
#7214=DIRECTION('',(0.8779178344918465,0.47881131553164746,0));
#7215=DIRECTION('',(-0.7489239379786926,-0.6626559704118626,0));
#7216=FACE_SURFACE('',(#7221),#7217,.T.);
#7217=PLANE('',#7218);
#7218=AXIS2_PLACEMENT_3D('',#396,#7219,#7220);
#7219=DIRECTION('',(0,0,-1));
#7220=DIRECTION('',(-0.19531285129612574,0.9807409903326042,0));
#7221=FACE_BOUND('',#7222,.T.);
#7222=EDGE_LOOP('',(#7223,#7224,#7225));
#7223=ORIENTED_EDGE('',*,*,#7226,.T.);
#7224=ORIENTED_EDGE('',*,*,#7227,.T.);
#7225=ORIENTED_EDGE('',*,*,#7228,.T.);
#7226=EDGE_CURVE('',#397,#399,#7229,.F.);
#7227=EDGE_CURVE('',#399,#379,#7230,.T.);
#7228=EDGE_CURVE('',#379,#397,#7231,.T.);
#7229=LINE('',#396,#7232);
#7230=LINE('',#398,#7233);
#7231=LINE('',#378,#7234);
#7232=VECTOR('',#7235,1.0);
#7233=VECTOR('',#7236,1.0);
#7234=VECTOR('',#7237,1.0);
#7235=DIRECTION('',(-0.19531285129612574,0.9807409903326042,0));
#7236=DIRECTION('',(0.9675770219703173,0.25257614011432755,0));
#7237=DIRECTION('',(-0.8779178344918465,-0.47881131553164746,0));
#7238=FACE_SURFACE('',(#7243),#7239,.T.);
#7239=PLANE('',#7240);
#7240=AXIS2_PLACEMENT_3D('',#386,#7241,#7242);
#7241=DIRECTION('',(0,0,-1));
#7242=DIRECTION('',(1,0,0));
#7243=FACE_BOUND('',#7244,.T.);
#7244=EDGE_LOOP('',(#7245,#7246,#7247));
#7245=ORIENTED_EDGE('',*,*,#7248,.T.);
#7246=ORIENTED_EDGE('',*,*,#7249,.T.);
#7247=ORIENTED_EDGE('',*,*,#7250,.T.);
#7248=EDGE_CURVE('',#387,#379,#7251,.F.);
#7249=EDGE_CURVE('',#379,#399,#7252,.T.);
#7250=EDGE_CURVE('',#399,#387,#7253,.T.);
#7251=LINE('',#386,#7254);
#7252=LINE('',#378,#7255);
#7253=LINE('',#398,#7256);
#7254=VECTOR('',#7257,1.0);
#7255=VECTOR('',#7258,1.0);
#7256=VECTOR('',#7259,1.0);
#7257=DIRECTION('',(1,0,0));
#7258=DIRECTION('',(-0.9675770219703173,-0.25257614011432755,0));
#7259=DIRECTION('',(-0.06532104381086938,0.9978643000105066,0));
#7260=FACE_SURFACE('',(#7265),#7261,.T.);
#7261=PLANE('',#7262);
#7262=AXIS2_PLACEMENT_3D('',#382,#7263,#7264);
#7263=DIRECTION('',(-0.9470734601649251,0.3210169170795148,0));
#7264=DIRECTION('',(0,0,1));
#7265=FACE_BOUND('',#7266,.T.);
#7266=EDGE_LOOP('',(#7267,#7268,#7269));
#7267=ORIENTED_EDGE('',*,*,#7270,.T.);
#7268=ORIENTED_EDGE('',*,*,#7271,.T.);
#7269=ORIENTED_EDGE('',*,*,#7272,.T.);
#7270=EDGE_CURVE('',#383,#401,#7273,.F.);
#7271=EDGE_CURVE('',#401,#403,#7274,.T.);
#7272=EDGE_CURVE('',#403,#383,#7275,.T.);
#7273=LINE('',#382,#7276);
#7274=LINE('',#400,#7277);
#7275=LINE('',#402,#7278);
#7276=VECTOR('',#7279,1.0);
#7277=VECTOR('',#7280,1.0);
#7278=VECTOR('',#7281,1.0);
#7279=DIRECTION('',(0,0,1));
#7280=DIRECTION('',(0.3210169170795148,0.947073460164925,0));
#7281=DIRECTION('',(-0.020955119049979178,-0.061822402655234275,-0.9978671622593536));
#7282=FACE_SURFACE('',(#7287),#7283,.T.);
#7283=PLANE('',#7284);
#7284=AXIS2_PLACEMENT_3D('',#402,#7285,#7286);
#7285=DIRECTION('',(-0.9470734601649251,0.3210169170795148,0));
#7286=DIRECTION('',(0,0,-1));
#7287=FACE_BOUND('',#7288,.T.);
#7288=EDGE_LOOP('',(#7289,#7290,#7291));
#7289=ORIENTED_EDGE('',*,*,#7292,.T.);
#7290=ORIENTED_EDGE('',*,*,#7293,.T.);
#7291=ORIENTED_EDGE('',*,*,#7294,.T.);
#7292=EDGE_CURVE('',#403,#381,#7295,.F.);
#7293=EDGE_CURVE('',#381,#383,#7296,.T.);
#7294=EDGE_CURVE('',#383,#403,#7297,.T.);
#7295=LINE('',#402,#7298);
#7296=LINE('',#380,#7299);
#7297=LINE('',#382,#7300);
#7298=VECTOR('',#7301,1.0);
#7299=VECTOR('',#7302,1.0);
#7300=VECTOR('',#7303,1.0);
#7301=DIRECTION('',(0,0,-1));
#7302=DIRECTION('',(-0.3210169170795148,-0.947073460164925,0));
#7303=DIRECTION('',(0.020955119049979178,0.061822402655234275,0.9978671622593536));
#7304=FACE_SURFACE('',(#7309),#7305,.T.);
#7305=PLANE('',#7306);
#7306=AXIS2_PLACEMENT_3D('',#368,#7307,#7308);
#7307=DIRECTION('',(-0,0,-1));
#7308=DIRECTION('',(-0.9454704260956827,-0.32570795719240314,0));
#7309=FACE_BOUND('',#7310,.T.);
#7310=EDGE_LOOP('',(#7311,#7312,#7313));
#7311=ORIENTED_EDGE('',*,*,#7314,.T.);
#7312=ORIENTED_EDGE('',*,*,#7315,.T.);
#7313=ORIENTED_EDGE('',*,*,#7316,.T.);
#7314=EDGE_CURVE('',#369,#367,#7317,.F.);
#7315=EDGE_CURVE('',#367,#359,#7318,.T.);
#7316=EDGE_CURVE('',#359,#369,#7319,.T.);
#7317=LINE('',#368,#7320);
#7318=LINE('',#366,#7321);
#7319=LINE('',#358,#7322);
#7320=VECTOR('',#7323,1.0);
#7321=VECTOR('',#7324,1.0);
#7322=VECTOR('',#7325,1.0);
#7323=DIRECTION('',(-0.9454704260956827,-0.32570795719240314,0));
#7324=DIRECTION('',(-0.6440835590706355,0.7649551417795054,0));
#7325=DIRECTION('',(0.6893724327171967,-0.7244071017111677,0));
#7326=FACE_SURFACE('',(#7331),#7327,.T.);
#7327=PLANE('',#7328);
#7328=AXIS2_PLACEMENT_3D('',#388,#7329,#7330);
#7329=DIRECTION('',(0,-0,-1));
#7330=DIRECTION('',(0.9849112213729271,0.17306035367376651,0));
#7331=FACE_BOUND('',#7332,.T.);
#7332=EDGE_LOOP('',(#7333,#7334,#7335));
#7333=ORIENTED_EDGE('',*,*,#7336,.T.);
#7334=ORIENTED_EDGE('',*,*,#7337,.T.);
#7335=ORIENTED_EDGE('',*,*,#7338,.T.);
#7336=EDGE_CURVE('',#389,#359,#7339,.F.);
#7337=EDGE_CURVE('',#359,#393,#7340,.T.);
#7338=EDGE_CURVE('',#393,#389,#7341,.T.);
#7339=LINE('',#388,#7342);
#7340=LINE('',#358,#7343);
#7341=LINE('',#392,#7344);
#7342=VECTOR('',#7345,1.0);
#7343=VECTOR('',#7346,1.0);
#7344=VECTOR('',#7347,1.0);
#7345=DIRECTION('',(0.9849112213729271,0.17306035367376651,0));
#7346=DIRECTION('',(-0.9791237194794105,-0.20326520103747409,0));
#7347=DIRECTION('',(3.4005075237821375E-05,0.9999999994218274,0));
#7348=FACE_SURFACE('',(#7353),#7349,.T.);
#7349=PLANE('',#7350);
#7350=AXIS2_PLACEMENT_3D('',#404,#7351,#7352);
#7351=DIRECTION('',(0,0,-1));
#7352=DIRECTION('',(0.9227308514805811,0.3854449062134844,0));
#7353=FACE_BOUND('',#7354,.T.);
#7354=EDGE_LOOP('',(#7355,#7356,#7357));
#7355=ORIENTED_EDGE('',*,*,#7358,.T.);
#7356=ORIENTED_EDGE('',*,*,#7359,.T.);
#7357=ORIENTED_EDGE('',*,*,#7360,.T.);
#7358=EDGE_CURVE('',#405,#359,#7361,.F.);
#7359=EDGE_CURVE('',#359,#407,#7362,.T.);
#7360=EDGE_CURVE('',#407,#405,#7363,.T.);
#7361=LINE('',#404,#7364);
#7362=LINE('',#358,#7365);
#7363=LINE('',#406,#7366);
#7364=VECTOR('',#7367,1.0);
#7365=VECTOR('',#7368,1.0);
#7366=VECTOR('',#7369,1.0);
#7367=DIRECTION('',(0.9227308514805811,0.3854449062134844,0));
#7368=DIRECTION('',(-0.8201405753321311,-0.5721620720511637,0));
#7369=DIRECTION('',(-0.7518015101772108,0.6593894822449515,0));
#7370=FACE_SURFACE('',(#7375),#7371,.T.);
#7371=PLANE('',#7372);
#7372=AXIS2_PLACEMENT_3D('',#392,#7373,#7374);
#7373=DIRECTION('',(0,0,-1));
#7374=DIRECTION('',(0.9791237194794105,0.20326520103747409,0));
#7375=FACE_BOUND('',#7376,.T.);
#7376=EDGE_LOOP('',(#7377,#7378,#7379));
#7377=ORIENTED_EDGE('',*,*,#7380,.T.);
#7378=ORIENTED_EDGE('',*,*,#7381,.T.);
#7379=ORIENTED_EDGE('',*,*,#7382,.T.);
#7380=EDGE_CURVE('',#393,#359,#7383,.F.);
#7381=EDGE_CURVE('',#359,#405,#7384,.T.);
#7382=EDGE_CURVE('',#405,#393,#7385,.T.);
#7383=LINE('',#392,#7386);
#7384=LINE('',#358,#7387);
#7385=LINE('',#404,#7388);
#7386=VECTOR('',#7389,1.0);
#7387=VECTOR('',#7390,1.0);
#7388=VECTOR('',#7391,1.0);
#7389=DIRECTION('',(0.9791237194794105,0.20326520103747409,0));
#7390=DIRECTION('',(-0.9227308514805811,-0.3854449062134844,0));
#7391=DIRECTION('',(-0.6593886871538583,0.7518022075343428,0));
#7392=FACE_SURFACE('',(#7397),#7393,.T.);
#7393=PLANE('',#7394);
#7394=AXIS2_PLACEMENT_3D('',#408,#7395,#7396);
#7395=DIRECTION('',(0,0,-1));
#7396=DIRECTION('',(0.4551662035130523,0.8904064954724413,0));
#7397=FACE_BOUND('',#7398,.T.);
#7398=EDGE_LOOP('',(#7399,#7400,#7401));
#7399=ORIENTED_EDGE('',*,*,#7402,.T.);
#7400=ORIENTED_EDGE('',*,*,#7403,.T.);
#7401=ORIENTED_EDGE('',*,*,#7404,.T.);
#7402=EDGE_CURVE('',#409,#359,#7405,.F.);
#7403=EDGE_CURVE('',#359,#357,#7406,.T.);
#7404=EDGE_CURVE('',#357,#409,#7407,.T.);
#7405=LINE('',#408,#7408);
#7406=LINE('',#358,#7409);
#7407=LINE('',#356,#7410);
#7408=VECTOR('',#7411,1.0);
#7409=VECTOR('',#7412,1.0);
#7410=VECTOR('',#7413,1.0);
#7411=DIRECTION('',(0.4551662035130523,0.8904064954724413,0));
#7412=DIRECTION('',(-0.20970957654330116,-0.9777637206943348,0));
#7413=DIRECTION('',(-0.9470729889459992,0.3210183072799605,0));
#7414=FACE_SURFACE('',(#7419),#7415,.T.);
#7415=PLANE('',#7416);
#7416=AXIS2_PLACEMENT_3D('',#402,#7417,#7418);
#7417=DIRECTION('',(-0.8966400613347164,0.44276020644325736,0));
#7418=DIRECTION('',(0.02889287701651867,0.05851138075017545,-0.9978685384259874));
#7419=FACE_BOUND('',#7420,.T.);
#7420=EDGE_LOOP('',(#7421,#7422,#7423));
#7421=ORIENTED_EDGE('',*,*,#7424,.T.);
#7422=ORIENTED_EDGE('',*,*,#7425,.T.);
#7423=ORIENTED_EDGE('',*,*,#7426,.T.);
#7424=EDGE_CURVE('',#403,#375,#7427,.F.);
#7425=EDGE_CURVE('',#375,#381,#7428,.T.);
#7426=EDGE_CURVE('',#381,#403,#7429,.T.);
#7427=LINE('',#402,#7430);
#7428=LINE('',#374,#7431);
#7429=LINE('',#380,#7432);
#7430=VECTOR('',#7433,1.0);
#7431=VECTOR('',#7434,1.0);
#7432=VECTOR('',#7435,1.0);
#7433=DIRECTION('',(0.02889287701651867,0.05851138075017545,-0.9978685384259874));
#7434=DIRECTION('',(-0.44276020644325736,-0.8966400613347164,0));
#7435=DIRECTION('',(0,0,1));
#7436=FACE_SURFACE('',(#7441),#7437,.T.);
#7437=PLANE('',#7438);
#7438=AXIS2_PLACEMENT_3D('',#406,#7439,#7440);
#7439=DIRECTION('',(0,0,-1));
#7440=DIRECTION('',(0.8201405753321311,0.5721620720511637,0));
#7441=FACE_BOUND('',#7442,.T.);
#7442=EDGE_LOOP('',(#7443,#7444,#7445));
#7443=ORIENTED_EDGE('',*,*,#7446,.T.);
#7444=ORIENTED_EDGE('',*,*,#7447,.T.);
#7445=ORIENTED_EDGE('',*,*,#7448,.T.);
#7446=EDGE_CURVE('',#407,#359,#7449,.F.);
#7447=EDGE_CURVE('',#359,#411,#7450,.T.);
#7448=EDGE_CURVE('',#411,#407,#7451,.T.);
#7449=LINE('',#406,#7452);
#7450=LINE('',#358,#7453);
#7451=LINE('',#410,#7454);
#7452=VECTOR('',#7455,1.0);
#7453=VECTOR('',#7456,1.0);
#7454=VECTOR('',#7457,1.0);
#7455=DIRECTION('',(0.8201405753321311,0.5721620720511637,0));
#7456=DIRECTION('',(-0.6638816028297966,-0.7478376945729202,0));
#7457=DIRECTION('',(-0.8315152939771598,0.5555018594767054,0));
#7458=FACE_SURFACE('',(#7463),#7459,.T.);
#7459=PLANE('',#7460);
#7460=AXIS2_PLACEMENT_3D('',#410,#7461,#7462);
#7461=DIRECTION('',(0,0,-1));
#7462=DIRECTION('',(0.6638816028297966,0.7478376945729202,0));
#7463=FACE_BOUND('',#7464,.T.);
#7464=EDGE_LOOP('',(#7465,#7466,#7467));
#7465=ORIENTED_EDGE('',*,*,#7468,.T.);
#7466=ORIENTED_EDGE('',*,*,#7469,.T.);
#7467=ORIENTED_EDGE('',*,*,#7470,.T.);
#7468=EDGE_CURVE('',#411,#359,#7471,.F.);
#7469=EDGE_CURVE('',#359,#409,#7472,.T.);
#7470=EDGE_CURVE('',#409,#411,#7473,.T.);
#7471=LINE('',#410,#7474);
#7472=LINE('',#358,#7475);
#7473=LINE('',#408,#7476);
#7474=VECTOR('',#7477,1.0);
#7475=VECTOR('',#7478,1.0);
#7476=VECTOR('',#7479,1.0);
#7477=DIRECTION('',(0.6638816028297966,0.7478376945729202,0));
#7478=DIRECTION('',(-0.4551662035130523,-0.8904064954724413,0));
#7479=DIRECTION('',(-0.8966401912814309,0.4427599432861998,0));
#7480=FACE_SURFACE('',(#7485),#7481,.T.);
#7481=PLANE('',#7482);
#7482=AXIS2_PLACEMENT_3D('',#412,#7483,#7484);
#7483=DIRECTION('',(-0,0,1));
#7484=DIRECTION('',(0.29936449115198543,-0.9541388271301576,0));
#7485=FACE_BOUND('',#7486,.T.);
#7486=EDGE_LOOP('',(#7487,#7488,#7489));
#7487=ORIENTED_EDGE('',*,*,#7490,.T.);
#7488=ORIENTED_EDGE('',*,*,#7491,.T.);
#7489=ORIENTED_EDGE('',*,*,#7492,.T.);
#7490=EDGE_CURVE('',#413,#415,#7493,.F.);
#7491=EDGE_CURVE('',#415,#417,#7494,.T.);
#7492=EDGE_CURVE('',#417,#413,#7495,.T.);
#7493=LINE('',#412,#7496);
#7494=LINE('',#414,#7497);
#7495=LINE('',#416,#7498);
#7496=VECTOR('',#7499,1.0);
#7497=VECTOR('',#7500,1.0);
#7498=VECTOR('',#7501,1.0);
#7499=DIRECTION('',(0.29936449115198543,-0.9541388271301576,0));
#7500=DIRECTION('',(-0.15172340896098274,0.9884229900064336,0));
#7501=DIRECTION('',(-0.9807408439888825,-0.19531358614283403,0));
#7502=FACE_SURFACE('',(#7507),#7503,.T.);
#7503=PLANE('',#7504);
#7504=AXIS2_PLACEMENT_3D('',#418,#7505,#7506);
#7505=DIRECTION('',(-0,0,1));
#7506=DIRECTION('',(0.3654104772828262,-0.9308464873930272,0));
#7507=FACE_BOUND('',#7508,.T.);
#7508=EDGE_LOOP('',(#7509,#7510,#7511));
#7509=ORIENTED_EDGE('',*,*,#7512,.T.);
#7510=ORIENTED_EDGE('',*,*,#7513,.T.);
#7511=ORIENTED_EDGE('',*,*,#7514,.T.);
#7512=EDGE_CURVE('',#419,#421,#7515,.F.);
#7513=EDGE_CURVE('',#421,#413,#7516,.T.);
#7514=EDGE_CURVE('',#413,#419,#7517,.T.);
#7515=LINE('',#418,#7518);
#7516=LINE('',#420,#7519);
#7517=LINE('',#412,#7520);
#7518=VECTOR('',#7521,1.0);
#7519=VECTOR('',#7522,1.0);
#7520=VECTOR('',#7523,1.0);
#7521=DIRECTION('',(0.3654104772828262,-0.9308464873930272,0));
#7522=DIRECTION('',(-0.22050293326603823,0.9753863113767145,0));
#7523=DIRECTION('',(-0.9470729889459992,-0.3210183072799605,0));
#7524=FACE_SURFACE('',(#7529),#7525,.T.);
#7525=PLANE('',#7526);
#7526=AXIS2_PLACEMENT_3D('',#422,#7527,#7528);
#7527=DIRECTION('',(-0,0,1));
#7528=DIRECTION('',(0.5022987765829108,-0.8646941303393421,0));
#7529=FACE_BOUND('',#7530,.T.);
#7530=EDGE_LOOP('',(#7531,#7532,#7533));
#7531=ORIENTED_EDGE('',*,*,#7534,.T.);
#7532=ORIENTED_EDGE('',*,*,#7535,.T.);
#7533=ORIENTED_EDGE('',*,*,#7536,.T.);
#7534=EDGE_CURVE('',#423,#421,#7537,.F.);
#7535=EDGE_CURVE('',#421,#419,#7538,.T.);
#7536=EDGE_CURVE('',#419,#423,#7539,.T.);
#7537=LINE('',#422,#7540);
#7538=LINE('',#420,#7541);
#7539=LINE('',#418,#7542);
#7540=VECTOR('',#7543,1.0);
#7541=VECTOR('',#7544,1.0);
#7542=VECTOR('',#7545,1.0);
#7543=DIRECTION('',(0.5022987765829108,-0.8646941303393421,0));
#7544=DIRECTION('',(-0.3654104772828262,0.9308464873930272,0));
#7545=DIRECTION('',(-0.89664045443827,-0.44275941036270755,0));
#7546=FACE_SURFACE('',(#7551),#7547,.T.);
#7547=PLANE('',#7548);
#7548=AXIS2_PLACEMENT_3D('',#424,#7549,#7550);
#7549=DIRECTION('',(0,0,1));
#7550=DIRECTION('',(-0.9470729889459992,0.3210183072799605,0));
#7551=FACE_BOUND('',#7552,.T.);
#7552=EDGE_LOOP('',(#7553,#7554,#7555));
#7553=ORIENTED_EDGE('',*,*,#7556,.T.);
#7554=ORIENTED_EDGE('',*,*,#7557,.T.);
#7555=ORIENTED_EDGE('',*,*,#7558,.T.);
#7556=EDGE_CURVE('',#425,#427,#7559,.F.);
#7557=EDGE_CURVE('',#427,#429,#7560,.T.);
#7558=EDGE_CURVE('',#429,#425,#7561,.T.);
#7559=LINE('',#424,#7562);
#7560=LINE('',#426,#7563);
#7561=LINE('',#428,#7564);
#7562=VECTOR('',#7565,1.0);
#7563=VECTOR('',#7566,1.0);
#7564=VECTOR('',#7567,1.0);
#7565=DIRECTION('',(-0.9470729889459992,0.3210183072799605,0));
#7566=DIRECTION('',(-0.22040294577022812,-0.9754089098915417,0));
#7567=DIRECTION('',(0.3653190138212286,0.930882386846311,0));
#7568=FACE_SURFACE('',(#7573),#7569,.T.);
#7569=PLANE('',#7570);
#7570=AXIS2_PLACEMENT_3D('',#416,#7571,#7572);
#7571=DIRECTION('',(-0,0,1));
#7572=DIRECTION('',(0.15172340896098274,-0.9884229900064336,0));
#7573=FACE_BOUND('',#7574,.T.);
#7574=EDGE_LOOP('',(#7575,#7576,#7577));
#7575=ORIENTED_EDGE('',*,*,#7578,.T.);
#7576=ORIENTED_EDGE('',*,*,#7579,.T.);
#7577=ORIENTED_EDGE('',*,*,#7580,.T.);
#7578=EDGE_CURVE('',#417,#415,#7581,.F.);
#7579=EDGE_CURVE('',#415,#431,#7582,.T.);
#7580=EDGE_CURVE('',#431,#417,#7583,.T.);
#7581=LINE('',#416,#7584);
#7582=LINE('',#414,#7585);
#7583=LINE('',#430,#7586);
#7584=VECTOR('',#7587,1.0);
#7585=VECTOR('',#7588,1.0);
#7586=VECTOR('',#7589,1.0);
#7587=DIRECTION('',(0.15172340896098274,-0.9884229900064336,0));
#7588=DIRECTION('',(0,1,0));
#7589=DIRECTION('',(-0.9978643671199059,-0.06532001861902387,0));
#7590=FACE_SURFACE('',(#7595),#7591,.T.);
#7591=PLANE('',#7592);
#7592=AXIS2_PLACEMENT_3D('',#414,#7593,#7594);
#7593=DIRECTION('',(-0,0,1));
#7594=DIRECTION('',(0.9656777136199184,-0.2597432451822509,0));
#7595=FACE_BOUND('',#7596,.T.);
#7596=EDGE_LOOP('',(#7597,#7598,#7599));
#7597=ORIENTED_EDGE('',*,*,#7600,.T.);
#7598=ORIENTED_EDGE('',*,*,#7601,.T.);
#7599=ORIENTED_EDGE('',*,*,#7602,.T.);
#7600=EDGE_CURVE('',#415,#429,#7603,.F.);
#7601=EDGE_CURVE('',#429,#427,#7604,.T.);
#7602=EDGE_CURVE('',#427,#415,#7605,.T.);
#7603=LINE('',#414,#7606);
#7604=LINE('',#428,#7607);
#7605=LINE('',#426,#7608);
#7606=VECTOR('',#7609,1.0);
#7607=VECTOR('',#7610,1.0);
#7608=VECTOR('',#7611,1.0);
#7609=DIRECTION('',(0.9656777136199184,-0.2597432451822509,0));
#7610=DIRECTION('',(0.22040294577022812,0.9754089098915417,0));
#7611=DIRECTION('',(-0.29936449115198543,-0.9541388271301576,0));
#7612=FACE_SURFACE('',(#7617),#7613,.T.);
#7613=PLANE('',#7614);
#7614=AXIS2_PLACEMENT_3D('',#426,#7615,#7616);
#7615=DIRECTION('',(0,0,1));
#7616=DIRECTION('',(-0.9807408439888825,0.19531358614283403,0));
#7617=FACE_BOUND('',#7618,.T.);
#7618=EDGE_LOOP('',(#7619,#7620,#7621));
#7619=ORIENTED_EDGE('',*,*,#7622,.T.);
#7620=ORIENTED_EDGE('',*,*,#7623,.T.);
#7621=ORIENTED_EDGE('',*,*,#7624,.T.);
#7622=EDGE_CURVE('',#427,#433,#7625,.F.);
#7623=EDGE_CURVE('',#433,#415,#7626,.T.);
#7624=EDGE_CURVE('',#415,#427,#7627,.T.);
#7625=LINE('',#426,#7628);
#7626=LINE('',#432,#7629);
#7627=LINE('',#414,#7630);
#7628=VECTOR('',#7631,1.0);
#7629=VECTOR('',#7632,1.0);
#7630=VECTOR('',#7633,1.0);
#7631=DIRECTION('',(-0.9807408439888825,0.19531358614283403,0));
#7632=DIRECTION('',(-0.15172340896098274,-0.9884229900064336,0));
#7633=DIRECTION('',(0.29936449115198543,0.9541388271301576,0));
#7634=FACE_SURFACE('',(#7639),#7635,.T.);
#7635=PLANE('',#7636);
#7636=AXIS2_PLACEMENT_3D('',#430,#7637,#7638);
#7637=DIRECTION('',(0,0,1));
#7638=DIRECTION('',(0,-1,0));
#7639=FACE_BOUND('',#7640,.T.);
#7640=EDGE_LOOP('',(#7641,#7642,#7643));
#7641=ORIENTED_EDGE('',*,*,#7644,.T.);
#7642=ORIENTED_EDGE('',*,*,#7645,.T.);
#7643=ORIENTED_EDGE('',*,*,#7646,.T.);
#7644=EDGE_CURVE('',#431,#415,#7647,.F.);
#7645=EDGE_CURVE('',#415,#433,#7648,.T.);
#7646=EDGE_CURVE('',#433,#431,#7649,.T.);
#7647=LINE('',#430,#7650);
#7648=LINE('',#414,#7651);
#7649=LINE('',#432,#7652);
#7650=VECTOR('',#7653,1.0);
#7651=VECTOR('',#7654,1.0);
#7652=VECTOR('',#7655,1.0);
#7653=DIRECTION('',(0,-1,0));
#7654=DIRECTION('',(0.15172340896098274,0.9884229900064336,0));
#7655=DIRECTION('',(-0.9978643671199059,0.06532001861902387,0));
#7656=FACE_SURFACE('',(#7661),#7657,.T.);
#7657=PLANE('',#7658);
#7658=AXIS2_PLACEMENT_3D('',#434,#7659,#7660);
#7659=DIRECTION('',(-0.831513948081281,0.5555038741055554,0));
#7660=DIRECTION('',(0,0,-1));
#7661=FACE_BOUND('',#7662,.T.);
#7662=EDGE_LOOP('',(#7663,#7664,#7665));
#7663=ORIENTED_EDGE('',*,*,#7666,.T.);
#7664=ORIENTED_EDGE('',*,*,#7667,.T.);
#7665=ORIENTED_EDGE('',*,*,#7668,.T.);
#7666=EDGE_CURVE('',#435,#337,#7669,.F.);
#7667=EDGE_CURVE('',#337,#375,#7670,.T.);
#7668=EDGE_CURVE('',#375,#435,#7671,.T.);
#7669=LINE('',#434,#7672);
#7670=LINE('',#336,#7673);
#7671=LINE('',#374,#7674);
#7672=VECTOR('',#7675,1.0);
#7673=VECTOR('',#7676,1.0);
#7674=VECTOR('',#7677,1.0);
#7675=DIRECTION('',(0,0,-1));
#7676=DIRECTION('',(-0.5555038741055554,-0.831513948081281,0));
#7677=DIRECTION('',(0.036240973393866484,0.054247821255187914,0.9978696135951481));
#7678=FACE_SURFACE('',(#7683),#7679,.T.);
#7679=PLANE('',#7680);
#7680=AXIS2_PLACEMENT_3D('',#436,#7681,#7682);
#7681=DIRECTION('',(0,0,1));
#7682=DIRECTION('',(-0.3210169170795148,0.947073460164925,0));
#7683=FACE_BOUND('',#7684,.T.);
#7684=EDGE_LOOP('',(#7685,#7686,#7687));
#7685=ORIENTED_EDGE('',*,*,#7688,.T.);
#7686=ORIENTED_EDGE('',*,*,#7689,.T.);
#7687=ORIENTED_EDGE('',*,*,#7690,.T.);
#7688=EDGE_CURVE('',#437,#439,#7691,.F.);
#7689=EDGE_CURVE('',#439,#441,#7692,.T.);
#7690=EDGE_CURVE('',#441,#437,#7693,.T.);
#7691=LINE('',#436,#7694);
#7692=LINE('',#438,#7695);
#7693=LINE('',#440,#7696);
#7694=VECTOR('',#7697,1.0);
#7695=VECTOR('',#7698,1.0);
#7696=VECTOR('',#7699,1.0);
#7697=DIRECTION('',(-0.3210169170795148,0.947073460164925,0));
#7698=DIRECTION('',(-0.9333048813830717,-0.3590849459202245,0));
#7699=DIRECTION('',(0.976743259935076,0.21441222952854264,0));
#7700=FACE_SURFACE('',(#7705),#7701,.T.);
#7701=PLANE('',#7702);
#7702=AXIS2_PLACEMENT_3D('',#438,#7703,#7704);
#7703=DIRECTION('',(0,0,1));
#7704=DIRECTION('',(-0.44276020644325736,0.8966400613347164,0));
#7705=FACE_BOUND('',#7706,.T.);
#7706=EDGE_LOOP('',(#7707,#7708,#7709));
#7707=ORIENTED_EDGE('',*,*,#7710,.T.);
#7708=ORIENTED_EDGE('',*,*,#7711,.T.);
#7709=ORIENTED_EDGE('',*,*,#7712,.T.);
#7710=EDGE_CURVE('',#439,#443,#7713,.F.);
#7711=EDGE_CURVE('',#443,#441,#7714,.T.);
#7712=EDGE_CURVE('',#441,#439,#7715,.T.);
#7713=LINE('',#438,#7716);
#7714=LINE('',#442,#7717);
#7715=LINE('',#440,#7718);
#7716=VECTOR('',#7719,1.0);
#7717=VECTOR('',#7720,1.0);
#7718=VECTOR('',#7721,1.0);
#7719=DIRECTION('',(-0.44276020644325736,0.8966400613347164,0));
#7720=DIRECTION('',(-0.8682690776799944,-0.49609354838047603,0));
#7721=DIRECTION('',(0.9333048813830717,0.3590849459202245,0));
#7722=FACE_SURFACE('',(#7727),#7723,.T.);
#7723=PLANE('',#7724);
#7724=AXIS2_PLACEMENT_3D('',#442,#7725,#7726);
#7725=DIRECTION('',(0,0,1));
#7726=DIRECTION('',(-0.5555038741055554,0.831513948081281,0));
#7727=FACE_BOUND('',#7728,.T.);
#7728=EDGE_LOOP('',(#7729,#7730,#7731));
#7729=ORIENTED_EDGE('',*,*,#7732,.T.);
#7730=ORIENTED_EDGE('',*,*,#7733,.T.);
#7731=ORIENTED_EDGE('',*,*,#7734,.T.);
#7732=EDGE_CURVE('',#443,#445,#7735,.F.);
#7733=EDGE_CURVE('',#445,#441,#7736,.T.);
#7734=EDGE_CURVE('',#441,#443,#7737,.T.);
#7735=LINE('',#442,#7738);
#7736=LINE('',#444,#7739);
#7737=LINE('',#440,#7740);
#7738=VECTOR('',#7741,1.0);
#7739=VECTOR('',#7742,1.0);
#7740=VECTOR('',#7743,1.0);
#7741=DIRECTION('',(-0.5555038741055554,0.831513948081281,0));
#7742=DIRECTION('',(-0.7832087972085553,-0.6217587795722134,0));
#7743=DIRECTION('',(0.8682690776799944,0.49609354838047603,0));
#7744=FACE_SURFACE('',(#7749),#7745,.T.);
#7745=PLANE('',#7746);
#7746=AXIS2_PLACEMENT_3D('',#446,#7747,#7748);
#7747=DIRECTION('',(0,0,1));
#7748=DIRECTION('',(-0.6803623002859348,-0.7328759378978349,0));
#7749=FACE_BOUND('',#7750,.T.);
#7750=EDGE_LOOP('',(#7751,#7752,#7753));
#7751=ORIENTED_EDGE('',*,*,#7754,.T.);
#7752=ORIENTED_EDGE('',*,*,#7755,.T.);
#7753=ORIENTED_EDGE('',*,*,#7756,.T.);
#7754=EDGE_CURVE('',#447,#441,#7757,.F.);
#7755=EDGE_CURVE('',#441,#445,#7758,.T.);
#7756=EDGE_CURVE('',#445,#447,#7759,.T.);
#7757=LINE('',#446,#7760);
#7758=LINE('',#440,#7761);
#7759=LINE('',#444,#7762);
#7760=VECTOR('',#7763,1.0);
#7761=VECTOR('',#7764,1.0);
#7762=VECTOR('',#7765,1.0);
#7763=DIRECTION('',(-0.6803623002859348,-0.7328759378978349,0));
#7764=DIRECTION('',(0.7832087972085553,0.6217587795722134,0));
#7765=DIRECTION('',(-0.6593886152967673,0.7518022705585637,0));
#7766=FACE_SURFACE('',(#7771),#7767,.T.);
#7767=PLANE('',#7768);
#7768=AXIS2_PLACEMENT_3D('',#448,#7769,#7770);
#7769=DIRECTION('',(0,0,1));
#7770=DIRECTION('',(-0.6274326313645407,-0.778670850294891,0));
#7771=FACE_BOUND('',#7772,.T.);
#7772=EDGE_LOOP('',(#7773,#7774,#7775));
#7773=ORIENTED_EDGE('',*,*,#7776,.T.);
#7774=ORIENTED_EDGE('',*,*,#7777,.T.);
#7775=ORIENTED_EDGE('',*,*,#7778,.T.);
#7776=EDGE_CURVE('',#449,#429,#7779,.F.);
#7777=EDGE_CURVE('',#429,#447,#7780,.T.);
#7778=EDGE_CURVE('',#447,#449,#7781,.T.);
#7779=LINE('',#448,#7782);
#7780=LINE('',#428,#7783);
#7781=LINE('',#446,#7784);
#7782=VECTOR('',#7785,1.0);
#7783=VECTOR('',#7786,1.0);
#7784=VECTOR('',#7787,1.0);
#7785=DIRECTION('',(-0.6274326313645407,-0.778670850294891,0));
#7786=DIRECTION('',(0.737803206281692,0.675015872998891,0));
#7787=DIRECTION('',(-0.7518016333606223,0.6593893417976214,0));
#7788=FACE_SURFACE('',(#7793),#7789,.T.);
#7789=PLANE('',#7790);
#7790=AXIS2_PLACEMENT_3D('',#440,#7791,#7792);
#7791=DIRECTION('',(-0,0,1));
#7792=DIRECTION('',(0.25821790209783074,-0.9660867016144024,0));
#7793=FACE_BOUND('',#7794,.T.);
#7794=EDGE_LOOP('',(#7795,#7796,#7797));
#7795=ORIENTED_EDGE('',*,*,#7798,.T.);
#7796=ORIENTED_EDGE('',*,*,#7799,.T.);
#7797=ORIENTED_EDGE('',*,*,#7800,.T.);
#7798=EDGE_CURVE('',#441,#451,#7801,.F.);
#7799=EDGE_CURVE('',#451,#437,#7802,.T.);
#7800=EDGE_CURVE('',#437,#441,#7803,.T.);
#7801=LINE('',#440,#7804);
#7802=LINE('',#450,#7805);
#7803=LINE('',#436,#7806);
#7804=VECTOR('',#7807,1.0);
#7805=VECTOR('',#7808,1.0);
#7806=VECTOR('',#7809,1.0);
#7807=DIRECTION('',(0.25821790209783074,-0.9660867016144024,0));
#7808=DIRECTION('',(0.9560256132846267,0.2932831852386932,0));
#7809=DIRECTION('',(-0.976743259935076,-0.21441222952854264,0));
#7810=FACE_SURFACE('',(#7815),#7811,.T.);
#7811=PLANE('',#7812);
#7812=AXIS2_PLACEMENT_3D('',#452,#7813,#7814);
#7813=DIRECTION('',(0,0,1));
#7814=DIRECTION('',(-0.19531285129612574,0.9807409903326042,0));
#7815=FACE_BOUND('',#7816,.T.);
#7816=EDGE_LOOP('',(#7817,#7818,#7819));
#7817=ORIENTED_EDGE('',*,*,#7820,.T.);
#7818=ORIENTED_EDGE('',*,*,#7821,.T.);
#7819=ORIENTED_EDGE('',*,*,#7822,.T.);
#7820=EDGE_CURVE('',#453,#437,#7823,.F.);
#7821=EDGE_CURVE('',#437,#451,#7824,.T.);
#7822=EDGE_CURVE('',#451,#453,#7825,.T.);
#7823=LINE('',#452,#7826);
#7824=LINE('',#436,#7827);
#7825=LINE('',#450,#7828);
#7826=VECTOR('',#7829,1.0);
#7827=VECTOR('',#7830,1.0);
#7828=VECTOR('',#7831,1.0);
#7829=DIRECTION('',(-0.19531285129612574,0.9807409903326042,0));
#7830=DIRECTION('',(-0.9560256132846267,-0.2932831852386932,0));
#7831=DIRECTION('',(0.9892846329876471,0.14599970867949166,0));
#7832=FACE_SURFACE('',(#7837),#7833,.T.);
#7833=PLANE('',#7834);
#7834=AXIS2_PLACEMENT_3D('',#454,#7835,#7836);
#7835=DIRECTION('',(-0.5555024325229294,0.8315149111477848,0));
#7836=DIRECTION('',(0.054247782488269,0.036240811472173784,-0.9978696215833728));
#7837=FACE_BOUND('',#7838,.T.);
#7838=EDGE_LOOP('',(#7839,#7840,#7841));
#7839=ORIENTED_EDGE('',*,*,#7842,.T.);
#7840=ORIENTED_EDGE('',*,*,#7843,.T.);
#7841=ORIENTED_EDGE('',*,*,#7844,.T.);
#7842=EDGE_CURVE('',#455,#311,#7845,.F.);
#7843=EDGE_CURVE('',#311,#313,#7846,.T.);
#7844=EDGE_CURVE('',#313,#455,#7847,.T.);
#7845=LINE('',#454,#7848);
#7846=LINE('',#310,#7849);
#7847=LINE('',#312,#7850);
#7848=VECTOR('',#7851,1.0);
#7849=VECTOR('',#7852,1.0);
#7850=VECTOR('',#7853,1.0);
#7851=DIRECTION('',(0.054247782488269,0.036240811472173784,-0.9978696215833728));
#7852=DIRECTION('',(-0.8315149111477848,-0.5555024325229293,0));
#7853=DIRECTION('',(0,0,1));
#7854=FACE_SURFACE('',(#7859),#7855,.T.);
#7855=PLANE('',#7856);
#7856=AXIS2_PLACEMENT_3D('',#454,#7857,#7858);
#7857=DIRECTION('',(-0.5555024325229294,0.8315149111477848,0));
#7858=DIRECTION('',(0.8315149111477848,0.5555024325229293,0));
#7859=FACE_BOUND('',#7860,.T.);
#7860=EDGE_LOOP('',(#7861,#7862,#7863));
#7861=ORIENTED_EDGE('',*,*,#7864,.T.);
#7862=ORIENTED_EDGE('',*,*,#7865,.T.);
#7863=ORIENTED_EDGE('',*,*,#7866,.T.);
#7864=EDGE_CURVE('',#455,#423,#7867,.F.);
#7865=EDGE_CURVE('',#423,#311,#7868,.T.);
#7866=EDGE_CURVE('',#311,#455,#7869,.T.);
#7867=LINE('',#454,#7870);
#7868=LINE('',#422,#7871);
#7869=LINE('',#310,#7872);
#7870=VECTOR('',#7873,1.0);
#7871=VECTOR('',#7874,1.0);
#7872=VECTOR('',#7875,1.0);
#7873=DIRECTION('',(0.8315149111477848,0.5555024325229293,0));
#7874=DIRECTION('',(0,0,-1));
#7875=DIRECTION('',(-0.054247782488269,-0.036240811472173784,0.9978696215833728));
#7876=FACE_SURFACE('',(#7881),#7877,.T.);
#7877=PLANE('',#7878);
#7878=AXIS2_PLACEMENT_3D('',#422,#7879,#7880);
#7879=DIRECTION('',(-0.44275941036270755,0.8966404544382701,0));
#7880=DIRECTION('',(0.05851142393164723,0.028892833723065187,-0.9978685371475255));
#7881=FACE_BOUND('',#7882,.T.);
#7882=EDGE_LOOP('',(#7883,#7884,#7885));
#7883=ORIENTED_EDGE('',*,*,#7886,.T.);
#7884=ORIENTED_EDGE('',*,*,#7887,.T.);
#7885=ORIENTED_EDGE('',*,*,#7888,.T.);
#7886=EDGE_CURVE('',#423,#315,#7889,.F.);
#7887=EDGE_CURVE('',#315,#311,#7890,.T.);
#7888=EDGE_CURVE('',#311,#423,#7891,.T.);
#7889=LINE('',#422,#7892);
#7890=LINE('',#314,#7893);
#7891=LINE('',#310,#7894);
#7892=VECTOR('',#7895,1.0);
#7893=VECTOR('',#7896,1.0);
#7894=VECTOR('',#7897,1.0);
#7895=DIRECTION('',(0.05851142393164723,0.028892833723065187,-0.9978685371475255));
#7896=DIRECTION('',(-0.89664045443827,-0.44275941036270755,0));
#7897=DIRECTION('',(0,0,1));
#7898=FACE_SURFACE('',(#7903),#7899,.T.);
#7899=PLANE('',#7900);
#7900=AXIS2_PLACEMENT_3D('',#440,#7901,#7902);
#7901=DIRECTION('',(0,-0,1));
#7902=DIRECTION('',(0.6803623002859348,0.7328759378978349,0));
#7903=FACE_BOUND('',#7904,.T.);
#7904=EDGE_LOOP('',(#7905,#7906,#7907));
#7905=ORIENTED_EDGE('',*,*,#7908,.T.);
#7906=ORIENTED_EDGE('',*,*,#7909,.T.);
#7907=ORIENTED_EDGE('',*,*,#7910,.T.);
#7908=EDGE_CURVE('',#441,#447,#7911,.F.);
#7909=EDGE_CURVE('',#447,#429,#7912,.T.);
#7910=EDGE_CURVE('',#429,#441,#7913,.T.);
#7911=LINE('',#440,#7914);
#7912=LINE('',#446,#7915);
#7913=LINE('',#428,#7916);
#7914=VECTOR('',#7917,1.0);
#7915=VECTOR('',#7918,1.0);
#7916=VECTOR('',#7919,1.0);
#7917=DIRECTION('',(0.6803623002859348,0.7328759378978349,0));
#7918=DIRECTION('',(-0.737803206281692,-0.675015872998891,0));
#7919=DIRECTION('',(0.7071092378216088,-0.7071043245429514,0));
#7920=FACE_SURFACE('',(#7925),#7921,.T.);
#7921=PLANE('',#7922);
#7922=AXIS2_PLACEMENT_3D('',#456,#7923,#7924);
#7923=DIRECTION('',(0,0,1));
#7924=DIRECTION('',(-0.9531696936641918,0.30243600162697376,0));
#7925=FACE_BOUND('',#7926,.T.);
#7926=EDGE_LOOP('',(#7927,#7928,#7929));
#7927=ORIENTED_EDGE('',*,*,#7930,.T.);
#7928=ORIENTED_EDGE('',*,*,#7931,.T.);
#7929=ORIENTED_EDGE('',*,*,#7932,.T.);
#7930=EDGE_CURVE('',#457,#451,#7933,.F.);
#7931=EDGE_CURVE('',#451,#459,#7934,.T.);
#7932=EDGE_CURVE('',#459,#457,#7935,.T.);
#7933=LINE('',#456,#7936);
#7934=LINE('',#450,#7937);
#7935=LINE('',#458,#7938);
#7936=VECTOR('',#7939,1.0);
#7937=VECTOR('',#7940,1.0);
#7938=VECTOR('',#7941,1.0);
#7939=DIRECTION('',(-0.9531696936641918,0.30243600162697376,0));
#7940=DIRECTION('',(-0.25853889568377003,-0.9660008485599879,0));
#7941=DIRECTION('',(0.9745722890397271,-0.22407332156208687,0));
#7942=FACE_SURFACE('',(#7947),#7943,.T.);
#7943=PLANE('',#7944);
#7944=AXIS2_PLACEMENT_3D('',#460,#7945,#7946);
#7945=DIRECTION('',(0,-0,1));
#7946=DIRECTION('',(0.7518015101772108,0.6593894822449515,0));
#7947=FACE_BOUND('',#7948,.T.);
#7948=EDGE_LOOP('',(#7949,#7950,#7951));
#7949=ORIENTED_EDGE('',*,*,#7952,.T.);
#7950=ORIENTED_EDGE('',*,*,#7953,.T.);
#7951=ORIENTED_EDGE('',*,*,#7954,.T.);
#7952=EDGE_CURVE('',#461,#463,#7955,.F.);
#7953=EDGE_CURVE('',#463,#465,#7956,.T.);
#7954=EDGE_CURVE('',#465,#461,#7957,.T.);
#7955=LINE('',#460,#7958);
#7956=LINE('',#462,#7959);
#7957=LINE('',#464,#7960);
#7958=VECTOR('',#7961,1.0);
#7959=VECTOR('',#7962,1.0);
#7960=VECTOR('',#7963,1.0);
#7961=DIRECTION('',(0.7518015101772108,0.6593894822449515,0));
#7962=DIRECTION('',(-0.6803951948738514,0.7328453989707338,0));
#7963=DIRECTION('',(0.5636292310685651,-0.8260278989750032,0));
#7964=FACE_SURFACE('',(#7969),#7965,.T.);
#7965=PLANE('',#7966);
#7966=AXIS2_PLACEMENT_3D('',#448,#7967,#7968);
#7967=DIRECTION('',(0,0,1));
#7968=DIRECTION('',(-0.8315149111477848,0.5555024325229293,0));
#7969=FACE_BOUND('',#7970,.T.);
#7970=EDGE_LOOP('',(#7971,#7972,#7973));
#7971=ORIENTED_EDGE('',*,*,#7974,.T.);
#7972=ORIENTED_EDGE('',*,*,#7975,.T.);
#7973=ORIENTED_EDGE('',*,*,#7976,.T.);
#7974=EDGE_CURVE('',#449,#467,#7977,.F.);
#7975=EDGE_CURVE('',#467,#429,#7978,.T.);
#7976=EDGE_CURVE('',#429,#449,#7979,.T.);
#7977=LINE('',#448,#7980);
#7978=LINE('',#466,#7981);
#7979=LINE('',#428,#7982);
#7980=VECTOR('',#7983,1.0);
#7981=VECTOR('',#7984,1.0);
#7982=VECTOR('',#7985,1.0);
#7983=DIRECTION('',(-0.8315149111477848,0.5555024325229293,0));
#7984=DIRECTION('',(-0.5022197470373512,-0.8647400335856662,0));
#7985=DIRECTION('',(0.6274326313645407,0.778670850294891,0));
#7986=FACE_SURFACE('',(#7991),#7987,.T.);
#7987=PLANE('',#7988);
#7988=AXIS2_PLACEMENT_3D('',#466,#7989,#7990);
#7989=DIRECTION('',(0,0,1));
#7990=DIRECTION('',(-0.89664045443827,0.44275941036270755,0));
#7991=FACE_BOUND('',#7992,.T.);
#7992=EDGE_LOOP('',(#7993,#7994,#7995));
#7993=ORIENTED_EDGE('',*,*,#7996,.T.);
#7994=ORIENTED_EDGE('',*,*,#7997,.T.);
#7995=ORIENTED_EDGE('',*,*,#7998,.T.);
#7996=EDGE_CURVE('',#467,#425,#7999,.F.);
#7997=EDGE_CURVE('',#425,#429,#8000,.T.);
#7998=EDGE_CURVE('',#429,#467,#8001,.T.);
#7999=LINE('',#466,#8002);
#8000=LINE('',#424,#8003);
#8001=LINE('',#428,#8004);
#8002=VECTOR('',#8005,1.0);
#8003=VECTOR('',#8006,1.0);
#8004=VECTOR('',#8007,1.0);
#8005=DIRECTION('',(-0.89664045443827,0.44275941036270755,0));
#8006=DIRECTION('',(-0.3653190138212286,-0.930882386846311,0));
#8007=DIRECTION('',(0.5022197470373512,0.8647400335856662,0));
#8008=FACE_SURFACE('',(#8013),#8009,.T.);
#8009=PLANE('',#8010);
#8010=AXIS2_PLACEMENT_3D('',#408,#8011,#8012);
#8011=DIRECTION('',(-0.4427599432861998,-0.8966401912814309,0));
#8012=DIRECTION('',(-0.05851142385851954,0.02889287694339095,0.9978685359003875));
#8013=FACE_BOUND('',#8014,.T.);
#8014=EDGE_LOOP('',(#8015,#8016,#8017));
#8015=ORIENTED_EDGE('',*,*,#8018,.T.);
#8016=ORIENTED_EDGE('',*,*,#8019,.T.);
#8017=ORIENTED_EDGE('',*,*,#8020,.T.);
#8018=EDGE_CURVE('',#409,#469,#8021,.F.);
#8019=EDGE_CURVE('',#469,#411,#8022,.T.);
#8020=EDGE_CURVE('',#411,#409,#8023,.T.);
#8021=LINE('',#408,#8024);
#8022=LINE('',#468,#8025);
#8023=LINE('',#410,#8026);
#8024=VECTOR('',#8027,1.0);
#8025=VECTOR('',#8028,1.0);
#8026=VECTOR('',#8029,1.0);
#8027=DIRECTION('',(-0.05851142385851954,0.02889287694339095,0.9978685359003875));
#8028=DIRECTION('',(0,0,-1));
#8029=DIRECTION('',(0.8966401912814309,-0.4427599432861998,0));
#8030=FACE_SURFACE('',(#8035),#8031,.T.);
#8031=PLANE('',#8032);
#8032=AXIS2_PLACEMENT_3D('',#470,#8033,#8034);
#8033=DIRECTION('',(0,-0,1));
#8034=DIRECTION('',(0.06532104381086938,0.9978643000105066,0));
#8035=FACE_BOUND('',#8036,.T.);
#8036=EDGE_LOOP('',(#8037,#8038,#8039));
#8037=ORIENTED_EDGE('',*,*,#8040,.T.);
#8038=ORIENTED_EDGE('',*,*,#8041,.T.);
#8039=ORIENTED_EDGE('',*,*,#8042,.T.);
#8040=EDGE_CURVE('',#471,#473,#8043,.F.);
#8041=EDGE_CURVE('',#473,#451,#8044,.T.);
#8042=EDGE_CURVE('',#451,#471,#8045,.T.);
#8043=LINE('',#470,#8046);
#8044=LINE('',#472,#8047);
#8045=LINE('',#450,#8048);
#8046=VECTOR('',#8049,1.0);
#8047=VECTOR('',#8050,1.0);
#8048=VECTOR('',#8051,1.0);
#8049=DIRECTION('',(0.06532104381086938,0.9978643000105066,0));
#8050=DIRECTION('',(-0.9999872330904227,0.005053083826781933,0));
#8051=DIRECTION('',(0.9877791411171778,-0.1558600923065633,0));
#8052=FACE_SURFACE('',(#8057),#8053,.T.);
#8053=PLANE('',#8054);
#8054=AXIS2_PLACEMENT_3D('',#456,#8055,#8056);
#8055=DIRECTION('',(0,-0,1));
#8056=DIRECTION('',(0.19531285129612574,0.9807409903326042,0));
#8057=FACE_BOUND('',#8058,.T.);
#8058=EDGE_LOOP('',(#8059,#8060,#8061));
#8059=ORIENTED_EDGE('',*,*,#8062,.T.);
#8060=ORIENTED_EDGE('',*,*,#8063,.T.);
#8061=ORIENTED_EDGE('',*,*,#8064,.T.);
#8062=EDGE_CURVE('',#457,#471,#8065,.F.);
#8063=EDGE_CURVE('',#471,#451,#8066,.T.);
#8064=EDGE_CURVE('',#451,#457,#8067,.T.);
#8065=LINE('',#456,#8068);
#8066=LINE('',#470,#8069);
#8067=LINE('',#450,#8070);
#8068=VECTOR('',#8071,1.0);
#8069=VECTOR('',#8072,1.0);
#8070=VECTOR('',#8073,1.0);
#8071=DIRECTION('',(0.19531285129612574,0.9807409903326042,0));
#8072=DIRECTION('',(-0.9877791411171778,0.1558600923065633,0));
#8073=DIRECTION('',(0.9531696936641918,-0.30243600162697376,0));
#8074=FACE_SURFACE('',(#8079),#8075,.T.);
#8075=PLANE('',#8076);
#8076=AXIS2_PLACEMENT_3D('',#320,#8077,#8078);
#8077=DIRECTION('',(-0.06532001861902387,0.9978643671199059,0));
#8078=DIRECTION('',(-0.9978643671199059,-0.06532001861902387,0));
#8079=FACE_BOUND('',#8080,.T.);
#8080=EDGE_LOOP('',(#8081,#8082,#8083));
#8081=ORIENTED_EDGE('',*,*,#8084,.T.);
#8082=ORIENTED_EDGE('',*,*,#8085,.T.);
#8083=ORIENTED_EDGE('',*,*,#8086,.T.);
#8084=EDGE_CURVE('',#321,#319,#8087,.F.);
#8085=EDGE_CURVE('',#319,#431,#8088,.T.);
#8086=EDGE_CURVE('',#431,#321,#8089,.T.);
#8087=LINE('',#320,#8090);
#8088=LINE('',#318,#8091);
#8089=LINE('',#430,#8092);
#8090=VECTOR('',#8093,1.0);
#8091=VECTOR('',#8094,1.0);
#8092=VECTOR('',#8095,1.0);
#8093=DIRECTION('',(-0.9978643671199059,-0.06532001861902387,0));
#8094=DIRECTION('',(0.0651333947457201,0.004263620084751894,0.9978674573472527));
#8095=DIRECTION('',(0,0,-1));
#8096=FACE_SURFACE('',(#8101),#8097,.T.);
#8097=PLANE('',#8098);
#8098=AXIS2_PLACEMENT_3D('',#468,#8099,#8100);
#8099=DIRECTION('',(-0.5555018594767054,-0.83151529397716,-0));
#8100=DIRECTION('',(-0.05424778259457085,0.03624075747258583,-0.9978696235387594));
#8101=FACE_BOUND('',#8102,.T.);
#8102=EDGE_LOOP('',(#8103,#8104,#8105));
#8103=ORIENTED_EDGE('',*,*,#8106,.T.);
#8104=ORIENTED_EDGE('',*,*,#8107,.T.);
#8105=ORIENTED_EDGE('',*,*,#8108,.T.);
#8106=EDGE_CURVE('',#469,#407,#8109,.F.);
#8107=EDGE_CURVE('',#407,#411,#8110,.T.);
#8108=EDGE_CURVE('',#411,#469,#8111,.T.);
#8109=LINE('',#468,#8112);
#8110=LINE('',#406,#8113);
#8111=LINE('',#410,#8114);
#8112=VECTOR('',#8115,1.0);
#8113=VECTOR('',#8116,1.0);
#8114=VECTOR('',#8117,1.0);
#8115=DIRECTION('',(-0.05424778259457085,0.03624075747258583,-0.9978696235387594));
#8116=DIRECTION('',(0.8315152939771598,-0.5555018594767054,0));
#8117=DIRECTION('',(0,0,1));
#8118=FACE_SURFACE('',(#8123),#8119,.T.);
#8119=PLANE('',#8120);
#8120=AXIS2_PLACEMENT_3D('',#414,#8121,#8122);
#8121=DIRECTION('',(0,0,1));
#8122=DIRECTION('',(-0.29936449115198543,0.9541388271301576,0));
#8123=FACE_BOUND('',#8124,.T.);
#8124=EDGE_LOOP('',(#8125,#8126,#8127));
#8125=ORIENTED_EDGE('',*,*,#8128,.T.);
#8126=ORIENTED_EDGE('',*,*,#8129,.T.);
#8127=ORIENTED_EDGE('',*,*,#8130,.T.);
#8128=EDGE_CURVE('',#415,#413,#8131,.F.);
#8129=EDGE_CURVE('',#413,#421,#8132,.T.);
#8130=EDGE_CURVE('',#421,#415,#8133,.T.);
#8131=LINE('',#414,#8134);
#8132=LINE('',#412,#8135);
#8133=LINE('',#420,#8136);
#8134=VECTOR('',#8137,1.0);
#8135=VECTOR('',#8138,1.0);
#8136=VECTOR('',#8139,1.0);
#8137=DIRECTION('',(-0.29936449115198543,0.9541388271301576,0));
#8138=DIRECTION('',(0.22050293326603823,-0.9753863113767145,0));
#8139=DIRECTION('',(0.9655908472824862,0.26006598325096336,0));
#8140=FACE_SURFACE('',(#8145),#8141,.T.);
#8141=PLANE('',#8142);
#8142=AXIS2_PLACEMENT_3D('',#474,#8143,#8144);
#8143=DIRECTION('',(0,0,1));
#8144=DIRECTION('',(-0.8638473992824882,0.5037535813797074,0));
#8145=FACE_BOUND('',#8146,.T.);
#8146=EDGE_LOOP('',(#8147,#8148,#8149));
#8147=ORIENTED_EDGE('',*,*,#8150,.T.);
#8148=ORIENTED_EDGE('',*,*,#8151,.T.);
#8149=ORIENTED_EDGE('',*,*,#8152,.T.);
#8150=EDGE_CURVE('',#475,#459,#8153,.F.);
#8151=EDGE_CURVE('',#459,#477,#8154,.T.);
#8152=EDGE_CURVE('',#477,#475,#8155,.T.);
#8153=LINE('',#474,#8156);
#8154=LINE('',#458,#8157);
#8155=LINE('',#476,#8158);
#8156=VECTOR('',#8159,1.0);
#8157=VECTOR('',#8160,1.0);
#8158=VECTOR('',#8161,1.0);
#8159=DIRECTION('',(-0.8638473992824882,0.5037535813797074,0));
#8160=DIRECTION('',(0.7782343871877225,-0.627973915539929,0));
#8161=DIRECTION('',(0.5555038453933646,0.8315139672628385,0));
#8162=FACE_SURFACE('',(#8167),#8163,.T.);
#8163=PLANE('',#8164);
#8164=AXIS2_PLACEMENT_3D('',#462,#8165,#8166);
#8165=DIRECTION('',(0,-0,1));
#8166=DIRECTION('',(0.6593886871538583,0.7518022075343428,0));
#8167=FACE_BOUND('',#8168,.T.);
#8168=EDGE_LOOP('',(#8169,#8170,#8171));
#8169=ORIENTED_EDGE('',*,*,#8172,.T.);
#8170=ORIENTED_EDGE('',*,*,#8173,.T.);
#8171=ORIENTED_EDGE('',*,*,#8174,.T.);
#8172=EDGE_CURVE('',#463,#477,#8175,.F.);
#8173=EDGE_CURVE('',#477,#459,#8176,.T.);
#8174=EDGE_CURVE('',#459,#463,#8177,.T.);
#8175=LINE('',#462,#8178);
#8176=LINE('',#476,#8179);
#8177=LINE('',#458,#8180);
#8178=VECTOR('',#8181,1.0);
#8179=VECTOR('',#8182,1.0);
#8180=VECTOR('',#8183,1.0);
#8181=DIRECTION('',(0.6593886871538583,0.7518022075343428,0));
#8182=DIRECTION('',(-0.7782343871877225,0.627973915539929,0));
#8183=DIRECTION('',(0.6753042183960261,-0.7375392956422949,0));
#8184=FACE_SURFACE('',(#8189),#8185,.T.);
#8185=PLANE('',#8186);
#8186=AXIS2_PLACEMENT_3D('',#478,#8187,#8188);
#8187=DIRECTION('',(0,0,1));
#8188=DIRECTION('',(-0.9298522190221578,0.367933215107809,0));
#8189=FACE_BOUND('',#8190,.T.);
#8190=EDGE_LOOP('',(#8191,#8192,#8193));
#8191=ORIENTED_EDGE('',*,*,#8194,.T.);
#8192=ORIENTED_EDGE('',*,*,#8195,.T.);
#8193=ORIENTED_EDGE('',*,*,#8196,.T.);
#8194=EDGE_CURVE('',#479,#459,#8197,.F.);
#8195=EDGE_CURVE('',#459,#475,#8198,.T.);
#8196=EDGE_CURVE('',#475,#479,#8199,.T.);
#8197=LINE('',#478,#8200);
#8198=LINE('',#458,#8201);
#8199=LINE('',#474,#8202);
#8200=VECTOR('',#8203,1.0);
#8201=VECTOR('',#8204,1.0);
#8202=VECTOR('',#8205,1.0);
#8203=DIRECTION('',(-0.9298522190221578,0.367933215107809,0));
#8204=DIRECTION('',(0.8638473992824882,-0.5037535813797074,0));
#8205=DIRECTION('',(0.44276020644325736,0.8966400613347164,0));
#8206=FACE_SURFACE('',(#8211),#8207,.T.);
#8207=PLANE('',#8208);
#8208=AXIS2_PLACEMENT_3D('',#472,#8209,#8210);
#8209=DIRECTION('',(0,0,1));
#8210=DIRECTION('',(-0.06532104381086938,0.9978643000105066,0));
#8211=FACE_BOUND('',#8212,.T.);
#8212=EDGE_LOOP('',(#8213,#8214,#8215));
#8213=ORIENTED_EDGE('',*,*,#8216,.T.);
#8214=ORIENTED_EDGE('',*,*,#8217,.T.);
#8215=ORIENTED_EDGE('',*,*,#8218,.T.);
#8216=EDGE_CURVE('',#473,#453,#8219,.F.);
#8217=EDGE_CURVE('',#453,#451,#8220,.T.);
#8218=EDGE_CURVE('',#451,#473,#8221,.T.);
#8219=LINE('',#472,#8222);
#8220=LINE('',#452,#8223);
#8221=LINE('',#450,#8224);
#8222=VECTOR('',#8225,1.0);
#8223=VECTOR('',#8226,1.0);
#8224=VECTOR('',#8227,1.0);
#8225=DIRECTION('',(-0.06532104381086938,0.9978643000105066,0));
#8226=DIRECTION('',(-0.9892846329876471,-0.14599970867949166,0));
#8227=DIRECTION('',(0.9999872330904227,-0.005053083826781933,0));
#8228=FACE_SURFACE('',(#8233),#8229,.T.);
#8229=PLANE('',#8230);
#8230=AXIS2_PLACEMENT_3D('',#456,#8231,#8232);
#8231=DIRECTION('',(0,0,1));
#8232=DIRECTION('',(-0.9745722890397271,0.22407332156208687,0));
#8233=FACE_BOUND('',#8234,.T.);
#8234=EDGE_LOOP('',(#8235,#8236,#8237));
#8235=ORIENTED_EDGE('',*,*,#8238,.T.);
#8236=ORIENTED_EDGE('',*,*,#8239,.T.);
#8237=ORIENTED_EDGE('',*,*,#8240,.T.);
#8238=EDGE_CURVE('',#457,#459,#8241,.F.);
#8239=EDGE_CURVE('',#459,#479,#8242,.T.);
#8240=EDGE_CURVE('',#479,#457,#8243,.T.);
#8241=LINE('',#456,#8244);
#8242=LINE('',#458,#8245);
#8243=LINE('',#478,#8246);
#8244=VECTOR('',#8247,1.0);
#8245=VECTOR('',#8248,1.0);
#8246=VECTOR('',#8249,1.0);
#8247=DIRECTION('',(-0.9745722890397271,0.22407332156208687,0));
#8248=DIRECTION('',(0.9298522190221578,-0.367933215107809,0));
#8249=DIRECTION('',(0.3210169170795148,0.947073460164925,0));
#8250=FACE_SURFACE('',(#8255),#8251,.T.);
#8251=PLANE('',#8252);
#8252=AXIS2_PLACEMENT_3D('',#480,#8253,#8254);
#8253=DIRECTION('',(0,-0,1));
#8254=DIRECTION('',(0.8966401912814309,0.4427599432861998,0));
#8255=FACE_BOUND('',#8256,.T.);
#8256=EDGE_LOOP('',(#8257,#8258,#8259));
#8257=ORIENTED_EDGE('',*,*,#8260,.T.);
#8258=ORIENTED_EDGE('',*,*,#8261,.T.);
#8259=ORIENTED_EDGE('',*,*,#8262,.T.);
#8260=EDGE_CURVE('',#481,#483,#8263,.F.);
#8261=EDGE_CURVE('',#483,#465,#8264,.T.);
#8262=EDGE_CURVE('',#465,#481,#8265,.T.);
#8263=LINE('',#480,#8266);
#8264=LINE('',#482,#8267);
#8265=LINE('',#464,#8268);
#8266=VECTOR('',#8269,1.0);
#8267=VECTOR('',#8270,1.0);
#8268=VECTOR('',#8271,1.0);
#8269=DIRECTION('',(0.8966401912814309,0.4427599432861998,0));
#8270=DIRECTION('',(-0.43560667812382053,0.9001371128744389,0));
#8271=DIRECTION('',(0.2997001558808911,-0.9540334462506908,0));
#8272=FACE_SURFACE('',(#8277),#8273,.T.);
#8273=PLANE('',#8274);
#8274=AXIS2_PLACEMENT_3D('',#484,#8275,#8276);
#8275=DIRECTION('',(-0,0,1));
#8276=DIRECTION('',(0.6593886871538583,-0.7518022075343428,0));
#8277=FACE_BOUND('',#8278,.T.);
#8278=EDGE_LOOP('',(#8279,#8280,#8281));
#8279=ORIENTED_EDGE('',*,*,#8282,.T.);
#8280=ORIENTED_EDGE('',*,*,#8283,.T.);
#8281=ORIENTED_EDGE('',*,*,#8284,.T.);
#8282=EDGE_CURVE('',#485,#487,#8285,.F.);
#8283=EDGE_CURVE('',#487,#489,#8286,.T.);
#8284=EDGE_CURVE('',#489,#485,#8287,.T.);
#8285=LINE('',#484,#8288);
#8286=LINE('',#486,#8289);
#8287=LINE('',#488,#8290);
#8288=VECTOR('',#8291,1.0);
#8289=VECTOR('',#8292,1.0);
#8290=VECTOR('',#8293,1.0);
#8291=DIRECTION('',(0.6593886871538583,-0.7518022075343428,0));
#8292=DIRECTION('',(0.6753042183960261,0.7375392956422949,0));
#8293=DIRECTION('',(-0.7782343871877225,-0.627973915539929,0));
#8294=FACE_SURFACE('',(#8299),#8295,.T.);
#8295=PLANE('',#8296);
#8296=AXIS2_PLACEMENT_3D('',#482,#8297,#8298);
#8297=DIRECTION('',(0,-0,1));
#8298=DIRECTION('',(0.8315152939771598,0.5555018594767054,0));
#8299=FACE_BOUND('',#8300,.T.);
#8300=EDGE_LOOP('',(#8301,#8302,#8303));
#8301=ORIENTED_EDGE('',*,*,#8304,.T.);
#8302=ORIENTED_EDGE('',*,*,#8305,.T.);
#8303=ORIENTED_EDGE('',*,*,#8306,.T.);
#8304=EDGE_CURVE('',#483,#461,#8307,.F.);
#8305=EDGE_CURVE('',#461,#465,#8308,.T.);
#8306=EDGE_CURVE('',#465,#483,#8309,.T.);
#8307=LINE('',#482,#8310);
#8308=LINE('',#460,#8311);
#8309=LINE('',#464,#8312);
#8310=VECTOR('',#8313,1.0);
#8311=VECTOR('',#8314,1.0);
#8312=VECTOR('',#8315,1.0);
#8313=DIRECTION('',(0.8315152939771598,0.5555018594767054,0));
#8314=DIRECTION('',(-0.5636292310685651,0.8260278989750032,0));
#8315=DIRECTION('',(0.43560667812382053,-0.9001371128744389,0));
#8316=FACE_SURFACE('',(#8321),#8317,.T.);
#8317=PLANE('',#8318);
#8318=AXIS2_PLACEMENT_3D('',#442,#8319,#8320);
#8319=DIRECTION('',(0.831513948081281,0.5555038741055554,0));
#8320=DIRECTION('',(0,0,-1));
#8321=FACE_BOUND('',#8322,.T.);
#8322=EDGE_LOOP('',(#8323,#8324,#8325));
#8323=ORIENTED_EDGE('',*,*,#8326,.T.);
#8324=ORIENTED_EDGE('',*,*,#8327,.T.);
#8325=ORIENTED_EDGE('',*,*,#8328,.T.);
#8326=EDGE_CURVE('',#443,#333,#8329,.F.);
#8327=EDGE_CURVE('',#333,#331,#8330,.T.);
#8328=EDGE_CURVE('',#331,#443,#8331,.T.);
#8329=LINE('',#442,#8332);
#8330=LINE('',#332,#8333);
#8331=LINE('',#330,#8334);
#8332=VECTOR('',#8335,1.0);
#8333=VECTOR('',#8336,1.0);
#8334=VECTOR('',#8337,1.0);
#8335=DIRECTION('',(0,0,-1));
#8336=DIRECTION('',(-0.5555038741055554,0.831513948081281,0));
#8337=DIRECTION('',(0.036240973393866484,-0.054247821255187914,0.9978696135951481));
#8338=FACE_SURFACE('',(#8343),#8339,.T.);
#8339=PLANE('',#8340);
#8340=AXIS2_PLACEMENT_3D('',#490,#8341,#8342);
#8341=DIRECTION('',(-0.8966400613347164,0.44276020644325736,0));
#8342=DIRECTION('',(0,0,-1));
#8343=FACE_BOUND('',#8344,.T.);
#8344=EDGE_LOOP('',(#8345,#8346,#8347));
#8345=ORIENTED_EDGE('',*,*,#8348,.T.);
#8346=ORIENTED_EDGE('',*,*,#8349,.T.);
#8347=ORIENTED_EDGE('',*,*,#8350,.T.);
#8348=EDGE_CURVE('',#491,#375,#8351,.F.);
#8349=EDGE_CURVE('',#375,#403,#8352,.T.);
#8350=EDGE_CURVE('',#403,#491,#8353,.T.);
#8351=LINE('',#490,#8354);
#8352=LINE('',#374,#8355);
#8353=LINE('',#402,#8356);
#8354=VECTOR('',#8357,1.0);
#8355=VECTOR('',#8358,1.0);
#8356=VECTOR('',#8359,1.0);
#8357=DIRECTION('',(0,0,-1));
#8358=DIRECTION('',(-0.02889287701651867,-0.05851138075017545,0.9978685384259874));
#8359=DIRECTION('',(0.44276020644325736,0.8966400613347164,0));
#8360=FACE_SURFACE('',(#8365),#8361,.T.);
#8361=PLANE('',#8362);
#8362=AXIS2_PLACEMENT_3D('',#374,#8363,#8364);
#8363=DIRECTION('',(-0.831513948081281,0.5555038741055554,0));
#8364=DIRECTION('',(0,0,1));
#8365=FACE_BOUND('',#8366,.T.);
#8366=EDGE_LOOP('',(#8367,#8368,#8369));
#8367=ORIENTED_EDGE('',*,*,#8370,.T.);
#8368=ORIENTED_EDGE('',*,*,#8371,.T.);
#8369=ORIENTED_EDGE('',*,*,#8372,.T.);
#8370=EDGE_CURVE('',#375,#491,#8373,.F.);
#8371=EDGE_CURVE('',#491,#435,#8374,.T.);
#8372=EDGE_CURVE('',#435,#375,#8375,.T.);
#8373=LINE('',#374,#8376);
#8374=LINE('',#490,#8377);
#8375=LINE('',#434,#8378);
#8376=VECTOR('',#8379,1.0);
#8377=VECTOR('',#8380,1.0);
#8378=VECTOR('',#8381,1.0);
#8379=DIRECTION('',(0,0,1));
#8380=DIRECTION('',(0.5555038741055554,0.831513948081281,0));
#8381=DIRECTION('',(-0.036240973393866484,-0.054247821255187914,-0.9978696135951481));
#8382=FACE_SURFACE('',(#8387),#8383,.T.);
#8383=PLANE('',#8384);
#8384=AXIS2_PLACEMENT_3D('',#326,#8385,#8386);
#8385=DIRECTION('',(0.8966400613347164,0.44276020644325736,-0));
#8386=DIRECTION('',(-0.44276020644325736,0.8966400613347164,0));
#8387=FACE_BOUND('',#8388,.T.);
#8388=EDGE_LOOP('',(#8389,#8390,#8391));
#8389=ORIENTED_EDGE('',*,*,#8392,.T.);
#8390=ORIENTED_EDGE('',*,*,#8393,.T.);
#8391=ORIENTED_EDGE('',*,*,#8394,.T.);
#8392=EDGE_CURVE('',#327,#333,#8395,.F.);
#8393=EDGE_CURVE('',#333,#439,#8396,.T.);
#8394=EDGE_CURVE('',#439,#327,#8397,.T.);
#8395=LINE('',#326,#8398);
#8396=LINE('',#332,#8399);
#8397=LINE('',#438,#8400);
#8398=VECTOR('',#8401,1.0);
#8399=VECTOR('',#8402,1.0);
#8400=VECTOR('',#8403,1.0);
#8401=DIRECTION('',(-0.44276020644325736,0.8966400613347164,0));
#8402=DIRECTION('',(0.02889287701651867,-0.05851138075017545,0.9978685384259874));
#8403=DIRECTION('',(0,0,-1));
#8404=FACE_SURFACE('',(#8409),#8405,.T.);
#8405=PLANE('',#8406);
#8406=AXIS2_PLACEMENT_3D('',#442,#8407,#8408);
#8407=DIRECTION('',(0.8966400613347164,0.44276020644325736,0));
#8408=DIRECTION('',(0.44276020644325736,-0.8966400613347164,0));
#8409=FACE_BOUND('',#8410,.T.);
#8410=EDGE_LOOP('',(#8411,#8412,#8413));
#8411=ORIENTED_EDGE('',*,*,#8414,.T.);
#8412=ORIENTED_EDGE('',*,*,#8415,.T.);
#8413=ORIENTED_EDGE('',*,*,#8416,.T.);
#8414=EDGE_CURVE('',#443,#439,#8417,.F.);
#8415=EDGE_CURVE('',#439,#333,#8418,.T.);
#8416=EDGE_CURVE('',#333,#443,#8419,.T.);
#8417=LINE('',#442,#8420);
#8418=LINE('',#438,#8421);
#8419=LINE('',#332,#8422);
#8420=VECTOR('',#8423,1.0);
#8421=VECTOR('',#8424,1.0);
#8422=VECTOR('',#8425,1.0);
#8423=DIRECTION('',(0.44276020644325736,-0.8966400613347164,0));
#8424=DIRECTION('',(-0.02889287701651867,0.05851138075017545,-0.9978685384259874));
#8425=DIRECTION('',(0,0,1));
#8426=FACE_SURFACE('',(#8431),#8427,.T.);
#8427=PLANE('',#8428);
#8428=AXIS2_PLACEMENT_3D('',#492,#8429,#8430);
#8429=DIRECTION('',(-0.4427599432861998,-0.8966401912814309,-0));
#8430=DIRECTION('',(-0.8966401912814309,0.4427599432861998,0));
#8431=FACE_BOUND('',#8432,.T.);
#8432=EDGE_LOOP('',(#8433,#8434,#8435));
#8433=ORIENTED_EDGE('',*,*,#8436,.T.);
#8434=ORIENTED_EDGE('',*,*,#8437,.T.);
#8435=ORIENTED_EDGE('',*,*,#8438,.T.);
#8436=EDGE_CURVE('',#493,#469,#8439,.F.);
#8437=EDGE_CURVE('',#469,#409,#8440,.T.);
#8438=EDGE_CURVE('',#409,#493,#8441,.T.);
#8439=LINE('',#492,#8442);
#8440=LINE('',#468,#8443);
#8441=LINE('',#408,#8444);
#8442=VECTOR('',#8445,1.0);
#8443=VECTOR('',#8446,1.0);
#8444=VECTOR('',#8447,1.0);
#8445=DIRECTION('',(-0.8966401912814309,0.4427599432861998,0));
#8446=DIRECTION('',(0.05851142385851954,-0.02889287694339095,-0.9978685359003875));
#8447=DIRECTION('',(0,0,1));
#8448=FACE_SURFACE('',(#8453),#8449,.T.);
#8449=PLANE('',#8450);
#8450=AXIS2_PLACEMENT_3D('',#326,#8451,#8452);
#8451=DIRECTION('',(0.9470734601649251,0.3210169170795148,-0));
#8452=DIRECTION('',(0,0,1));
#8453=FACE_BOUND('',#8454,.T.);
#8454=EDGE_LOOP('',(#8455,#8456,#8457));
#8455=ORIENTED_EDGE('',*,*,#8458,.T.);
#8456=ORIENTED_EDGE('',*,*,#8459,.T.);
#8457=ORIENTED_EDGE('',*,*,#8460,.T.);
#8458=EDGE_CURVE('',#327,#439,#8461,.F.);
#8459=EDGE_CURVE('',#439,#329,#8462,.T.);
#8460=EDGE_CURVE('',#329,#327,#8463,.T.);
#8461=LINE('',#326,#8464);
#8462=LINE('',#438,#8465);
#8463=LINE('',#328,#8466);
#8464=VECTOR('',#8467,1.0);
#8465=VECTOR('',#8468,1.0);
#8466=VECTOR('',#8469,1.0);
#8467=DIRECTION('',(0,0,1));
#8468=DIRECTION('',(0.020955119049979178,-0.061822402655234275,-0.9978671622593536));
#8469=DIRECTION('',(-0.3210169170795148,0.947073460164925,0));
#8470=FACE_SURFACE('',(#8475),#8471,.T.);
#8471=PLANE('',#8472);
#8472=AXIS2_PLACEMENT_3D('',#436,#8473,#8474);
#8473=DIRECTION('',(0.9470734601649251,0.3210169170795148,0));
#8474=DIRECTION('',(0,0,-1));
#8475=FACE_BOUND('',#8476,.T.);
#8476=EDGE_LOOP('',(#8477,#8478,#8479));
#8477=ORIENTED_EDGE('',*,*,#8480,.T.);
#8478=ORIENTED_EDGE('',*,*,#8481,.T.);
#8479=ORIENTED_EDGE('',*,*,#8482,.T.);
#8480=EDGE_CURVE('',#437,#329,#8483,.F.);
#8481=EDGE_CURVE('',#329,#439,#8484,.T.);
#8482=EDGE_CURVE('',#439,#437,#8485,.T.);
#8483=LINE('',#436,#8486);
#8484=LINE('',#328,#8487);
#8485=LINE('',#438,#8488);
#8486=VECTOR('',#8489,1.0);
#8487=VECTOR('',#8490,1.0);
#8488=VECTOR('',#8491,1.0);
#8489=DIRECTION('',(0,0,-1));
#8490=DIRECTION('',(-0.020955119049979178,0.061822402655234275,0.9978671622593536));
#8491=DIRECTION('',(0.3210169170795148,-0.947073460164925,0));
#8492=FACE_SURFACE('',(#8497),#8493,.T.);
#8493=PLANE('',#8494);
#8494=AXIS2_PLACEMENT_3D('',#430,#8495,#8496);
#8495=DIRECTION('',(0.06532001861902387,0.9978643671199059,0));
#8496=DIRECTION('',(0.9978643671199059,-0.06532001861902387,0));
#8497=FACE_BOUND('',#8498,.T.);
#8498=EDGE_LOOP('',(#8499,#8500,#8501));
#8499=ORIENTED_EDGE('',*,*,#8502,.T.);
#8500=ORIENTED_EDGE('',*,*,#8503,.T.);
#8501=ORIENTED_EDGE('',*,*,#8504,.T.);
#8502=EDGE_CURVE('',#431,#433,#8505,.F.);
#8503=EDGE_CURVE('',#433,#309,#8506,.T.);
#8504=EDGE_CURVE('',#309,#431,#8507,.T.);
#8505=LINE('',#430,#8508);
#8506=LINE('',#432,#8509);
#8507=LINE('',#308,#8510);
#8508=VECTOR('',#8511,1.0);
#8509=VECTOR('',#8512,1.0);
#8510=VECTOR('',#8513,1.0);
#8511=DIRECTION('',(0.9978643671199059,-0.06532001861902387,0));
#8512=DIRECTION('',(0,0,-1));
#8513=DIRECTION('',(-0.0651333947457201,0.004263620084751894,0.9978674573472527));
#8514=FACE_SURFACE('',(#8519),#8515,.T.);
#8515=PLANE('',#8516);
#8516=AXIS2_PLACEMENT_3D('',#430,#8517,#8518);
#8517=DIRECTION('',(0.06532001861902387,0.9978643671199059,0));
#8518=DIRECTION('',(0.0651333947457201,-0.004263620084751894,-0.9978674573472527));
#8519=FACE_BOUND('',#8520,.T.);
#8520=EDGE_LOOP('',(#8521,#8522,#8523));
#8521=ORIENTED_EDGE('',*,*,#8524,.T.);
#8522=ORIENTED_EDGE('',*,*,#8525,.T.);
#8523=ORIENTED_EDGE('',*,*,#8526,.T.);
#8524=EDGE_CURVE('',#431,#309,#8527,.F.);
#8525=EDGE_CURVE('',#309,#321,#8528,.T.);
#8526=EDGE_CURVE('',#321,#431,#8529,.T.);
#8527=LINE('',#430,#8530);
#8528=LINE('',#308,#8531);
#8529=LINE('',#320,#8532);
#8530=VECTOR('',#8533,1.0);
#8531=VECTOR('',#8534,1.0);
#8532=VECTOR('',#8535,1.0);
#8533=DIRECTION('',(0.0651333947457201,-0.004263620084751894,-0.9978674573472527));
#8534=DIRECTION('',(-0.9978643671199059,0.06532001861902387,0));
#8535=DIRECTION('',(0,0,1));
#8536=FACE_SURFACE('',(#8541),#8537,.T.);
#8537=PLANE('',#8538);
#8538=AXIS2_PLACEMENT_3D('',#436,#8539,#8540);
#8539=DIRECTION('',(0.9807409903326043,0.19531285129612574,0));
#8540=DIRECTION('',(0.19531285129612574,-0.9807409903326042,0));
#8541=FACE_BOUND('',#8542,.T.);
#8542=EDGE_LOOP('',(#8543,#8544,#8545));
#8543=ORIENTED_EDGE('',*,*,#8546,.T.);
#8544=ORIENTED_EDGE('',*,*,#8547,.T.);
#8545=ORIENTED_EDGE('',*,*,#8548,.T.);
#8546=EDGE_CURVE('',#437,#453,#8549,.F.);
#8547=EDGE_CURVE('',#453,#329,#8550,.T.);
#8548=EDGE_CURVE('',#329,#437,#8551,.T.);
#8549=LINE('',#436,#8552);
#8550=LINE('',#452,#8553);
#8551=LINE('',#328,#8554);
#8552=VECTOR('',#8555,1.0);
#8553=VECTOR('',#8556,1.0);
#8554=VECTOR('',#8557,1.0);
#8555=DIRECTION('',(0.19531285129612574,-0.9807409903326042,0));
#8556=DIRECTION('',(-0.012745422260733007,0.06399967010489525,-0.9978685266295656));
#8557=DIRECTION('',(0,0,1));
#8558=FACE_SURFACE('',(#8563),#8559,.T.);
#8559=PLANE('',#8560);
#8560=AXIS2_PLACEMENT_3D('',#322,#8561,#8562);
#8561=DIRECTION('',(0.9807409903326043,0.19531285129612574,-0));
#8562=DIRECTION('',(-0.19531285129612574,0.9807409903326042,0));
#8563=FACE_BOUND('',#8564,.T.);
#8564=EDGE_LOOP('',(#8565,#8566,#8567));
#8565=ORIENTED_EDGE('',*,*,#8568,.T.);
#8566=ORIENTED_EDGE('',*,*,#8569,.T.);
#8567=ORIENTED_EDGE('',*,*,#8570,.T.);
#8568=EDGE_CURVE('',#323,#329,#8571,.F.);
#8569=EDGE_CURVE('',#329,#453,#8572,.T.);
#8570=EDGE_CURVE('',#453,#323,#8573,.T.);
#8571=LINE('',#322,#8574);
#8572=LINE('',#328,#8575);
#8573=LINE('',#452,#8576);
#8574=VECTOR('',#8577,1.0);
#8575=VECTOR('',#8578,1.0);
#8576=VECTOR('',#8579,1.0);
#8577=DIRECTION('',(-0.19531285129612574,0.9807409903326042,0));
#8578=DIRECTION('',(0.012745422260733007,-0.06399967010489525,0.9978685266295656));
#8579=DIRECTION('',(0,0,-1));
#8580=FACE_SURFACE('',(#8585),#8581,.T.);
#8581=PLANE('',#8582);
#8582=AXIS2_PLACEMENT_3D('',#472,#8583,#8584);
#8583=DIRECTION('',(0.9978643000105067,0.06532104381086938,0));
#8584=DIRECTION('',(0,0,-1));
#8585=FACE_BOUND('',#8586,.T.);
#8586=EDGE_LOOP('',(#8587,#8588,#8589));
#8587=ORIENTED_EDGE('',*,*,#8590,.T.);
#8588=ORIENTED_EDGE('',*,*,#8591,.T.);
#8589=ORIENTED_EDGE('',*,*,#8592,.T.);
#8590=EDGE_CURVE('',#473,#339,#8593,.F.);
#8591=EDGE_CURVE('',#339,#323,#8594,.T.);
#8592=EDGE_CURVE('',#323,#473,#8595,.T.);
#8593=LINE('',#472,#8596);
#8594=LINE('',#338,#8597);
#8595=LINE('',#322,#8598);
#8596=VECTOR('',#8599,1.0);
#8597=VECTOR('',#8600,1.0);
#8598=VECTOR('',#8601,1.0);
#8599=DIRECTION('',(0,0,-1));
#8600=DIRECTION('',(-0.06532104381086938,0.9978643000105066,0));
#8601=DIRECTION('',(0.0042636957460190006,-0.06513352394333698,0.9978674485908978));
#8602=FACE_SURFACE('',(#8607),#8603,.T.);
#8603=PLANE('',#8604);
#8604=AXIS2_PLACEMENT_3D('',#452,#8605,#8606);
#8605=DIRECTION('',(0.9978643000105067,0.06532104381086938,0));
#8606=DIRECTION('',(0.06532104381086938,-0.9978643000105066,0));
#8607=FACE_BOUND('',#8608,.T.);
#8608=EDGE_LOOP('',(#8609,#8610,#8611));
#8609=ORIENTED_EDGE('',*,*,#8612,.T.);
#8610=ORIENTED_EDGE('',*,*,#8613,.T.);
#8611=ORIENTED_EDGE('',*,*,#8614,.T.);
#8612=EDGE_CURVE('',#453,#473,#8615,.F.);
#8613=EDGE_CURVE('',#473,#323,#8616,.T.);
#8614=EDGE_CURVE('',#323,#453,#8617,.T.);
#8615=LINE('',#452,#8618);
#8616=LINE('',#472,#8619);
#8617=LINE('',#322,#8620);
#8618=VECTOR('',#8621,1.0);
#8619=VECTOR('',#8622,1.0);
#8620=VECTOR('',#8623,1.0);
#8621=DIRECTION('',(0.06532104381086938,-0.9978643000105066,0));
#8622=DIRECTION('',(-0.0042636957460190006,0.06513352394333698,-0.9978674485908978));
#8623=DIRECTION('',(0,0,1));
#8624=FACE_SURFACE('',(#8629),#8625,.T.);
#8625=PLANE('',#8626);
#8626=AXIS2_PLACEMENT_3D('',#346,#8627,#8628);
#8627=DIRECTION('',(0.8966400613347164,-0.44276020644325736,0));
#8628=DIRECTION('',(-0.02889287701651867,-0.05851138075017545,0.9978685384259874));
#8629=FACE_BOUND('',#8630,.T.);
#8630=EDGE_LOOP('',(#8631,#8632,#8633));
#8631=ORIENTED_EDGE('',*,*,#8634,.T.);
#8632=ORIENTED_EDGE('',*,*,#8635,.T.);
#8633=ORIENTED_EDGE('',*,*,#8636,.T.);
#8634=EDGE_CURVE('',#347,#475,#8637,.F.);
#8635=EDGE_CURVE('',#475,#349,#8638,.T.);
#8636=EDGE_CURVE('',#349,#347,#8639,.T.);
#8637=LINE('',#346,#8640);
#8638=LINE('',#474,#8641);
#8639=LINE('',#348,#8642);
#8640=VECTOR('',#8643,1.0);
#8641=VECTOR('',#8644,1.0);
#8642=VECTOR('',#8645,1.0);
#8643=DIRECTION('',(-0.02889287701651867,-0.05851138075017545,0.9978685384259874));
#8644=DIRECTION('',(0,0,-1));
#8645=DIRECTION('',(0.44276020644325736,0.8966400613347164,0));
#8646=FACE_SURFACE('',(#8651),#8647,.T.);
#8647=PLANE('',#8648);
#8648=AXIS2_PLACEMENT_3D('',#474,#8649,#8650);
#8649=DIRECTION('',(0.8315139672628385,-0.5555038453933646,0));
#8650=DIRECTION('',(-0.0362409733858938,-0.05424782529854914,-0.997869613375626));
#8651=FACE_BOUND('',#8652,.T.);
#8652=EDGE_LOOP('',(#8653,#8654,#8655));
#8653=ORIENTED_EDGE('',*,*,#8656,.T.);
#8654=ORIENTED_EDGE('',*,*,#8657,.T.);
#8655=ORIENTED_EDGE('',*,*,#8658,.T.);
#8656=EDGE_CURVE('',#475,#351,#8659,.F.);
#8657=EDGE_CURVE('',#351,#349,#8660,.T.);
#8658=EDGE_CURVE('',#349,#475,#8661,.T.);
#8659=LINE('',#474,#8662);
#8660=LINE('',#350,#8663);
#8661=LINE('',#348,#8664);
#8662=VECTOR('',#8665,1.0);
#8663=VECTOR('',#8666,1.0);
#8664=VECTOR('',#8667,1.0);
#8665=DIRECTION('',(-0.0362409733858938,-0.05424782529854914,-0.997869613375626));
#8666=DIRECTION('',(0.5555038453933646,0.8315139672628385,0));
#8667=DIRECTION('',(0,0,1));
#8668=FACE_SURFACE('',(#8673),#8669,.T.);
#8669=PLANE('',#8670);
#8670=AXIS2_PLACEMENT_3D('',#478,#8671,#8672);
#8671=DIRECTION('',(0.8966400613347164,-0.44276020644325736,0));
#8672=DIRECTION('',(-0.44276020644325736,-0.8966400613347164,0));
#8673=FACE_BOUND('',#8674,.T.);
#8674=EDGE_LOOP('',(#8675,#8676,#8677));
#8675=ORIENTED_EDGE('',*,*,#8678,.T.);
#8676=ORIENTED_EDGE('',*,*,#8679,.T.);
#8677=ORIENTED_EDGE('',*,*,#8680,.T.);
#8678=EDGE_CURVE('',#479,#475,#8681,.F.);
#8679=EDGE_CURVE('',#475,#347,#8682,.T.);
#8680=EDGE_CURVE('',#347,#479,#8683,.T.);
#8681=LINE('',#478,#8684);
#8682=LINE('',#474,#8685);
#8683=LINE('',#346,#8686);
#8684=VECTOR('',#8687,1.0);
#8685=VECTOR('',#8688,1.0);
#8686=VECTOR('',#8689,1.0);
#8687=DIRECTION('',(-0.44276020644325736,-0.8966400613347164,0));
#8688=DIRECTION('',(0.02889287701651867,0.05851138075017545,-0.9978685384259874));
#8689=DIRECTION('',(0,0,1));
#8690=FACE_SURFACE('',(#8695),#8691,.T.);
#8691=PLANE('',#8692);
#8692=AXIS2_PLACEMENT_3D('',#350,#8693,#8694);
#8693=DIRECTION('',(0.8315139672628385,-0.5555038453933646,0));
#8694=DIRECTION('',(0.0362409733858938,0.05424782529854914,0.997869613375626));
#8695=FACE_BOUND('',#8696,.T.);
#8696=EDGE_LOOP('',(#8697,#8698,#8699));
#8697=ORIENTED_EDGE('',*,*,#8700,.T.);
#8698=ORIENTED_EDGE('',*,*,#8701,.T.);
#8699=ORIENTED_EDGE('',*,*,#8702,.T.);
#8700=EDGE_CURVE('',#351,#475,#8703,.F.);
#8701=EDGE_CURVE('',#475,#477,#8704,.T.);
#8702=EDGE_CURVE('',#477,#351,#8705,.T.);
#8703=LINE('',#350,#8706);
#8704=LINE('',#474,#8707);
#8705=LINE('',#476,#8708);
#8706=VECTOR('',#8709,1.0);
#8707=VECTOR('',#8710,1.0);
#8708=VECTOR('',#8711,1.0);
#8709=DIRECTION('',(0.0362409733858938,0.05424782529854914,0.997869613375626));
#8710=DIRECTION('',(-0.5555038453933646,-0.8315139672628385,0));
#8711=DIRECTION('',(0,0,-1));
#8712=FACE_SURFACE('',(#8717),#8713,.T.);
#8713=PLANE('',#8714);
#8714=AXIS2_PLACEMENT_3D('',#494,#8715,#8716);
#8715=DIRECTION('',(0.9660867016144024,-0.25821790209783074,0));
#8716=DIRECTION('',(-0.025006457507314953,-0.0935582151974488,0.9952997224213431));
#8717=FACE_BOUND('',#8718,.T.);
#8718=EDGE_LOOP('',(#8719,#8720,#8721));
#8719=ORIENTED_EDGE('',*,*,#8722,.T.);
#8720=ORIENTED_EDGE('',*,*,#8723,.T.);
#8721=ORIENTED_EDGE('',*,*,#8724,.T.);
#8722=EDGE_CURVE('',#495,#497,#8725,.F.);
#8723=EDGE_CURVE('',#497,#499,#8726,.T.);
#8724=EDGE_CURVE('',#499,#495,#8727,.T.);
#8725=LINE('',#494,#8728);
#8726=LINE('',#496,#8729);
#8727=LINE('',#498,#8730);
#8728=VECTOR('',#8731,1.0);
#8729=VECTOR('',#8732,1.0);
#8730=VECTOR('',#8733,1.0);
#8731=DIRECTION('',(-0.025006457507314953,-0.0935582151974488,0.9952997224213431));
#8732=DIRECTION('',(0,0,-1));
#8733=DIRECTION('',(0.25821790209783074,0.9660867016144024,0));
#8734=FACE_SURFACE('',(#8739),#8735,.T.);
#8735=PLANE('',#8736);
#8736=AXIS2_PLACEMENT_3D('',#476,#8737,#8738);
#8737=DIRECTION('',(0.7518022075343428,-0.6593886871538583,0));
#8738=DIRECTION('',(-0.6593886871538583,-0.7518022075343428,0));
#8739=FACE_BOUND('',#8740,.T.);
#8740=EDGE_LOOP('',(#8741,#8742,#8743));
#8741=ORIENTED_EDGE('',*,*,#8744,.T.);
#8742=ORIENTED_EDGE('',*,*,#8745,.T.);
#8743=ORIENTED_EDGE('',*,*,#8746,.T.);
#8744=EDGE_CURVE('',#477,#463,#8747,.F.);
#8745=EDGE_CURVE('',#463,#353,#8748,.T.);
#8746=EDGE_CURVE('',#353,#477,#8749,.T.);
#8747=LINE('',#476,#8750);
#8748=LINE('',#462,#8751);
#8749=LINE('',#352,#8752);
#8750=VECTOR('',#8753,1.0);
#8751=VECTOR('',#8754,1.0);
#8752=VECTOR('',#8755,1.0);
#8753=DIRECTION('',(-0.6593886871538583,-0.7518022075343428,0));
#8754=DIRECTION('',(0,0,-1));
#8755=DIRECTION('',(0.0430442424471386,0.049076905812688545,0.9978670505172542));
#8756=FACE_SURFACE('',(#8761),#8757,.T.);
#8757=PLANE('',#8758);
#8758=AXIS2_PLACEMENT_3D('',#476,#8759,#8760);
#8759=DIRECTION('',(0.7518022075343428,-0.6593886871538583,0));
#8760=DIRECTION('',(-0.0430442424471386,-0.049076905812688545,-0.9978670505172542));
#8761=FACE_BOUND('',#8762,.T.);
#8762=EDGE_LOOP('',(#8763,#8764,#8765));
#8763=ORIENTED_EDGE('',*,*,#8766,.T.);
#8764=ORIENTED_EDGE('',*,*,#8767,.T.);
#8765=ORIENTED_EDGE('',*,*,#8768,.T.);
#8766=EDGE_CURVE('',#477,#353,#8769,.F.);
#8767=EDGE_CURVE('',#353,#351,#8770,.T.);
#8768=EDGE_CURVE('',#351,#477,#8771,.T.);
#8769=LINE('',#476,#8772);
#8770=LINE('',#352,#8773);
#8771=LINE('',#350,#8774);
#8772=VECTOR('',#8775,1.0);
#8773=VECTOR('',#8776,1.0);
#8774=VECTOR('',#8777,1.0);
#8775=DIRECTION('',(-0.0430442424471386,-0.049076905812688545,-0.9978670505172542));
#8776=DIRECTION('',(0.6593886871538583,0.7518022075343428,0));
#8777=DIRECTION('',(0,0,1));
#8778=FACE_SURFACE('',(#8783),#8779,.T.);
#8779=PLANE('',#8780);
#8780=AXIS2_PLACEMENT_3D('',#324,#8781,#8782);
#8781=DIRECTION('',(-0.09136968494249131,-0.18076857350688216,-0.979272333677306));
#8782=DIRECTION('',(-0.9956754297664607,0,0.09290015371017259));
#8783=FACE_BOUND('',#8784,.T.);
#8784=EDGE_LOOP('',(#8785,#8786,#8787));
#8785=ORIENTED_EDGE('',*,*,#8788,.T.);
#8786=ORIENTED_EDGE('',*,*,#8789,.T.);
#8787=ORIENTED_EDGE('',*,*,#8790,.T.);
#8788=EDGE_CURVE('',#325,#501,#8791,.F.);
#8789=EDGE_CURVE('',#501,#295,#8792,.T.);
#8790=EDGE_CURVE('',#295,#325,#8793,.T.);
#8791=LINE('',#324,#8794);
#8792=LINE('',#500,#8795);
#8793=LINE('',#294,#8796);
#8794=VECTOR('',#8797,1.0);
#8795=VECTOR('',#8798,1.0);
#8796=VECTOR('',#8799,1.0);
#8797=DIRECTION('',(-0.9956754297664607,0,0.09290015371017259));
#8798=DIRECTION('',(0.788940792133121,0.5869121744157287,-0.1819519882577948));
#8799=DIRECTION('',(0.8924727189376671,-0.4511013699292078,0));
#8800=FACE_SURFACE('',(#8805),#8801,.T.);
#8801=PLANE('',#8802);
#8802=AXIS2_PLACEMENT_3D('',#462,#8803,#8804);
#8803=DIRECTION('',(0.6593894822449515,-0.7518015101772108,0));
#8804=DIRECTION('',(-0.7518015101772108,-0.6593894822449515,0));
#8805=FACE_BOUND('',#8806,.T.);
#8806=EDGE_LOOP('',(#8807,#8808,#8809));
#8807=ORIENTED_EDGE('',*,*,#8810,.T.);
#8808=ORIENTED_EDGE('',*,*,#8811,.T.);
#8809=ORIENTED_EDGE('',*,*,#8812,.T.);
#8810=EDGE_CURVE('',#463,#461,#8813,.F.);
#8811=EDGE_CURVE('',#461,#355,#8814,.T.);
#8812=EDGE_CURVE('',#355,#463,#8815,.T.);
#8813=LINE('',#462,#8816);
#8814=LINE('',#460,#8817);
#8815=LINE('',#354,#8818);
#8816=VECTOR('',#8819,1.0);
#8817=VECTOR('',#8820,1.0);
#8818=VECTOR('',#8821,1.0);
#8819=DIRECTION('',(-0.7518015101772108,-0.6593894822449515,0));
#8820=DIRECTION('',(0,0,-1));
#8821=DIRECTION('',(0.0490769486907402,0.043044371884437035,0.9978670428249852));
#8822=FACE_SURFACE('',(#8827),#8823,.T.);
#8823=PLANE('',#8824);
#8824=AXIS2_PLACEMENT_3D('',#462,#8825,#8826);
#8825=DIRECTION('',(0.6593894822449515,-0.7518015101772108,0));
#8826=DIRECTION('',(-0.0490769486907402,-0.043044371884437035,-0.9978670428249852));
#8827=FACE_BOUND('',#8828,.T.);
#8828=EDGE_LOOP('',(#8829,#8830,#8831));
#8829=ORIENTED_EDGE('',*,*,#8832,.T.);
#8830=ORIENTED_EDGE('',*,*,#8833,.T.);
#8831=ORIENTED_EDGE('',*,*,#8834,.T.);
#8832=EDGE_CURVE('',#463,#355,#8835,.F.);
#8833=EDGE_CURVE('',#355,#353,#8836,.T.);
#8834=EDGE_CURVE('',#353,#463,#8837,.T.);
#8835=LINE('',#462,#8838);
#8836=LINE('',#354,#8839);
#8837=LINE('',#352,#8840);
#8838=VECTOR('',#8841,1.0);
#8839=VECTOR('',#8842,1.0);
#8840=VECTOR('',#8843,1.0);
#8841=DIRECTION('',(-0.0490769486907402,-0.043044371884437035,-0.9978670428249852));
#8842=DIRECTION('',(0.7518015101772108,0.6593894822449515,0));
#8843=DIRECTION('',(0,0,1));
#8844=FACE_SURFACE('',(#8849),#8845,.T.);
#8845=PLANE('',#8846);
#8846=AXIS2_PLACEMENT_3D('',#500,#8847,#8848);
#8847=DIRECTION('',(-0.03491758730853047,-0.1987209061404796,-0.9794338995354704));
#8848=DIRECTION('',(-0.7988451423365664,0.5944398688401723,-0.09212861064050451));
#8849=FACE_BOUND('',#8850,.T.);
#8850=EDGE_LOOP('',(#8851,#8852,#8853));
#8851=ORIENTED_EDGE('',*,*,#8854,.T.);
#8852=ORIENTED_EDGE('',*,*,#8855,.T.);
#8853=ORIENTED_EDGE('',*,*,#8856,.T.);
#8854=EDGE_CURVE('',#501,#335,#8857,.F.);
#8855=EDGE_CURVE('',#335,#305,#8858,.T.);
#8856=EDGE_CURVE('',#305,#501,#8859,.T.);
#8857=LINE('',#500,#8860);
#8858=LINE('',#334,#8861);
#8859=LINE('',#304,#8862);
#8860=VECTOR('',#8863,1.0);
#8861=VECTOR('',#8864,1.0);
#8862=VECTOR('',#8865,1.0);
#8863=DIRECTION('',(-0.7988451423365664,0.5944398688401723,-0.09212861064050451));
#8864=DIRECTION('',(0.9849112099956396,-0.1730604184235235,0));
#8865=DIRECTION('',(0.297497532096688,-0.9376695937822703,0.17964117371185373));
#8866=FACE_SURFACE('',(#8871),#8867,.T.);
#8867=PLANE('',#8868);
#8868=AXIS2_PLACEMENT_3D('',#294,#8869,#8870);
#8869=DIRECTION('',(-0.20412366214644825,-0.02896775132319057,-0.9785164280354215));
#8870=DIRECTION('',(-0.788940792133121,-0.5869121744157287,0.1819519882577948));
#8871=FACE_BOUND('',#8872,.T.);
#8872=EDGE_LOOP('',(#8873,#8874,#8875));
#8873=ORIENTED_EDGE('',*,*,#8876,.T.);
#8874=ORIENTED_EDGE('',*,*,#8877,.T.);
#8875=ORIENTED_EDGE('',*,*,#8878,.T.);
#8876=EDGE_CURVE('',#295,#501,#8879,.F.);
#8877=EDGE_CURVE('',#501,#303,#8880,.T.);
#8878=EDGE_CURVE('',#303,#295,#8881,.T.);
#8879=LINE('',#294,#8882);
#8880=LINE('',#500,#8883);
#8881=LINE('',#302,#8884);
#8882=VECTOR('',#8885,1.0);
#8883=VECTOR('',#8886,1.0);
#8884=VECTOR('',#8887,1.0);
#8885=DIRECTION('',(-0.788940792133121,-0.5869121744157287,0.1819519882577948));
#8886=DIRECTION('',(0.3011378882040859,0.9492362957858753,-0.09091989359152283));
#8887=DIRECTION('',(0.14050497686066934,-0.9900799722635454,0));
#8888=FACE_SURFACE('',(#8893),#8889,.T.);
#8889=PLANE('',#8890);
#8890=AXIS2_PLACEMENT_3D('',#502,#8891,#8892);
#8891=DIRECTION('',(0.9660008485599879,0.25853889568377003,0));
#8892=DIRECTION('',(-0.25853889568377003,0.9660008485599879,0));
#8893=FACE_BOUND('',#8894,.T.);
#8894=EDGE_LOOP('',(#8895,#8896,#8897));
#8895=ORIENTED_EDGE('',*,*,#8898,.T.);
#8896=ORIENTED_EDGE('',*,*,#8899,.T.);
#8897=ORIENTED_EDGE('',*,*,#8900,.T.);
#8898=EDGE_CURVE('',#503,#499,#8901,.F.);
#8899=EDGE_CURVE('',#499,#497,#8902,.T.);
#8900=EDGE_CURVE('',#497,#503,#8903,.T.);
#8901=LINE('',#502,#8904);
#8902=LINE('',#498,#8905);
#8903=LINE('',#496,#8906);
#8904=VECTOR('',#8907,1.0);
#8905=VECTOR('',#8908,1.0);
#8906=VECTOR('',#8909,1.0);
#8907=DIRECTION('',(-0.25853889568377003,0.9660008485599879,0));
#8908=DIRECTION('',(0,0,1));
#8909=DIRECTION('',(0.025006748506772918,-0.0934348397109878,-0.9953113046968274));
#8910=FACE_SURFACE('',(#8915),#8911,.T.);
#8911=PLANE('',#8912);
#8912=AXIS2_PLACEMENT_3D('',#504,#8913,#8914);
#8913=DIRECTION('',(0,1,0));
#8914=DIRECTION('',(0,0,1));
#8915=FACE_BOUND('',#8916,.T.);
#8916=EDGE_LOOP('',(#8917,#8918,#8919));
#8917=ORIENTED_EDGE('',*,*,#8920,.T.);
#8918=ORIENTED_EDGE('',*,*,#8921,.T.);
#8919=ORIENTED_EDGE('',*,*,#8922,.T.);
#8920=EDGE_CURVE('',#505,#507,#8923,.F.);
#8921=EDGE_CURVE('',#507,#509,#8924,.T.);
#8922=EDGE_CURVE('',#509,#505,#8925,.T.);
#8923=LINE('',#504,#8926);
#8924=LINE('',#506,#8927);
#8925=LINE('',#508,#8928);
#8926=VECTOR('',#8929,1.0);
#8927=VECTOR('',#8930,1.0);
#8928=VECTOR('',#8931,1.0);
#8929=DIRECTION('',(0,0,1));
#8930=DIRECTION('',(0.29891665249795374,0,-0.9542792226908314));
#8931=DIRECTION('',(-1,0,0));
#8932=FACE_SURFACE('',(#8937),#8933,.T.);
#8933=PLANE('',#8934);
#8934=AXIS2_PLACEMENT_3D('',#302,#8935,#8936);
#8935=DIRECTION('',(0.1478058375680404,-0.14065745989286865,-0.9789631828405478));
#8936=DIRECTION('',(-0.3011378882040859,-0.9492362957858753,0.09091989359152283));
#8937=FACE_BOUND('',#8938,.T.);
#8938=EDGE_LOOP('',(#8939,#8940,#8941));
#8939=ORIENTED_EDGE('',*,*,#8942,.T.);
#8940=ORIENTED_EDGE('',*,*,#8943,.T.);
#8941=ORIENTED_EDGE('',*,*,#8944,.T.);
#8942=EDGE_CURVE('',#303,#501,#8945,.F.);
#8943=EDGE_CURVE('',#501,#305,#8946,.T.);
#8944=EDGE_CURVE('',#305,#303,#8947,.T.);
#8945=LINE('',#302,#8948);
#8946=LINE('',#500,#8949);
#8947=LINE('',#304,#8950);
#8948=VECTOR('',#8951,1.0);
#8949=VECTOR('',#8952,1.0);
#8950=VECTOR('',#8953,1.0);
#8951=DIRECTION('',(-0.3011378882040859,-0.9492362957858753,0.09091989359152283));
#8952=DIRECTION('',(-0.297497532096688,0.9376695937822703,-0.17964117371185373));
#8953=DIRECTION('',(0.6893724080100351,0.7244071252234103,0));
#8954=FACE_SURFACE('',(#8959),#8955,.T.);
#8955=PLANE('',#8956);
#8956=AXIS2_PLACEMENT_3D('',#378,#8957,#8958);
#8957=DIRECTION('',(0.18263280111721383,-0.09375034515497736,-0.9787012479502635));
#8958=DIRECTION('',(0.9830307733959102,0,0.18344072218741042));
#8959=FACE_BOUND('',#8960,.T.);
#8960=EDGE_LOOP('',(#8961,#8962,#8963));
#8961=ORIENTED_EDGE('',*,*,#8964,.T.);
#8962=ORIENTED_EDGE('',*,*,#8965,.T.);
#8963=ORIENTED_EDGE('',*,*,#8966,.T.);
#8964=EDGE_CURVE('',#379,#501,#8967,.F.);
#8965=EDGE_CURVE('',#501,#389,#8968,.T.);
#8966=EDGE_CURVE('',#389,#379,#8969,.T.);
#8967=LINE('',#378,#8970);
#8968=LINE('',#500,#8971);
#8969=LINE('',#388,#8972);
#8970=VECTOR('',#8973,1.0);
#8971=VECTOR('',#8974,1.0);
#8972=VECTOR('',#8975,1.0);
#8973=DIRECTION('',(0.9830307733959102,0,0.18344072218741042));
#8974=DIRECTION('',(-0.7988451579355199,-0.5944398475985175,-0.09212861243948887));
#8975=DIRECTION('',(0.4566733650510614,0.8896344404602039,0));
#8976=FACE_SURFACE('',(#8981),#8977,.T.);
#8977=PLANE('',#8978);
#8978=AXIS2_PLACEMENT_3D('',#440,#8979,#8980);
#8979=DIRECTION('',(-0.9660867016144024,-0.25821790209783074,-0));
#8980=DIRECTION('',(0,0,-1));
#8981=FACE_BOUND('',#8982,.T.);
#8982=EDGE_LOOP('',(#8983,#8984,#8985));
#8983=ORIENTED_EDGE('',*,*,#8986,.T.);
#8984=ORIENTED_EDGE('',*,*,#8987,.T.);
#8985=ORIENTED_EDGE('',*,*,#8988,.T.);
#8986=EDGE_CURVE('',#441,#511,#8989,.F.);
#8987=EDGE_CURVE('',#511,#451,#8990,.T.);
#8988=EDGE_CURVE('',#451,#441,#8991,.T.);
#8989=LINE('',#440,#8992);
#8990=LINE('',#510,#8993);
#8991=LINE('',#450,#8994);
#8992=VECTOR('',#8995,1.0);
#8993=VECTOR('',#8996,1.0);
#8994=VECTOR('',#8997,1.0);
#8995=DIRECTION('',(0,0,-1));
#8996=DIRECTION('',(0.025006457507314953,-0.0935582151974488,0.9952997224213431));
#8997=DIRECTION('',(-0.25821790209783074,0.9660867016144024,0));
#8998=FACE_SURFACE('',(#9003),#8999,.T.);
#8999=PLANE('',#9000);
#9000=AXIS2_PLACEMENT_3D('',#504,#9001,#9002);
#9001=DIRECTION('',(0,-0,1));
#9002=DIRECTION('',(1,0,0));
#9003=FACE_BOUND('',#9004,.T.);
#9004=EDGE_LOOP('',(#9005,#9006,#9007));
#9005=ORIENTED_EDGE('',*,*,#9008,.T.);
#9006=ORIENTED_EDGE('',*,*,#9009,.T.);
#9007=ORIENTED_EDGE('',*,*,#9010,.T.);
#9008=EDGE_CURVE('',#505,#509,#9011,.F.);
#9009=EDGE_CURVE('',#509,#503,#9012,.T.);
#9010=EDGE_CURVE('',#503,#505,#9013,.T.);
#9011=LINE('',#504,#9014);
#9012=LINE('',#508,#9015);
#9013=LINE('',#502,#9016);
#9014=VECTOR('',#9017,1.0);
#9015=VECTOR('',#9018,1.0);
#9016=VECTOR('',#9019,1.0);
#9017=DIRECTION('',(1,0,0));
#9018=DIRECTION('',(-0.9998305849574908,0.018406558167175697,0));
#9019=DIRECTION('',(0.7078302367925257,-0.7063825846396817,0));
#9020=FACE_SURFACE('',(#9025),#9021,.T.);
#9021=PLANE('',#9022);
#9022=AXIS2_PLACEMENT_3D('',#498,#9023,#9024);
#9023=DIRECTION('',(0,0,1));
#9024=DIRECTION('',(0.25853889568377003,-0.9660008485599879,0));
#9025=FACE_BOUND('',#9026,.T.);
#9026=EDGE_LOOP('',(#9027,#9028,#9029));
#9027=ORIENTED_EDGE('',*,*,#9030,.T.);
#9028=ORIENTED_EDGE('',*,*,#9031,.T.);
#9029=ORIENTED_EDGE('',*,*,#9032,.T.);
#9030=EDGE_CURVE('',#499,#503,#9033,.F.);
#9031=EDGE_CURVE('',#503,#509,#9034,.T.);
#9032=EDGE_CURVE('',#509,#499,#9035,.T.);
#9033=LINE('',#498,#9036);
#9034=LINE('',#502,#9037);
#9035=LINE('',#508,#9038);
#9036=VECTOR('',#9039,1.0);
#9037=VECTOR('',#9040,1.0);
#9038=VECTOR('',#9041,1.0);
#9039=DIRECTION('',(0.25853889568377003,-0.9660008485599879,0));
#9040=DIRECTION('',(0.9998305849574908,-0.018406558167175697,0));
#9041=DIRECTION('',(-0.9604906437402297,0.2783122765662322,0));
#9042=FACE_SURFACE('',(#9047),#9043,.T.);
#9043=PLANE('',#9044);
#9044=AXIS2_PLACEMENT_3D('',#494,#9045,#9046);
#9045=DIRECTION('',(0,0,1));
#9046=DIRECTION('',(-0.25821790209783074,-0.9660867016144024,0));
#9047=FACE_BOUND('',#9048,.T.);
#9048=EDGE_LOOP('',(#9049,#9050,#9051));
#9049=ORIENTED_EDGE('',*,*,#9052,.T.);
#9050=ORIENTED_EDGE('',*,*,#9053,.T.);
#9051=ORIENTED_EDGE('',*,*,#9054,.T.);
#9052=EDGE_CURVE('',#495,#499,#9055,.F.);
#9053=EDGE_CURVE('',#499,#509,#9056,.T.);
#9054=EDGE_CURVE('',#509,#495,#9057,.T.);
#9055=LINE('',#494,#9058);
#9056=LINE('',#498,#9059);
#9057=LINE('',#508,#9060);
#9058=VECTOR('',#9061,1.0);
#9059=VECTOR('',#9062,1.0);
#9060=VECTOR('',#9063,1.0);
#9061=DIRECTION('',(-0.25821790209783074,-0.9660867016144024,0));
#9062=DIRECTION('',(0.9604906437402297,-0.2783122765662322,0));
#9063=DIRECTION('',(-0.8547929181185906,0.5189692352483954,0));
#9064=FACE_SURFACE('',(#9069),#9065,.T.);
#9065=PLANE('',#9066);
#9066=AXIS2_PLACEMENT_3D('',#510,#9067,#9068);
#9067=DIRECTION('',(-0.7071043245429514,-0.7071092378216088,0));
#9068=DIRECTION('',(0,0,1));
#9069=FACE_BOUND('',#9070,.T.);
#9070=EDGE_LOOP('',(#9071,#9072,#9073));
#9071=ORIENTED_EDGE('',*,*,#9074,.T.);
#9072=ORIENTED_EDGE('',*,*,#9075,.T.);
#9073=ORIENTED_EDGE('',*,*,#9076,.T.);
#9074=EDGE_CURVE('',#511,#441,#9077,.F.);
#9075=EDGE_CURVE('',#441,#513,#9078,.T.);
#9076=EDGE_CURVE('',#513,#511,#9079,.T.);
#9077=LINE('',#510,#9080);
#9078=LINE('',#440,#9081);
#9079=LINE('',#512,#9082);
#9080=VECTOR('',#9083,1.0);
#9081=VECTOR('',#9084,1.0);
#9082=VECTOR('',#9085,1.0);
#9083=DIRECTION('',(0,0,1));
#9084=DIRECTION('',(-0.06830452934362174,0.06830405473634994,-0.9953235892802501));
#9085=DIRECTION('',(0.7071092378216088,-0.7071043245429514,0));
#9086=FACE_SURFACE('',(#9091),#9087,.T.);
#9087=PLANE('',#9088);
#9088=AXIS2_PLACEMENT_3D('',#428,#9089,#9090);
#9089=DIRECTION('',(-0.7071043245429514,-0.7071092378216088,-0));
#9090=DIRECTION('',(0,0,-1));
#9091=FACE_BOUND('',#9092,.T.);
#9092=EDGE_LOOP('',(#9093,#9094,#9095));
#9093=ORIENTED_EDGE('',*,*,#9096,.T.);
#9094=ORIENTED_EDGE('',*,*,#9097,.T.);
#9095=ORIENTED_EDGE('',*,*,#9098,.T.);
#9096=EDGE_CURVE('',#429,#513,#9099,.F.);
#9097=EDGE_CURVE('',#513,#441,#9100,.T.);
#9098=EDGE_CURVE('',#441,#429,#9101,.T.);
#9099=LINE('',#428,#9102);
#9100=LINE('',#512,#9103);
#9101=LINE('',#440,#9104);
#9102=VECTOR('',#9105,1.0);
#9103=VECTOR('',#9106,1.0);
#9104=VECTOR('',#9107,1.0);
#9105=DIRECTION('',(0,0,-1));
#9106=DIRECTION('',(0.06830452934362174,-0.06830405473634994,0.9953235892802501));
#9107=DIRECTION('',(-0.7071092378216088,0.7071043245429514,0));
#9108=FACE_SURFACE('',(#9113),#9109,.T.);
#9109=PLANE('',#9110);
#9110=AXIS2_PLACEMENT_3D('',#334,#9111,#9112);
#9111=DIRECTION('',(0.18263280120591743,0.0937503400197942,-0.9787012484256126));
#9112=DIRECTION('',(0.7988451423365664,-0.5944398688401723,0.09212861064050451));
#9113=FACE_BOUND('',#9114,.T.);
#9114=EDGE_LOOP('',(#9115,#9116,#9117));
#9115=ORIENTED_EDGE('',*,*,#9118,.T.);
#9116=ORIENTED_EDGE('',*,*,#9119,.T.);
#9117=ORIENTED_EDGE('',*,*,#9120,.T.);
#9118=EDGE_CURVE('',#335,#501,#9121,.F.);
#9119=EDGE_CURVE('',#501,#379,#9122,.T.);
#9120=EDGE_CURVE('',#379,#335,#9123,.T.);
#9121=LINE('',#334,#9124);
#9122=LINE('',#500,#9125);
#9123=LINE('',#378,#9126);
#9124=VECTOR('',#9127,1.0);
#9125=VECTOR('',#9128,1.0);
#9126=VECTOR('',#9129,1.0);
#9127=DIRECTION('',(0.7988451423365664,-0.5944398688401723,0.09212861064050451));
#9128=DIRECTION('',(-0.9830307733959102,0,-0.18344072218741042));
#9129=DIRECTION('',(-0.45667334507794327,0.8896344507129441,0));
#9130=FACE_SURFACE('',(#9135),#9131,.T.);
#9131=PLANE('',#9132);
#9132=AXIS2_PLACEMENT_3D('',#460,#9133,#9134);
#9133=DIRECTION('',(0.5555018594767054,-0.83151529397716,0));
#9134=DIRECTION('',(-0.05424778259457085,-0.03624075747258583,-0.9978696235387594));
#9135=FACE_BOUND('',#9136,.T.);
#9136=EDGE_LOOP('',(#9137,#9138,#9139));
#9137=ORIENTED_EDGE('',*,*,#9140,.T.);
#9138=ORIENTED_EDGE('',*,*,#9141,.T.);
#9139=ORIENTED_EDGE('',*,*,#9142,.T.);
#9140=EDGE_CURVE('',#461,#373,#9143,.F.);
#9141=EDGE_CURVE('',#373,#355,#9144,.T.);
#9142=EDGE_CURVE('',#355,#461,#9145,.T.);
#9143=LINE('',#460,#9146);
#9144=LINE('',#372,#9147);
#9145=LINE('',#354,#9148);
#9146=VECTOR('',#9149,1.0);
#9147=VECTOR('',#9150,1.0);
#9148=VECTOR('',#9151,1.0);
#9149=DIRECTION('',(-0.05424778259457085,-0.03624075747258583,-0.9978696235387594));
#9150=DIRECTION('',(0.8315152939771598,0.5555018594767054,0));
#9151=DIRECTION('',(0,0,1));
#9152=FACE_SURFACE('',(#9157),#9153,.T.);
#9153=PLANE('',#9154);
#9154=AXIS2_PLACEMENT_3D('',#414,#9155,#9156);
#9155=DIRECTION('',(-0.2597432451822509,-0.9656777136199184,-0));
#9156=DIRECTION('',(0,0,-1));
#9157=FACE_BOUND('',#9158,.T.);
#9158=EDGE_LOOP('',(#9159,#9160,#9161));
#9159=ORIENTED_EDGE('',*,*,#9162,.T.);
#9160=ORIENTED_EDGE('',*,*,#9163,.T.);
#9161=ORIENTED_EDGE('',*,*,#9164,.T.);
#9162=EDGE_CURVE('',#415,#515,#9165,.F.);
#9163=EDGE_CURVE('',#515,#429,#9166,.T.);
#9164=EDGE_CURVE('',#429,#415,#9167,.T.);
#9165=LINE('',#414,#9168);
#9166=LINE('',#514,#9169);
#9167=LINE('',#428,#9170);
#9168=VECTOR('',#9171,1.0);
#9169=VECTOR('',#9172,1.0);
#9170=VECTOR('',#9173,1.0);
#9171=DIRECTION('',(0,0,-1));
#9172=DIRECTION('',(0.09343448839558792,-0.025131549465752103,0.9953081942793925));
#9173=DIRECTION('',(-0.9656777136199184,0.2597432451822509,0));
#9174=FACE_SURFACE('',(#9179),#9175,.T.);
#9175=PLANE('',#9176);
#9176=AXIS2_PLACEMENT_3D('',#512,#9177,#9178);
#9177=DIRECTION('',(-0.2597432451822509,-0.9656777136199184,0));
#9178=DIRECTION('',(0,0,1));
#9179=FACE_BOUND('',#9180,.T.);
#9180=EDGE_LOOP('',(#9181,#9182,#9183));
#9181=ORIENTED_EDGE('',*,*,#9184,.T.);
#9182=ORIENTED_EDGE('',*,*,#9185,.T.);
#9183=ORIENTED_EDGE('',*,*,#9186,.T.);
#9184=EDGE_CURVE('',#513,#429,#9187,.F.);
#9185=EDGE_CURVE('',#429,#515,#9188,.T.);
#9186=EDGE_CURVE('',#515,#513,#9189,.T.);
#9187=LINE('',#512,#9190);
#9188=LINE('',#428,#9191);
#9189=LINE('',#514,#9192);
#9190=VECTOR('',#9193,1.0);
#9191=VECTOR('',#9194,1.0);
#9192=VECTOR('',#9195,1.0);
#9193=DIRECTION('',(0,0,1));
#9194=DIRECTION('',(-0.09343448839558792,0.025131549465752103,-0.9953081942793925));
#9195=DIRECTION('',(0.9656777136199184,-0.2597432451822509,0));
#9196=FACE_SURFACE('',(#9201),#9197,.T.);
#9197=PLANE('',#9198);
#9198=AXIS2_PLACEMENT_3D('',#388,#9199,#9200);
#9199=DIRECTION('',(-0.03491757228684398,0.1987208972959941,-0.9794339018654951));
#9200=DIRECTION('',(0.7988451579355199,0.5944398475985175,0.09212861243948887));
#9201=FACE_BOUND('',#9202,.T.);
#9202=EDGE_LOOP('',(#9203,#9204,#9205));
#9203=ORIENTED_EDGE('',*,*,#9206,.T.);
#9204=ORIENTED_EDGE('',*,*,#9207,.T.);
#9205=ORIENTED_EDGE('',*,*,#9208,.T.);
#9206=EDGE_CURVE('',#389,#501,#9209,.F.);
#9207=EDGE_CURVE('',#501,#359,#9210,.T.);
#9208=EDGE_CURVE('',#359,#389,#9211,.T.);
#9209=LINE('',#388,#9212);
#9210=LINE('',#500,#9213);
#9211=LINE('',#358,#9214);
#9212=VECTOR('',#9215,1.0);
#9213=VECTOR('',#9216,1.0);
#9214=VECTOR('',#9217,1.0);
#9215=DIRECTION('',(0.7988451579355199,0.5944398475985175,0.09212861243948887));
#9216=DIRECTION('',(-0.2974975261407765,-0.937669596360934,-0.17964117011543085));
#9217=DIRECTION('',(-0.9849112213729271,-0.17306035367376651,0));
#9218=FACE_SURFACE('',(#9223),#9219,.T.);
#9219=PLANE('',#9220);
#9220=AXIS2_PLACEMENT_3D('',#370,#9221,#9222);
#9221=DIRECTION('',(0.19531374553790576,-0.9807408122454955,0));
#9222=DIRECTION('',(0.9807408122454954,0.19531374553790576,0));
#9223=FACE_BOUND('',#9224,.T.);
#9224=EDGE_LOOP('',(#9225,#9226,#9227));
#9225=ORIENTED_EDGE('',*,*,#9228,.T.);
#9226=ORIENTED_EDGE('',*,*,#9229,.T.);
#9227=ORIENTED_EDGE('',*,*,#9230,.T.);
#9228=EDGE_CURVE('',#371,#367,#9231,.F.);
#9229=EDGE_CURVE('',#367,#517,#9232,.T.);
#9230=EDGE_CURVE('',#517,#371,#9233,.T.);
#9231=LINE('',#370,#9234);
#9232=LINE('',#366,#9235);
#9233=LINE('',#516,#9236);
#9234=VECTOR('',#9237,1.0);
#9235=VECTOR('',#9238,1.0);
#9236=VECTOR('',#9239,1.0);
#9237=DIRECTION('',(0.9807408122454954,0.19531374553790576,0));
#9238=DIRECTION('',(-0.06399979927210192,-0.012745508653696565,0.9978685172417703));
#9239=DIRECTION('',(0,0,-1));
#9240=FACE_SURFACE('',(#9245),#9241,.T.);
#9241=PLANE('',#9242);
#9242=AXIS2_PLACEMENT_3D('',#508,#9243,#9244);
#9243=DIRECTION('',(-0.7070709123856719,0.7071426481680294,0));
#9244=DIRECTION('',(0,0,1));
#9245=FACE_BOUND('',#9246,.T.);
#9246=EDGE_LOOP('',(#9247,#9248,#9249));
#9247=ORIENTED_EDGE('',*,*,#9250,.T.);
#9248=ORIENTED_EDGE('',*,*,#9251,.T.);
#9249=ORIENTED_EDGE('',*,*,#9252,.T.);
#9250=EDGE_CURVE('',#509,#465,#9253,.F.);
#9251=EDGE_CURVE('',#465,#519,#9254,.T.);
#9252=EDGE_CURVE('',#519,#509,#9255,.T.);
#9253=LINE('',#508,#9256);
#9254=LINE('',#464,#9257);
#9255=LINE('',#518,#9258);
#9256=VECTOR('',#9259,1.0);
#9257=VECTOR('',#9260,1.0);
#9258=VECTOR('',#9261,1.0);
#9259=DIRECTION('',(0,0,1));
#9260=DIRECTION('',(0.005875384654323034,0.005874788628449158,-0.9999654827611475));
#9261=DIRECTION('',(-0.7071426481680294,-0.7070709123856719,0));
#9262=FACE_SURFACE('',(#9267),#9263,.T.);
#9263=PLANE('',#9264);
#9264=AXIS2_PLACEMENT_3D('',#458,#9265,#9266);
#9265=DIRECTION('',(-0.7070709123856719,0.7071426481680294,0));
#9266=DIRECTION('',(0,0,-1));
#9267=FACE_BOUND('',#9268,.T.);
#9268=EDGE_LOOP('',(#9269,#9270,#9271));
#9269=ORIENTED_EDGE('',*,*,#9272,.T.);
#9270=ORIENTED_EDGE('',*,*,#9273,.T.);
#9271=ORIENTED_EDGE('',*,*,#9274,.T.);
#9272=EDGE_CURVE('',#459,#519,#9275,.F.);
#9273=EDGE_CURVE('',#519,#465,#9276,.T.);
#9274=EDGE_CURVE('',#465,#459,#9277,.T.);
#9275=LINE('',#458,#9278);
#9276=LINE('',#518,#9279);
#9277=LINE('',#464,#9280);
#9278=VECTOR('',#9281,1.0);
#9279=VECTOR('',#9282,1.0);
#9280=VECTOR('',#9283,1.0);
#9281=DIRECTION('',(0,0,-1));
#9282=DIRECTION('',(-0.005875384654323034,-0.005874788628449158,0.9999654827611475));
#9283=DIRECTION('',(0.7071426481680294,0.7070709123856719,0));
#9284=FACE_SURFACE('',(#9289),#9285,.T.);
#9285=PLANE('',#9286);
#9286=AXIS2_PLACEMENT_3D('',#516,#9287,#9288);
#9287=DIRECTION('',(0.06531985365049145,-0.9978643779187022,0));
#9288=DIRECTION('',(-0.0651333947487232,-0.004263609270851144,-0.9978674573932614));
#9289=FACE_BOUND('',#9290,.T.);
#9290=EDGE_LOOP('',(#9291,#9292,#9293));
#9291=ORIENTED_EDGE('',*,*,#9294,.T.);
#9292=ORIENTED_EDGE('',*,*,#9295,.T.);
#9293=ORIENTED_EDGE('',*,*,#9296,.T.);
#9294=EDGE_CURVE('',#517,#363,#9297,.F.);
#9295=EDGE_CURVE('',#363,#371,#9298,.T.);
#9296=EDGE_CURVE('',#371,#517,#9299,.T.);
#9297=LINE('',#516,#9300);
#9298=LINE('',#362,#9301);
#9299=LINE('',#370,#9302);
#9300=VECTOR('',#9303,1.0);
#9301=VECTOR('',#9304,1.0);
#9302=VECTOR('',#9305,1.0);
#9303=DIRECTION('',(-0.0651333947487232,-0.004263609270851144,-0.9978674573932614));
#9304=DIRECTION('',(0.9978643779187022,0.06531985365049145,0));
#9305=DIRECTION('',(0,0,1));
#9306=FACE_SURFACE('',(#9311),#9307,.T.);
#9307=PLANE('',#9308);
#9308=AXIS2_PLACEMENT_3D('',#450,#9309,#9310);
#9309=DIRECTION('',(-0.9660008485599879,0.25853889568377003,0));
#9310=DIRECTION('',(-0.025006748506772918,-0.0934348397109878,-0.9953113046968274));
#9311=FACE_BOUND('',#9312,.T.);
#9312=EDGE_LOOP('',(#9313,#9314,#9315));
#9313=ORIENTED_EDGE('',*,*,#9316,.T.);
#9314=ORIENTED_EDGE('',*,*,#9317,.T.);
#9315=ORIENTED_EDGE('',*,*,#9318,.T.);
#9316=EDGE_CURVE('',#451,#519,#9319,.F.);
#9317=EDGE_CURVE('',#519,#459,#9320,.T.);
#9318=EDGE_CURVE('',#459,#451,#9321,.T.);
#9319=LINE('',#450,#9322);
#9320=LINE('',#518,#9323);
#9321=LINE('',#458,#9324);
#9322=VECTOR('',#9325,1.0);
#9323=VECTOR('',#9326,1.0);
#9324=VECTOR('',#9327,1.0);
#9325=DIRECTION('',(-0.025006748506772918,-0.0934348397109878,-0.9953113046968274));
#9326=DIRECTION('',(0,0,1));
#9327=DIRECTION('',(0.25853889568377003,0.9660008485599879,0));
#9328=FACE_SURFACE('',(#9333),#9329,.T.);
#9329=PLANE('',#9330);
#9330=AXIS2_PLACEMENT_3D('',#464,#9331,#9332);
#9331=DIRECTION('',(0,1,0));
#9332=DIRECTION('',(0,0,-1));
#9333=FACE_BOUND('',#9334,.T.);
#9334=EDGE_LOOP('',(#9335,#9336,#9337));
#9335=ORIENTED_EDGE('',*,*,#9338,.T.);
#9336=ORIENTED_EDGE('',*,*,#9339,.T.);
#9337=ORIENTED_EDGE('',*,*,#9340,.T.);
#9338=EDGE_CURVE('',#465,#509,#9341,.F.);
#9339=EDGE_CURVE('',#509,#507,#9342,.T.);
#9340=EDGE_CURVE('',#507,#465,#9343,.T.);
#9341=LINE('',#464,#9344);
#9342=LINE('',#508,#9345);
#9343=LINE('',#506,#9346);
#9344=VECTOR('',#9347,1.0);
#9345=VECTOR('',#9348,1.0);
#9346=VECTOR('',#9349,1.0);
#9347=DIRECTION('',(0,0,-1));
#9348=DIRECTION('',(-0.29891665249795374,0,0.9542792226908314));
#9349=DIRECTION('',(1,0,0));
#9350=FACE_SURFACE('',(#9355),#9351,.T.);
#9351=PLANE('',#9352);
#9352=AXIS2_PLACEMENT_3D('',#492,#9353,#9354);
#9353=DIRECTION('',(-0.3210183072799605,-0.9470729889459992,-0));
#9354=DIRECTION('',(0,0,-1));
#9355=FACE_BOUND('',#9356,.T.);
#9356=EDGE_LOOP('',(#9357,#9358,#9359));
#9357=ORIENTED_EDGE('',*,*,#9360,.T.);
#9358=ORIENTED_EDGE('',*,*,#9361,.T.);
#9359=ORIENTED_EDGE('',*,*,#9362,.T.);
#9360=EDGE_CURVE('',#493,#409,#9363,.F.);
#9361=EDGE_CURVE('',#409,#357,#9364,.T.);
#9362=EDGE_CURVE('',#357,#493,#9365,.T.);
#9363=LINE('',#492,#9366);
#9364=LINE('',#408,#9367);
#9365=LINE('',#356,#9368);
#9366=VECTOR('',#9369,1.0);
#9367=VECTOR('',#9370,1.0);
#9368=VECTOR('',#9371,1.0);
#9369=DIRECTION('',(0,0,-1));
#9370=DIRECTION('',(0.9470729889459992,-0.3210183072799605,0));
#9371=DIRECTION('',(-0.06182235945210678,0.020955205580781462,0.9978671631188399));
#9372=FACE_SURFACE('',(#9377),#9373,.T.);
#9373=PLANE('',#9374);
#9374=AXIS2_PLACEMENT_3D('',#324,#9375,#9376);
#9375=DIRECTION('',(-0.09136968494249131,0.18076857350688216,-0.979272333677306));
#9376=DIRECTION('',(-0.8924727189376671,-0.4511013699292078,0));
#9377=FACE_BOUND('',#9378,.T.);
#9378=EDGE_LOOP('',(#9379,#9380,#9381));
#9379=ORIENTED_EDGE('',*,*,#9382,.T.);
#9380=ORIENTED_EDGE('',*,*,#9383,.T.);
#9381=ORIENTED_EDGE('',*,*,#9384,.T.);
#9382=EDGE_CURVE('',#325,#345,#9385,.F.);
#9383=EDGE_CURVE('',#345,#501,#9386,.T.);
#9384=EDGE_CURVE('',#501,#325,#9387,.T.);
#9385=LINE('',#324,#9388);
#9386=LINE('',#344,#9389);
#9387=LINE('',#500,#9390);
#9388=VECTOR('',#9391,1.0);
#9389=VECTOR('',#9392,1.0);
#9390=VECTOR('',#9393,1.0);
#9391=DIRECTION('',(-0.8924727189376671,-0.4511013699292078,0));
#9392=DIRECTION('',(-0.788940792133121,0.5869121744157287,0.1819519882577948));
#9393=DIRECTION('',(0.9956754297664607,0,-0.09290015371017259));
#9394=FACE_SURFACE('',(#9399),#9395,.T.);
#9395=PLANE('',#9396);
#9396=AXIS2_PLACEMENT_3D('',#420,#9397,#9398);
#9397=DIRECTION('',(0.26006598325096336,-0.9655908472824862,0));
#9398=DIRECTION('',(0.09331122660042306,0.02513184125811527,-0.9953197504045126));
#9399=FACE_BOUND('',#9400,.T.);
#9400=EDGE_LOOP('',(#9401,#9402,#9403));
#9401=ORIENTED_EDGE('',*,*,#9404,.T.);
#9402=ORIENTED_EDGE('',*,*,#9405,.T.);
#9403=ORIENTED_EDGE('',*,*,#9406,.T.);
#9404=EDGE_CURVE('',#421,#515,#9407,.F.);
#9405=EDGE_CURVE('',#515,#415,#9408,.T.);
#9406=EDGE_CURVE('',#415,#421,#9409,.T.);
#9407=LINE('',#420,#9410);
#9408=LINE('',#514,#9411);
#9409=LINE('',#414,#9412);
#9410=VECTOR('',#9413,1.0);
#9411=VECTOR('',#9414,1.0);
#9412=VECTOR('',#9415,1.0);
#9413=DIRECTION('',(0.09331122660042306,0.02513184125811527,-0.9953197504045126));
#9414=DIRECTION('',(0,0,1));
#9415=DIRECTION('',(-0.9655908472824862,-0.26006598325096336,0));
#9416=FACE_SURFACE('',(#9421),#9417,.T.);
#9417=PLANE('',#9418);
#9418=AXIS2_PLACEMENT_3D('',#500,#9419,#9420);
#9419=DIRECTION('',(0.14780582769384012,0.14065746010274174,-0.9789631843012201));
#9420=DIRECTION('',(0.30113789438194244,-0.9492362936473427,-0.0909198954567483));
#9421=FACE_BOUND('',#9422,.T.);
#9422=EDGE_LOOP('',(#9423,#9424,#9425));
#9423=ORIENTED_EDGE('',*,*,#9426,.T.);
#9424=ORIENTED_EDGE('',*,*,#9427,.T.);
#9425=ORIENTED_EDGE('',*,*,#9428,.T.);
#9426=EDGE_CURVE('',#501,#369,#9429,.F.);
#9427=EDGE_CURVE('',#369,#359,#9430,.T.);
#9428=EDGE_CURVE('',#359,#501,#9431,.T.);
#9429=LINE('',#500,#9432);
#9430=LINE('',#368,#9433);
#9431=LINE('',#358,#9434);
#9432=VECTOR('',#9435,1.0);
#9433=VECTOR('',#9436,1.0);
#9434=VECTOR('',#9437,1.0);
#9435=DIRECTION('',(0.30113789438194244,-0.9492362936473427,-0.0909198954567483));
#9436=DIRECTION('',(-0.6893724327171967,0.7244071017111677,0));
#9437=DIRECTION('',(0.2974975261407765,0.937669596360934,0.17964117011543085));
#9438=FACE_SURFACE('',(#9443),#9439,.T.);
#9439=PLANE('',#9440);
#9440=AXIS2_PLACEMENT_3D('',#368,#9441,#9442);
#9441=DIRECTION('',(-0.20412366152589345,0.028967752189535394,-0.9785164281392255));
#9442=DIRECTION('',(-0.30113789438194244,0.9492362936473427,0.0909198954567483));
#9443=FACE_BOUND('',#9444,.T.);
#9444=EDGE_LOOP('',(#9445,#9446,#9447));
#9445=ORIENTED_EDGE('',*,*,#9448,.T.);
#9446=ORIENTED_EDGE('',*,*,#9449,.T.);
#9447=ORIENTED_EDGE('',*,*,#9450,.T.);
#9448=EDGE_CURVE('',#369,#501,#9451,.F.);
#9449=EDGE_CURVE('',#501,#345,#9452,.T.);
#9450=EDGE_CURVE('',#345,#369,#9453,.T.);
#9451=LINE('',#368,#9454);
#9452=LINE('',#500,#9455);
#9453=LINE('',#344,#9456);
#9454=VECTOR('',#9457,1.0);
#9455=VECTOR('',#9458,1.0);
#9456=VECTOR('',#9459,1.0);
#9457=DIRECTION('',(-0.30113789438194244,0.9492362936473427,0.0909198954567483));
#9458=DIRECTION('',(0.788940792133121,-0.5869121744157287,-0.1819519882577948));
#9459=DIRECTION('',(-0.14050498139854103,-0.9900799716195634,0));
#9460=FACE_SURFACE('',(#9465),#9461,.T.);
#9461=PLANE('',#9462);
#9462=AXIS2_PLACEMENT_3D('',#468,#9463,#9464);
#9463=DIRECTION('',(-0.5555018594767054,-0.83151529397716,0));
#9464=DIRECTION('',(-0.8315152939771598,0.5555018594767054,0));
#9465=FACE_BOUND('',#9466,.T.);
#9466=EDGE_LOOP('',(#9467,#9468,#9469));
#9467=ORIENTED_EDGE('',*,*,#9470,.T.);
#9468=ORIENTED_EDGE('',*,*,#9471,.T.);
#9469=ORIENTED_EDGE('',*,*,#9472,.T.);
#9470=EDGE_CURVE('',#469,#521,#9473,.F.);
#9471=EDGE_CURVE('',#521,#407,#9474,.T.);
#9472=EDGE_CURVE('',#407,#469,#9475,.T.);
#9473=LINE('',#468,#9476);
#9474=LINE('',#520,#9477);
#9475=LINE('',#406,#9478);
#9476=VECTOR('',#9479,1.0);
#9477=VECTOR('',#9480,1.0);
#9478=VECTOR('',#9481,1.0);
#9479=DIRECTION('',(-0.8315152939771598,0.5555018594767054,0));
#9480=DIRECTION('',(0,0,-1));
#9481=DIRECTION('',(0.05424778259457085,-0.03624075747258583,0.9978696235387594));
#9482=FACE_SURFACE('',(#9487),#9483,.T.);
#9483=PLANE('',#9484);
#9484=AXIS2_PLACEMENT_3D('',#494,#9485,#9486);
#9485=DIRECTION('',(0.7064609782441823,-0.7077519948529096,0));
#9486=DIRECTION('',(0.0684282947285788,0.06830347407721511,0.9953151279416595));
#9487=FACE_BOUND('',#9488,.T.);
#9488=EDGE_LOOP('',(#9489,#9490,#9491));
#9489=ORIENTED_EDGE('',*,*,#9492,.T.);
#9490=ORIENTED_EDGE('',*,*,#9493,.T.);
#9491=ORIENTED_EDGE('',*,*,#9494,.T.);
#9492=EDGE_CURVE('',#495,#421,#9495,.F.);
#9493=EDGE_CURVE('',#421,#523,#9496,.T.);
#9494=EDGE_CURVE('',#523,#495,#9497,.T.);
#9495=LINE('',#494,#9498);
#9496=LINE('',#420,#9499);
#9497=LINE('',#522,#9500);
#9498=VECTOR('',#9501,1.0);
#9499=VECTOR('',#9502,1.0);
#9500=VECTOR('',#9503,1.0);
#9501=DIRECTION('',(0.0684282947285788,0.06830347407721511,0.9953151279416595));
#9502=DIRECTION('',(-0.7077519948529096,-0.7064609782441823,0));
#9503=DIRECTION('',(0,0,-1));
#9504=FACE_SURFACE('',(#9509),#9505,.T.);
#9505=PLANE('',#9506);
#9506=AXIS2_PLACEMENT_3D('',#406,#9507,#9508);
#9507=DIRECTION('',(-0.6593894822449515,-0.7518015101772108,0));
#9508=DIRECTION('',(-0.0490769486907402,0.043044371884437035,0.9978670428249852));
#9509=FACE_BOUND('',#9510,.T.);
#9510=EDGE_LOOP('',(#9511,#9512,#9513));
#9511=ORIENTED_EDGE('',*,*,#9514,.T.);
#9512=ORIENTED_EDGE('',*,*,#9515,.T.);
#9513=ORIENTED_EDGE('',*,*,#9516,.T.);
#9514=EDGE_CURVE('',#407,#487,#9517,.F.);
#9515=EDGE_CURVE('',#487,#405,#9518,.T.);
#9516=EDGE_CURVE('',#405,#407,#9519,.T.);
#9517=LINE('',#406,#9520);
#9518=LINE('',#486,#9521);
#9519=LINE('',#404,#9522);
#9520=VECTOR('',#9523,1.0);
#9521=VECTOR('',#9524,1.0);
#9522=VECTOR('',#9525,1.0);
#9523=DIRECTION('',(-0.0490769486907402,0.043044371884437035,0.9978670428249852));
#9524=DIRECTION('',(0,0,-1));
#9525=DIRECTION('',(0.7518015101772108,-0.6593894822449515,0));
#9526=FACE_SURFACE('',(#9531),#9527,.T.);
#9527=PLANE('',#9528);
#9528=AXIS2_PLACEMENT_3D('',#406,#9529,#9530);
#9529=DIRECTION('',(-0.6593894822449515,-0.7518015101772108,0));
#9530=DIRECTION('',(0,0,1));
#9531=FACE_BOUND('',#9532,.T.);
#9532=EDGE_LOOP('',(#9533,#9534,#9535));
#9533=ORIENTED_EDGE('',*,*,#9536,.T.);
#9534=ORIENTED_EDGE('',*,*,#9537,.T.);
#9535=ORIENTED_EDGE('',*,*,#9538,.T.);
#9536=EDGE_CURVE('',#407,#521,#9539,.F.);
#9537=EDGE_CURVE('',#521,#487,#9540,.T.);
#9538=EDGE_CURVE('',#487,#407,#9541,.T.);
#9539=LINE('',#406,#9542);
#9540=LINE('',#520,#9543);
#9541=LINE('',#486,#9544);
#9542=VECTOR('',#9545,1.0);
#9543=VECTOR('',#9546,1.0);
#9544=VECTOR('',#9547,1.0);
#9545=DIRECTION('',(0,0,1));
#9546=DIRECTION('',(-0.7518015101772108,0.6593894822449515,0));
#9547=DIRECTION('',(0.0490769486907402,-0.043044371884437035,-0.9978670428249852));
#9548=FACE_SURFACE('',(#9553),#9549,.T.);
#9549=PLANE('',#9550);
#9550=AXIS2_PLACEMENT_3D('',#494,#9551,#9552);
#9551=DIRECTION('',(0.9660867016144024,-0.25821790209783074,0));
#9552=DIRECTION('',(0,0,1));
#9553=FACE_BOUND('',#9554,.T.);
#9554=EDGE_LOOP('',(#9555,#9556,#9557));
#9555=ORIENTED_EDGE('',*,*,#9558,.T.);
#9556=ORIENTED_EDGE('',*,*,#9559,.T.);
#9557=ORIENTED_EDGE('',*,*,#9560,.T.);
#9558=EDGE_CURVE('',#495,#523,#9561,.F.);
#9559=EDGE_CURVE('',#523,#497,#9562,.T.);
#9560=EDGE_CURVE('',#497,#495,#9563,.T.);
#9561=LINE('',#494,#9564);
#9562=LINE('',#522,#9565);
#9563=LINE('',#496,#9566);
#9564=VECTOR('',#9567,1.0);
#9565=VECTOR('',#9568,1.0);
#9566=VECTOR('',#9569,1.0);
#9567=DIRECTION('',(0,0,1));
#9568=DIRECTION('',(-0.25821790209783074,-0.9660867016144024,0));
#9569=DIRECTION('',(0.025006457507314953,0.0935582151974488,-0.9952997224213431));
#9570=FACE_SURFACE('',(#9575),#9571,.T.);
#9571=PLANE('',#9572);
#9572=AXIS2_PLACEMENT_3D('',#486,#9573,#9574);
#9573=DIRECTION('',(-0.7518022075343428,-0.6593886871538583,-0));
#9574=DIRECTION('',(-0.0430442424471386,0.049076905812688545,-0.9978670505172542));
#9575=FACE_BOUND('',#9576,.T.);
#9576=EDGE_LOOP('',(#9577,#9578,#9579));
#9577=ORIENTED_EDGE('',*,*,#9580,.T.);
#9578=ORIENTED_EDGE('',*,*,#9581,.T.);
#9579=ORIENTED_EDGE('',*,*,#9582,.T.);
#9580=EDGE_CURVE('',#487,#393,#9583,.F.);
#9581=EDGE_CURVE('',#393,#405,#9584,.T.);
#9582=EDGE_CURVE('',#405,#487,#9585,.T.);
#9583=LINE('',#486,#9586);
#9584=LINE('',#392,#9587);
#9585=LINE('',#404,#9588);
#9586=VECTOR('',#9589,1.0);
#9587=VECTOR('',#9590,1.0);
#9588=VECTOR('',#9591,1.0);
#9589=DIRECTION('',(-0.0430442424471386,0.049076905812688545,-0.9978670505172542));
#9590=DIRECTION('',(0.6593886871538583,-0.7518022075343428,0));
#9591=DIRECTION('',(0,0,1));
#9592=FACE_SURFACE('',(#9597),#9593,.T.);
#9593=PLANE('',#9594);
#9594=AXIS2_PLACEMENT_3D('',#510,#9595,#9596);
#9595=DIRECTION('',(-0.9660867016144024,-0.25821790209783074,0));
#9596=DIRECTION('',(0.25821790209783074,-0.9660867016144024,0));
#9597=FACE_BOUND('',#9598,.T.);
#9598=EDGE_LOOP('',(#9599,#9600,#9601));
#9599=ORIENTED_EDGE('',*,*,#9602,.T.);
#9600=ORIENTED_EDGE('',*,*,#9603,.T.);
#9601=ORIENTED_EDGE('',*,*,#9604,.T.);
#9602=EDGE_CURVE('',#511,#525,#9605,.F.);
#9603=EDGE_CURVE('',#525,#451,#9606,.T.);
#9604=EDGE_CURVE('',#451,#511,#9607,.T.);
#9605=LINE('',#510,#9608);
#9606=LINE('',#524,#9609);
#9607=LINE('',#450,#9610);
#9608=VECTOR('',#9611,1.0);
#9609=VECTOR('',#9612,1.0);
#9610=VECTOR('',#9613,1.0);
#9611=DIRECTION('',(0.25821790209783074,-0.9660867016144024,0));
#9612=DIRECTION('',(0,0,1));
#9613=DIRECTION('',(-0.025006457507314953,0.0935582151974488,-0.9952997224213431));
#9614=FACE_SURFACE('',(#9619),#9615,.T.);
#9615=PLANE('',#9616);
#9616=AXIS2_PLACEMENT_3D('',#488,#9617,#9618);
#9617=DIRECTION('',(0.9660008485599879,0.25853889568377003,0));
#9618=DIRECTION('',(0,0,-1));
#9619=FACE_BOUND('',#9620,.T.);
#9620=EDGE_LOOP('',(#9621,#9622,#9623));
#9621=ORIENTED_EDGE('',*,*,#9624,.T.);
#9622=ORIENTED_EDGE('',*,*,#9625,.T.);
#9623=ORIENTED_EDGE('',*,*,#9626,.T.);
#9624=EDGE_CURVE('',#489,#503,#9627,.F.);
#9625=EDGE_CURVE('',#503,#497,#9628,.T.);
#9626=EDGE_CURVE('',#497,#489,#9629,.T.);
#9627=LINE('',#488,#9630);
#9628=LINE('',#502,#9631);
#9629=LINE('',#496,#9632);
#9630=VECTOR('',#9633,1.0);
#9631=VECTOR('',#9634,1.0);
#9632=VECTOR('',#9635,1.0);
#9633=DIRECTION('',(0,0,-1));
#9634=DIRECTION('',(-0.025006748506772918,0.0934348397109878,0.9953113046968274));
#9635=DIRECTION('',(0.25853889568377003,-0.9660008485599879,0));
#9636=FACE_SURFACE('',(#9641),#9637,.T.);
#9637=PLANE('',#9638);
#9638=AXIS2_PLACEMENT_3D('',#506,#9639,#9640);
#9639=DIRECTION('',(0.7063825846396817,0.7078302367925257,0));
#9640=DIRECTION('',(0,0,-1));
#9641=FACE_BOUND('',#9642,.T.);
#9642=EDGE_LOOP('',(#9643,#9644,#9645));
#9643=ORIENTED_EDGE('',*,*,#9646,.T.);
#9644=ORIENTED_EDGE('',*,*,#9647,.T.);
#9645=ORIENTED_EDGE('',*,*,#9648,.T.);
#9646=EDGE_CURVE('',#507,#505,#9649,.F.);
#9647=EDGE_CURVE('',#505,#503,#9650,.T.);
#9648=EDGE_CURVE('',#503,#507,#9651,.T.);
#9649=LINE('',#506,#9652);
#9650=LINE('',#504,#9653);
#9651=LINE('',#502,#9654);
#9652=VECTOR('',#9655,1.0);
#9653=VECTOR('',#9656,1.0);
#9654=VECTOR('',#9657,1.0);
#9655=DIRECTION('',(0,0,-1));
#9656=DIRECTION('',(-0.7078302367925257,0.7063825846396817,0));
#9657=DIRECTION('',(0.005886827954908535,-0.005874788233066526,0.9999654154618778));
#9658=FACE_SURFACE('',(#9663),#9659,.T.);
#9659=PLANE('',#9660);
#9660=AXIS2_PLACEMENT_3D('',#506,#9661,#9662);
#9661=DIRECTION('',(0.7063825846396817,0.7078302367925257,0));
#9662=DIRECTION('',(-0.005886827954908535,0.005874788233066526,-0.9999654154618778));
#9663=FACE_BOUND('',#9664,.T.);
#9664=EDGE_LOOP('',(#9665,#9666,#9667));
#9665=ORIENTED_EDGE('',*,*,#9668,.T.);
#9666=ORIENTED_EDGE('',*,*,#9669,.T.);
#9667=ORIENTED_EDGE('',*,*,#9670,.T.);
#9668=EDGE_CURVE('',#507,#503,#9671,.F.);
#9669=EDGE_CURVE('',#503,#489,#9672,.T.);
#9670=EDGE_CURVE('',#489,#507,#9673,.T.);
#9671=LINE('',#506,#9674);
#9672=LINE('',#502,#9675);
#9673=LINE('',#488,#9676);
#9674=VECTOR('',#9677,1.0);
#9675=VECTOR('',#9678,1.0);
#9676=VECTOR('',#9679,1.0);
#9677=DIRECTION('',(-0.005886827954908535,0.005874788233066526,-0.9999654154618778));
#9678=DIRECTION('',(0,0,1));
#9679=DIRECTION('',(0.7078302367925257,-0.7063825846396817,0));
#9680=FACE_SURFACE('',(#9685),#9681,.T.);
#9681=PLANE('',#9682);
#9682=AXIS2_PLACEMENT_3D('',#372,#9683,#9684);
#9683=DIRECTION('',(0.5555018594767054,-0.83151529397716,0));
#9684=DIRECTION('',(0.05424778259457085,0.03624075747258583,0.9978696235387594));
#9685=FACE_BOUND('',#9686,.T.);
#9686=EDGE_LOOP('',(#9687,#9688,#9689));
#9687=ORIENTED_EDGE('',*,*,#9690,.T.);
#9688=ORIENTED_EDGE('',*,*,#9691,.T.);
#9689=ORIENTED_EDGE('',*,*,#9692,.T.);
#9690=EDGE_CURVE('',#373,#461,#9693,.F.);
#9691=EDGE_CURVE('',#461,#483,#9694,.T.);
#9692=EDGE_CURVE('',#483,#373,#9695,.T.);
#9693=LINE('',#372,#9696);
#9694=LINE('',#460,#9697);
#9695=LINE('',#482,#9698);
#9696=VECTOR('',#9699,1.0);
#9697=VECTOR('',#9700,1.0);
#9698=VECTOR('',#9701,1.0);
#9699=DIRECTION('',(0.05424778259457085,0.03624075747258583,0.9978696235387594));
#9700=DIRECTION('',(-0.8315152939771598,-0.5555018594767054,0));
#9701=DIRECTION('',(0,0,-1));
#9702=FACE_SURFACE('',(#9707),#9703,.T.);
#9703=PLANE('',#9704);
#9704=AXIS2_PLACEMENT_3D('',#482,#9705,#9706);
#9705=DIRECTION('',(0.4427599432861998,-0.8966401912814309,0));
#9706=DIRECTION('',(-0.8966401912814309,-0.4427599432861998,0));
#9707=FACE_BOUND('',#9708,.T.);
#9708=EDGE_LOOP('',(#9709,#9710,#9711));
#9709=ORIENTED_EDGE('',*,*,#9712,.T.);
#9710=ORIENTED_EDGE('',*,*,#9713,.T.);
#9711=ORIENTED_EDGE('',*,*,#9714,.T.);
#9712=EDGE_CURVE('',#483,#481,#9715,.F.);
#9713=EDGE_CURVE('',#481,#365,#9716,.T.);
#9714=EDGE_CURVE('',#365,#483,#9717,.T.);
#9715=LINE('',#482,#9718);
#9716=LINE('',#480,#9719);
#9717=LINE('',#364,#9720);
#9718=VECTOR('',#9721,1.0);
#9719=VECTOR('',#9722,1.0);
#9720=VECTOR('',#9723,1.0);
#9721=DIRECTION('',(-0.8966401912814309,-0.4427599432861998,0));
#9722=DIRECTION('',(0,0,-1));
#9723=DIRECTION('',(0.05851142385851954,0.02889287694339095,0.9978685359003875));
#9724=FACE_SURFACE('',(#9729),#9725,.T.);
#9725=PLANE('',#9726);
#9726=AXIS2_PLACEMENT_3D('',#482,#9727,#9728);
#9727=DIRECTION('',(0.4427599432861998,-0.8966401912814309,0));
#9728=DIRECTION('',(-0.05851142385851954,-0.02889287694339095,-0.9978685359003875));
#9729=FACE_BOUND('',#9730,.T.);
#9730=EDGE_LOOP('',(#9731,#9732,#9733));
#9731=ORIENTED_EDGE('',*,*,#9734,.T.);
#9732=ORIENTED_EDGE('',*,*,#9735,.T.);
#9733=ORIENTED_EDGE('',*,*,#9736,.T.);
#9734=EDGE_CURVE('',#483,#365,#9737,.F.);
#9735=EDGE_CURVE('',#365,#373,#9738,.T.);
#9736=EDGE_CURVE('',#373,#483,#9739,.T.);
#9737=LINE('',#482,#9740);
#9738=LINE('',#364,#9741);
#9739=LINE('',#372,#9742);
#9740=VECTOR('',#9743,1.0);
#9741=VECTOR('',#9744,1.0);
#9742=VECTOR('',#9745,1.0);
#9743=DIRECTION('',(-0.05851142385851954,-0.02889287694339095,-0.9978685359003875));
#9744=DIRECTION('',(0.8966401912814309,0.4427599432861998,0));
#9745=DIRECTION('',(0,0,1));
#9746=FACE_SURFACE('',(#9751),#9747,.T.);
#9747=PLANE('',#9748);
#9748=AXIS2_PLACEMENT_3D('',#364,#9749,#9750);
#9749=DIRECTION('',(0.3210183072799605,-0.9470729889459992,0));
#9750=DIRECTION('',(0,0,1));
#9751=FACE_BOUND('',#9752,.T.);
#9752=EDGE_LOOP('',(#9753,#9754,#9755));
#9753=ORIENTED_EDGE('',*,*,#9756,.T.);
#9754=ORIENTED_EDGE('',*,*,#9757,.T.);
#9755=ORIENTED_EDGE('',*,*,#9758,.T.);
#9756=EDGE_CURVE('',#365,#481,#9759,.F.);
#9757=EDGE_CURVE('',#481,#367,#9760,.T.);
#9758=EDGE_CURVE('',#367,#365,#9761,.T.);
#9759=LINE('',#364,#9762);
#9760=LINE('',#480,#9763);
#9761=LINE('',#366,#9764);
#9762=VECTOR('',#9765,1.0);
#9763=VECTOR('',#9766,1.0);
#9764=VECTOR('',#9767,1.0);
#9765=DIRECTION('',(0,0,1));
#9766=DIRECTION('',(-0.06182235945210678,-0.020955205580781462,-0.9978671631188399));
#9767=DIRECTION('',(0.9470729889459992,0.3210183072799605,0));
#9768=FACE_SURFACE('',(#9773),#9769,.T.);
#9769=PLANE('',#9770);
#9770=AXIS2_PLACEMENT_3D('',#526,#9771,#9772);
#9771=DIRECTION('',(0.3210183072799605,-0.9470729889459992,0));
#9772=DIRECTION('',(0,0,-1));
#9773=FACE_BOUND('',#9774,.T.);
#9774=EDGE_LOOP('',(#9775,#9776,#9777));
#9775=ORIENTED_EDGE('',*,*,#9778,.T.);
#9776=ORIENTED_EDGE('',*,*,#9779,.T.);
#9777=ORIENTED_EDGE('',*,*,#9780,.T.);
#9778=EDGE_CURVE('',#527,#367,#9781,.F.);
#9779=EDGE_CURVE('',#367,#481,#9782,.T.);
#9780=EDGE_CURVE('',#481,#527,#9783,.T.);
#9781=LINE('',#526,#9784);
#9782=LINE('',#366,#9785);
#9783=LINE('',#480,#9786);
#9784=VECTOR('',#9787,1.0);
#9785=VECTOR('',#9788,1.0);
#9786=VECTOR('',#9789,1.0);
#9787=DIRECTION('',(0,0,-1));
#9788=DIRECTION('',(0.06182235945210678,0.020955205580781462,0.9978671631188399));
#9789=DIRECTION('',(-0.9470729889459992,-0.3210183072799605,0));
#9790=FACE_SURFACE('',(#9795),#9791,.T.);
#9791=PLANE('',#9792);
#9792=AXIS2_PLACEMENT_3D('',#526,#9793,#9794);
#9793=DIRECTION('',(0.19531374553790576,-0.9807408122454955,0));
#9794=DIRECTION('',(-0.9807408122454954,-0.19531374553790576,0));
#9795=FACE_BOUND('',#9796,.T.);
#9796=EDGE_LOOP('',(#9797,#9798,#9799));
#9797=ORIENTED_EDGE('',*,*,#9800,.T.);
#9798=ORIENTED_EDGE('',*,*,#9801,.T.);
#9799=ORIENTED_EDGE('',*,*,#9802,.T.);
#9800=EDGE_CURVE('',#527,#517,#9803,.F.);
#9801=EDGE_CURVE('',#517,#367,#9804,.T.);
#9802=EDGE_CURVE('',#367,#527,#9805,.T.);
#9803=LINE('',#526,#9806);
#9804=LINE('',#516,#9807);
#9805=LINE('',#366,#9808);
#9806=VECTOR('',#9809,1.0);
#9807=VECTOR('',#9810,1.0);
#9808=VECTOR('',#9811,1.0);
#9809=DIRECTION('',(-0.9807408122454954,-0.19531374553790576,0));
#9810=DIRECTION('',(0.06399979927210192,0.012745508653696565,-0.9978685172417703));
#9811=DIRECTION('',(0,0,1));
#9812=FACE_SURFACE('',(#9817),#9813,.T.);
#9813=PLANE('',#9814);
#9814=AXIS2_PLACEMENT_3D('',#362,#9815,#9816);
#9815=DIRECTION('',(0.06531985365049145,-0.9978643779187022,0));
#9816=DIRECTION('',(0.0651333947487232,0.004263609270851144,0.9978674573932614));
#9817=FACE_BOUND('',#9818,.T.);
#9818=EDGE_LOOP('',(#9819,#9820,#9821));
#9819=ORIENTED_EDGE('',*,*,#9822,.T.);
#9820=ORIENTED_EDGE('',*,*,#9823,.T.);
#9821=ORIENTED_EDGE('',*,*,#9824,.T.);
#9822=EDGE_CURVE('',#363,#517,#9825,.F.);
#9823=EDGE_CURVE('',#517,#529,#9826,.T.);
#9824=EDGE_CURVE('',#529,#363,#9827,.T.);
#9825=LINE('',#362,#9828);
#9826=LINE('',#516,#9829);
#9827=LINE('',#528,#9830);
#9828=VECTOR('',#9831,1.0);
#9829=VECTOR('',#9832,1.0);
#9830=VECTOR('',#9833,1.0);
#9831=DIRECTION('',(0.0651333947487232,0.004263609270851144,0.9978674573932614));
#9832=DIRECTION('',(-0.9978643779187022,-0.06531985365049145,0));
#9833=DIRECTION('',(0,0,-1));
#9834=FACE_SURFACE('',(#9839),#9835,.T.);
#9835=PLANE('',#9836);
#9836=AXIS2_PLACEMENT_3D('',#530,#9837,#9838);
#9837=DIRECTION('',(-0.06531985365049145,-0.9978643779187022,-0));
#9838=DIRECTION('',(0,0,-1));
#9839=FACE_BOUND('',#9840,.T.);
#9840=EDGE_LOOP('',(#9841,#9842,#9843));
#9841=ORIENTED_EDGE('',*,*,#9844,.T.);
#9842=ORIENTED_EDGE('',*,*,#9845,.T.);
#9843=ORIENTED_EDGE('',*,*,#9846,.T.);
#9844=EDGE_CURVE('',#531,#361,#9847,.F.);
#9845=EDGE_CURVE('',#361,#529,#9848,.T.);
#9846=EDGE_CURVE('',#529,#531,#9849,.T.);
#9847=LINE('',#530,#9850);
#9848=LINE('',#360,#9851);
#9849=LINE('',#528,#9852);
#9850=VECTOR('',#9853,1.0);
#9851=VECTOR('',#9854,1.0);
#9852=VECTOR('',#9855,1.0);
#9853=DIRECTION('',(0,0,-1));
#9854=DIRECTION('',(0.0651333947487232,-0.004263609270851144,0.9978674573932614));
#9855=DIRECTION('',(-0.9978643779187022,0.06531985365049145,0));
#9856=FACE_SURFACE('',(#9861),#9857,.T.);
#9857=PLANE('',#9858);
#9858=AXIS2_PLACEMENT_3D('',#362,#9859,#9860);
#9859=DIRECTION('',(-0.06531985365049145,-0.9978643779187022,0));
#9860=DIRECTION('',(0,0,1));
#9861=FACE_BOUND('',#9862,.T.);
#9862=EDGE_LOOP('',(#9863,#9864,#9865));
#9863=ORIENTED_EDGE('',*,*,#9866,.T.);
#9864=ORIENTED_EDGE('',*,*,#9867,.T.);
#9865=ORIENTED_EDGE('',*,*,#9868,.T.);
#9866=EDGE_CURVE('',#363,#529,#9869,.F.);
#9867=EDGE_CURVE('',#529,#361,#9870,.T.);
#9868=EDGE_CURVE('',#361,#363,#9871,.T.);
#9869=LINE('',#362,#9872);
#9870=LINE('',#528,#9873);
#9871=LINE('',#360,#9874);
#9872=VECTOR('',#9875,1.0);
#9873=VECTOR('',#9876,1.0);
#9874=VECTOR('',#9877,1.0);
#9875=DIRECTION('',(0,0,1));
#9876=DIRECTION('',(-0.0651333947487232,0.004263609270851144,-0.9978674573932614));
#9877=DIRECTION('',(0.9978643779187022,-0.06531985365049145,0));
#9878=FACE_SURFACE('',(#9883),#9879,.T.);
#9879=PLANE('',#9880);
#9880=AXIS2_PLACEMENT_3D('',#530,#9881,#9882);
#9881=DIRECTION('',(-0.19531374553790576,-0.9807408122454955,0));
#9882=DIRECTION('',(-0.9807408122454954,0.19531374553790576,0));
#9883=FACE_BOUND('',#9884,.T.);
#9884=EDGE_LOOP('',(#9885,#9886,#9887));
#9885=ORIENTED_EDGE('',*,*,#9888,.T.);
#9886=ORIENTED_EDGE('',*,*,#9889,.T.);
#9887=ORIENTED_EDGE('',*,*,#9890,.T.);
#9888=EDGE_CURVE('',#531,#533,#9891,.F.);
#9889=EDGE_CURVE('',#533,#357,#9892,.T.);
#9890=EDGE_CURVE('',#357,#531,#9893,.T.);
#9891=LINE('',#530,#9894);
#9892=LINE('',#532,#9895);
#9893=LINE('',#356,#9896);
#9894=VECTOR('',#9897,1.0);
#9895=VECTOR('',#9898,1.0);
#9896=VECTOR('',#9899,1.0);
#9897=DIRECTION('',(-0.9807408122454954,0.19531374553790576,0));
#9898=DIRECTION('',(0,0,-1));
#9899=DIRECTION('',(0.06399979927210192,-0.012745508653696565,0.9978685172417703));
#9900=FACE_SURFACE('',(#9905),#9901,.T.);
#9901=PLANE('',#9902);
#9902=AXIS2_PLACEMENT_3D('',#530,#9903,#9904);
#9903=DIRECTION('',(-0.19531374553790576,-0.9807408122454955,-0));
#9904=DIRECTION('',(-0.06399979927210192,0.012745508653696565,-0.9978685172417703));
#9905=FACE_BOUND('',#9906,.T.);
#9906=EDGE_LOOP('',(#9907,#9908,#9909));
#9907=ORIENTED_EDGE('',*,*,#9910,.T.);
#9908=ORIENTED_EDGE('',*,*,#9911,.T.);
#9909=ORIENTED_EDGE('',*,*,#9912,.T.);
#9910=EDGE_CURVE('',#531,#357,#9913,.F.);
#9911=EDGE_CURVE('',#357,#361,#9914,.T.);
#9912=EDGE_CURVE('',#361,#531,#9915,.T.);
#9913=LINE('',#530,#9916);
#9914=LINE('',#356,#9917);
#9915=LINE('',#360,#9918);
#9916=VECTOR('',#9919,1.0);
#9917=VECTOR('',#9920,1.0);
#9918=VECTOR('',#9921,1.0);
#9919=DIRECTION('',(-0.06399979927210192,0.012745508653696565,-0.9978685172417703));
#9920=DIRECTION('',(0.9807408122454954,-0.19531374553790576,0));
#9921=DIRECTION('',(0,0,1));
#9922=FACE_SURFACE('',(#9927),#9923,.T.);
#9923=PLANE('',#9924);
#9924=AXIS2_PLACEMENT_3D('',#532,#9925,#9926);
#9925=DIRECTION('',(-0.3210183072799605,-0.9470729889459992,-0));
#9926=DIRECTION('',(-0.9470729889459992,0.3210183072799605,0));
#9927=FACE_BOUND('',#9928,.T.);
#9928=EDGE_LOOP('',(#9929,#9930,#9931));
#9929=ORIENTED_EDGE('',*,*,#9932,.T.);
#9930=ORIENTED_EDGE('',*,*,#9933,.T.);
#9931=ORIENTED_EDGE('',*,*,#9934,.T.);
#9932=EDGE_CURVE('',#533,#493,#9935,.F.);
#9933=EDGE_CURVE('',#493,#357,#9936,.T.);
#9934=EDGE_CURVE('',#357,#533,#9937,.T.);
#9935=LINE('',#532,#9938);
#9936=LINE('',#492,#9939);
#9937=LINE('',#356,#9940);
#9938=VECTOR('',#9941,1.0);
#9939=VECTOR('',#9942,1.0);
#9940=VECTOR('',#9943,1.0);
#9941=DIRECTION('',(-0.9470729889459992,0.3210183072799605,0));
#9942=DIRECTION('',(0.06182235945210678,-0.020955205580781462,-0.9978671631188399));
#9943=DIRECTION('',(0,0,1));
#9944=FACE_SURFACE('',(#9949),#9945,.T.);
#9945=PLANE('',#9946);
#9946=AXIS2_PLACEMENT_3D('',#450,#9947,#9948);
#9947=DIRECTION('',(-0.9660008485599879,0.25853889568377003,0));
#9948=DIRECTION('',(0,0,-1));
#9949=FACE_BOUND('',#9950,.T.);
#9950=EDGE_LOOP('',(#9951,#9952,#9953));
#9951=ORIENTED_EDGE('',*,*,#9954,.T.);
#9952=ORIENTED_EDGE('',*,*,#9955,.T.);
#9953=ORIENTED_EDGE('',*,*,#9956,.T.);
#9954=EDGE_CURVE('',#451,#525,#9957,.F.);
#9955=EDGE_CURVE('',#525,#519,#9958,.T.);
#9956=EDGE_CURVE('',#519,#451,#9959,.T.);
#9957=LINE('',#450,#9960);
#9958=LINE('',#524,#9961);
#9959=LINE('',#518,#9962);
#9960=VECTOR('',#9963,1.0);
#9961=VECTOR('',#9964,1.0);
#9962=VECTOR('',#9965,1.0);
#9963=DIRECTION('',(0,0,-1));
#9964=DIRECTION('',(-0.25853889568377003,-0.9660008485599879,0));
#9965=DIRECTION('',(0.025006748506772918,0.0934348397109878,0.9953113046968274));
#9966=FACE_SURFACE('',(#9971),#9967,.T.);
#9967=PLANE('',#9968);
#9968=AXIS2_PLACEMENT_3D('',#512,#9969,#9970);
#9969=DIRECTION('',(0,0,1));
#9970=DIRECTION('',(0.23260131797376787,-0.9725721705235382,0));
#9971=FACE_BOUND('',#9972,.T.);
#9972=EDGE_LOOP('',(#9973,#9974,#9975));
#9973=ORIENTED_EDGE('',*,*,#9976,.T.);
#9974=ORIENTED_EDGE('',*,*,#9977,.T.);
#9975=ORIENTED_EDGE('',*,*,#9978,.T.);
#9976=EDGE_CURVE('',#513,#509,#9979,.F.);
#9977=EDGE_CURVE('',#509,#511,#9980,.T.);
#9978=EDGE_CURVE('',#511,#513,#9981,.T.);
#9979=LINE('',#512,#9982);
#9980=LINE('',#508,#9983);
#9981=LINE('',#510,#9984);
#9982=VECTOR('',#9985,1.0);
#9983=VECTOR('',#9986,1.0);
#9984=VECTOR('',#9987,1.0);
#9985=DIRECTION('',(0.23260131797376787,-0.9725721705235382,0));
#9986=DIRECTION('',(0.03031167423266745,0.9995404956304735,0));
#9987=DIRECTION('',(-0.7071092378216088,0.7071043245429514,0));
#9988=FACE_SURFACE('',(#9993),#9989,.T.);
#9989=PLANE('',#9990);
#9990=AXIS2_PLACEMENT_3D('',#514,#9991,#9992);
#9991=DIRECTION('',(0,0,1));
#9992=DIRECTION('',(0.47823645552205385,-0.8782311157148229,0));
#9993=FACE_BOUND('',#9994,.T.);
#9994=EDGE_LOOP('',(#9995,#9996,#9997));
#9995=ORIENTED_EDGE('',*,*,#9998,.T.);
#9996=ORIENTED_EDGE('',*,*,#9999,.T.);
#9997=ORIENTED_EDGE('',*,*,#10000,.T.);
#9998=EDGE_CURVE('',#515,#509,#10001,.F.);
#9999=EDGE_CURVE('',#509,#513,#10002,.T.);
#10000=EDGE_CURVE('',#513,#515,#10003,.T.);
#10001=LINE('',#514,#10004);
#10002=LINE('',#508,#10005);
#10003=LINE('',#512,#10006);
#10004=VECTOR('',#10007,1.0);
#10005=VECTOR('',#10008,1.0);
#10006=VECTOR('',#10009,1.0);
#10007=DIRECTION('',(0.47823645552205385,-0.8782311157148229,0));
#10008=DIRECTION('',(-0.23260131797376787,0.9725721705235382,0));
#10009=DIRECTION('',(-0.9656777136199184,0.2597432451822509,0));
#10010=FACE_SURFACE('',(#10015),#10011,.T.);
#10011=PLANE('',#10012);
#10012=AXIS2_PLACEMENT_3D('',#524,#10013,#10014);
#10013=DIRECTION('',(0,0,1));
#10014=DIRECTION('',(-0.25821790209783074,0.9660867016144024,0));
#10015=FACE_BOUND('',#10016,.T.);
#10016=EDGE_LOOP('',(#10017,#10018,#10019));
#10017=ORIENTED_EDGE('',*,*,#10020,.T.);
#10018=ORIENTED_EDGE('',*,*,#10021,.T.);
#10019=ORIENTED_EDGE('',*,*,#10022,.T.);
#10020=EDGE_CURVE('',#525,#511,#10023,.F.);
#10021=EDGE_CURVE('',#511,#509,#10024,.T.);
#10022=EDGE_CURVE('',#509,#525,#10025,.T.);
#10023=LINE('',#524,#10026);
#10024=LINE('',#510,#10027);
#10025=LINE('',#508,#10028);
#10026=VECTOR('',#10029,1.0);
#10027=VECTOR('',#10030,1.0);
#10028=VECTOR('',#10031,1.0);
#10029=DIRECTION('',(-0.25821790209783074,0.9660867016144024,0));
#10030=DIRECTION('',(-0.03031167423266745,-0.9995404956304735,0));
#10031=DIRECTION('',(0.2967768333947726,0.9549468630034716,0));
#10032=FACE_SURFACE('',(#10037),#10033,.T.);
#10033=PLANE('',#10034);
#10034=AXIS2_PLACEMENT_3D('',#524,#10035,#10036);
#10035=DIRECTION('',(0,0,1));
#10036=DIRECTION('',(-0.2967768333947726,-0.9549468630034716,0));
#10037=FACE_BOUND('',#10038,.T.);
#10038=EDGE_LOOP('',(#10039,#10040,#10041));
#10039=ORIENTED_EDGE('',*,*,#10042,.T.);
#10040=ORIENTED_EDGE('',*,*,#10043,.T.);
#10041=ORIENTED_EDGE('',*,*,#10044,.T.);
#10042=EDGE_CURVE('',#525,#509,#10045,.F.);
#10043=EDGE_CURVE('',#509,#519,#10046,.T.);
#10044=EDGE_CURVE('',#519,#525,#10047,.T.);
#10045=LINE('',#524,#10048);
#10046=LINE('',#508,#10049);
#10047=LINE('',#518,#10050);
#10048=VECTOR('',#10051,1.0);
#10049=VECTOR('',#10052,1.0);
#10050=VECTOR('',#10053,1.0);
#10051=DIRECTION('',(-0.2967768333947726,-0.9549468630034716,0));
#10052=DIRECTION('',(0.7071426481680294,0.7070709123856719,0));
#10053=DIRECTION('',(0.25853889568377003,0.9660008485599879,0));
#10054=FACE_SURFACE('',(#10059),#10055,.T.);
#10055=PLANE('',#10056);
#10056=AXIS2_PLACEMENT_3D('',#484,#10057,#10058);
#10057=DIRECTION('',(-0.7518022075343428,-0.6593886871538583,-0));
#10058=DIRECTION('',(0,0,-1));
#10059=FACE_BOUND('',#10060,.T.);
#10060=EDGE_LOOP('',(#10061,#10062,#10063));
#10061=ORIENTED_EDGE('',*,*,#10064,.T.);
#10062=ORIENTED_EDGE('',*,*,#10065,.T.);
#10063=ORIENTED_EDGE('',*,*,#10066,.T.);
#10064=EDGE_CURVE('',#485,#393,#10067,.F.);
#10065=EDGE_CURVE('',#393,#487,#10068,.T.);
#10066=EDGE_CURVE('',#487,#485,#10069,.T.);
#10067=LINE('',#484,#10070);
#10068=LINE('',#392,#10071);
#10069=LINE('',#486,#10072);
#10070=VECTOR('',#10073,1.0);
#10071=VECTOR('',#10074,1.0);
#10072=VECTOR('',#10075,1.0);
#10073=DIRECTION('',(0,0,-1));
#10074=DIRECTION('',(0.0430442424471386,-0.049076905812688545,0.9978670505172542));
#10075=DIRECTION('',(-0.6593886871538583,0.7518022075343428,0));
#10076=FACE_SURFACE('',(#10081),#10077,.T.);
#10077=PLANE('',#10078);
#10078=AXIS2_PLACEMENT_3D('',#534,#10079,#10080);
#10079=DIRECTION('',(-0.8315139672628385,-0.5555038453933646,-0));
#10080=DIRECTION('',(0,0,-1));
#10081=FACE_BOUND('',#10082,.T.);
#10082=EDGE_LOOP('',(#10083,#10084,#10085));
#10083=ORIENTED_EDGE('',*,*,#10086,.T.);
#10084=ORIENTED_EDGE('',*,*,#10087,.T.);
#10085=ORIENTED_EDGE('',*,*,#10088,.T.);
#10086=EDGE_CURVE('',#535,#391,#10089,.F.);
#10087=EDGE_CURVE('',#391,#485,#10090,.T.);
#10088=EDGE_CURVE('',#485,#535,#10091,.T.);
#10089=LINE('',#534,#10092);
#10090=LINE('',#390,#10093);
#10091=LINE('',#484,#10094);
#10092=VECTOR('',#10095,1.0);
#10093=VECTOR('',#10096,1.0);
#10094=VECTOR('',#10097,1.0);
#10095=DIRECTION('',(0,0,-1));
#10096=DIRECTION('',(0.0362409733858938,-0.05424782529854914,0.997869613375626));
#10097=DIRECTION('',(-0.5555038453933646,0.8315139672628385,0));
#10098=FACE_SURFACE('',(#10103),#10099,.T.);
#10099=PLANE('',#10100);
#10100=AXIS2_PLACEMENT_3D('',#420,#10101,#10102);
#10101=DIRECTION('',(0.26006598325096336,-0.9655908472824862,0));
#10102=DIRECTION('',(0,0,-1));
#10103=FACE_BOUND('',#10104,.T.);
#10104=EDGE_LOOP('',(#10105,#10106,#10107));
#10105=ORIENTED_EDGE('',*,*,#10108,.T.);
#10106=ORIENTED_EDGE('',*,*,#10109,.T.);
#10107=ORIENTED_EDGE('',*,*,#10110,.T.);
#10108=EDGE_CURVE('',#421,#537,#10111,.F.);
#10109=EDGE_CURVE('',#537,#515,#10112,.T.);
#10110=EDGE_CURVE('',#515,#421,#10113,.T.);
#10111=LINE('',#420,#10114);
#10112=LINE('',#536,#10115);
#10113=LINE('',#514,#10116);
#10114=VECTOR('',#10117,1.0);
#10115=VECTOR('',#10118,1.0);
#10116=VECTOR('',#10119,1.0);
#10117=DIRECTION('',(0,0,-1));
#10118=DIRECTION('',(0.9655908472824862,0.26006598325096336,0));
#10119=DIRECTION('',(-0.09331122660042306,-0.02513184125811527,0.9953197504045126));
#10120=FACE_SURFACE('',(#10125),#10121,.T.);
#10121=PLANE('',#10122);
#10122=AXIS2_PLACEMENT_3D('',#538,#10123,#10124);
#10123=DIRECTION('',(-0.9807409903326043,-0.19531285129612574,-0));
#10124=DIRECTION('',(0,0,-1));
#10125=FACE_BOUND('',#10126,.T.);
#10126=EDGE_LOOP('',(#10127,#10128,#10129));
#10127=ORIENTED_EDGE('',*,*,#10130,.T.);
#10128=ORIENTED_EDGE('',*,*,#10131,.T.);
#10129=ORIENTED_EDGE('',*,*,#10132,.T.);
#10130=EDGE_CURVE('',#539,#399,#10133,.F.);
#10131=EDGE_CURVE('',#399,#541,#10134,.T.);
#10132=EDGE_CURVE('',#541,#539,#10135,.T.);
#10133=LINE('',#538,#10136);
#10134=LINE('',#398,#10137);
#10135=LINE('',#540,#10138);
#10136=VECTOR('',#10139,1.0);
#10137=VECTOR('',#10140,1.0);
#10138=VECTOR('',#10141,1.0);
#10139=DIRECTION('',(0,0,-1));
#10140=DIRECTION('',(0.012745422260733007,-0.06399967010489525,0.9978685266295656));
#10141=DIRECTION('',(-0.19531285129612574,0.9807409903326042,0));
#10142=FACE_SURFACE('',(#10147),#10143,.T.);
#10143=PLANE('',#10144);
#10144=AXIS2_PLACEMENT_3D('',#536,#10145,#10146);
#10145=DIRECTION('',(0.7064609782441823,-0.7077519948529096,0));
#10146=DIRECTION('',(0,0,1));
#10147=FACE_BOUND('',#10148,.T.);
#10148=EDGE_LOOP('',(#10149,#10150,#10151));
#10149=ORIENTED_EDGE('',*,*,#10152,.T.);
#10150=ORIENTED_EDGE('',*,*,#10153,.T.);
#10151=ORIENTED_EDGE('',*,*,#10154,.T.);
#10152=EDGE_CURVE('',#537,#421,#10155,.F.);
#10153=EDGE_CURVE('',#421,#495,#10156,.T.);
#10154=EDGE_CURVE('',#495,#537,#10157,.T.);
#10155=LINE('',#536,#10158);
#10156=LINE('',#420,#10159);
#10157=LINE('',#494,#10160);
#10158=VECTOR('',#10161,1.0);
#10159=VECTOR('',#10162,1.0);
#10160=VECTOR('',#10163,1.0);
#10161=DIRECTION('',(0,0,1));
#10162=DIRECTION('',(-0.0684282947285788,-0.06830347407721511,-0.9953151279416595));
#10163=DIRECTION('',(0.7077519948529096,0.7064609782441823,0));
#10164=FACE_SURFACE('',(#10169),#10165,.T.);
#10165=PLANE('',#10166);
#10166=AXIS2_PLACEMENT_3D('',#398,#10167,#10168);
#10167=DIRECTION('',(-0.9978643000105067,-0.06532104381086938,0));
#10168=DIRECTION('',(0,0,1));
#10169=FACE_BOUND('',#10170,.T.);
#10170=EDGE_LOOP('',(#10171,#10172,#10173));
#10171=ORIENTED_EDGE('',*,*,#10174,.T.);
#10172=ORIENTED_EDGE('',*,*,#10175,.T.);
#10173=ORIENTED_EDGE('',*,*,#10176,.T.);
#10174=EDGE_CURVE('',#399,#539,#10177,.F.);
#10175=EDGE_CURVE('',#539,#387,#10178,.T.);
#10176=EDGE_CURVE('',#387,#399,#10179,.T.);
#10177=LINE('',#398,#10180);
#10178=LINE('',#538,#10181);
#10179=LINE('',#386,#10182);
#10180=VECTOR('',#10183,1.0);
#10181=VECTOR('',#10184,1.0);
#10182=VECTOR('',#10185,1.0);
#10183=DIRECTION('',(0,0,1));
#10184=DIRECTION('',(-0.0042636957460190006,0.06513352394333698,-0.9978674485908978));
#10185=DIRECTION('',(0.06532104381086938,-0.9978643000105066,0));
#10186=FACE_SURFACE('',(#10191),#10187,.T.);
#10187=PLANE('',#10188);
#10188=AXIS2_PLACEMENT_3D('',#542,#10189,#10190);
#10189=DIRECTION('',(-0.9978643000105067,-0.06532104381086938,-0));
#10190=DIRECTION('',(0,0,-1));
#10191=FACE_BOUND('',#10192,.T.);
#10192=EDGE_LOOP('',(#10193,#10194,#10195));
#10193=ORIENTED_EDGE('',*,*,#10196,.T.);
#10194=ORIENTED_EDGE('',*,*,#10197,.T.);
#10195=ORIENTED_EDGE('',*,*,#10198,.T.);
#10196=EDGE_CURVE('',#543,#387,#10199,.F.);
#10197=EDGE_CURVE('',#387,#539,#10200,.T.);
#10198=EDGE_CURVE('',#539,#543,#10201,.T.);
#10199=LINE('',#542,#10202);
#10200=LINE('',#386,#10203);
#10201=LINE('',#538,#10204);
#10202=VECTOR('',#10205,1.0);
#10203=VECTOR('',#10206,1.0);
#10204=VECTOR('',#10207,1.0);
#10205=DIRECTION('',(0,0,-1));
#10206=DIRECTION('',(0.0042636957460190006,-0.06513352394333698,0.9978674485908978));
#10207=DIRECTION('',(-0.06532104381086938,0.9978643000105066,0));
#10208=FACE_SURFACE('',(#10213),#10209,.T.);
#10209=PLANE('',#10210);
#10210=AXIS2_PLACEMENT_3D('',#542,#10211,#10212);
#10211=DIRECTION('',(-0.9978643000105067,0.06532104381086938,0));
#10212=DIRECTION('',(0.06532104381086938,0.9978643000105066,0));
#10213=FACE_BOUND('',#10214,.T.);
#10214=EDGE_LOOP('',(#10215,#10216,#10217));
#10215=ORIENTED_EDGE('',*,*,#10218,.T.);
#10216=ORIENTED_EDGE('',*,*,#10219,.T.);
#10217=ORIENTED_EDGE('',*,*,#10220,.T.);
#10218=EDGE_CURVE('',#543,#545,#10221,.F.);
#10219=EDGE_CURVE('',#545,#387,#10222,.T.);
#10220=EDGE_CURVE('',#387,#543,#10223,.T.);
#10221=LINE('',#542,#10224);
#10222=LINE('',#544,#10225);
#10223=LINE('',#386,#10226);
#10224=VECTOR('',#10227,1.0);
#10225=VECTOR('',#10228,1.0);
#10226=VECTOR('',#10229,1.0);
#10227=DIRECTION('',(0.06532104381086938,0.9978643000105066,0));
#10228=DIRECTION('',(-0.0042636957460190006,-0.06513352394333698,-0.9978674485908978));
#10229=DIRECTION('',(0,0,1));
#10230=FACE_SURFACE('',(#10235),#10231,.T.);
#10231=PLANE('',#10232);
#10232=AXIS2_PLACEMENT_3D('',#384,#10233,#10234);
#10233=DIRECTION('',(-0.9978643000105067,0.06532104381086938,0));
#10234=DIRECTION('',(-0.06532104381086938,-0.9978643000105066,0));
#10235=FACE_BOUND('',#10236,.T.);
#10236=EDGE_LOOP('',(#10237,#10238,#10239));
#10237=ORIENTED_EDGE('',*,*,#10240,.T.);
#10238=ORIENTED_EDGE('',*,*,#10241,.T.);
#10239=ORIENTED_EDGE('',*,*,#10242,.T.);
#10240=EDGE_CURVE('',#385,#387,#10243,.F.);
#10241=EDGE_CURVE('',#387,#545,#10244,.T.);
#10242=EDGE_CURVE('',#545,#385,#10245,.T.);
#10243=LINE('',#384,#10246);
#10244=LINE('',#386,#10247);
#10245=LINE('',#544,#10248);
#10246=VECTOR('',#10249,1.0);
#10247=VECTOR('',#10250,1.0);
#10248=VECTOR('',#10251,1.0);
#10249=DIRECTION('',(-0.06532104381086938,-0.9978643000105066,0));
#10250=DIRECTION('',(0.0042636957460190006,0.06513352394333698,0.9978674485908978));
#10251=DIRECTION('',(0,0,-1));
#10252=FACE_SURFACE('',(#10257),#10253,.T.);
#10253=PLANE('',#10254);
#10254=AXIS2_PLACEMENT_3D('',#536,#10255,#10256);
#10255=DIRECTION('',(0,0,1));
#10256=DIRECTION('',(-0.7077519948529096,-0.7064609782441823,0));
#10257=FACE_BOUND('',#10258,.T.);
#10258=EDGE_LOOP('',(#10259,#10260,#10261));
#10259=ORIENTED_EDGE('',*,*,#10262,.T.);
#10260=ORIENTED_EDGE('',*,*,#10263,.T.);
#10261=ORIENTED_EDGE('',*,*,#10264,.T.);
#10262=EDGE_CURVE('',#537,#495,#10265,.F.);
#10263=EDGE_CURVE('',#495,#509,#10266,.T.);
#10264=EDGE_CURVE('',#509,#537,#10267,.T.);
#10265=LINE('',#536,#10268);
#10266=LINE('',#494,#10269);
#10267=LINE('',#508,#10270);
#10268=VECTOR('',#10271,1.0);
#10269=VECTOR('',#10272,1.0);
#10270=VECTOR('',#10273,1.0);
#10271=DIRECTION('',(-0.7077519948529096,-0.7064609782441823,0));
#10272=DIRECTION('',(0.8547929181185906,-0.5189692352483954,0));
#10273=DIRECTION('',(-0.6903688783553209,0.7234575397343067,0));
#10274=FACE_SURFACE('',(#10279),#10275,.T.);
#10275=PLANE('',#10276);
#10276=AXIS2_PLACEMENT_3D('',#514,#10277,#10278);
#10277=DIRECTION('',(0,0,1));
#10278=DIRECTION('',(-0.9655908472824862,-0.26006598325096336,0));
#10279=FACE_BOUND('',#10280,.T.);
#10280=EDGE_LOOP('',(#10281,#10282,#10283));
#10281=ORIENTED_EDGE('',*,*,#10284,.T.);
#10282=ORIENTED_EDGE('',*,*,#10285,.T.);
#10283=ORIENTED_EDGE('',*,*,#10286,.T.);
#10284=EDGE_CURVE('',#515,#537,#10287,.F.);
#10285=EDGE_CURVE('',#537,#509,#10288,.T.);
#10286=EDGE_CURVE('',#509,#515,#10289,.T.);
#10287=LINE('',#514,#10290);
#10288=LINE('',#536,#10291);
#10289=LINE('',#508,#10292);
#10290=VECTOR('',#10293,1.0);
#10291=VECTOR('',#10294,1.0);
#10292=VECTOR('',#10295,1.0);
#10293=DIRECTION('',(-0.9655908472824862,-0.26006598325096336,0));
#10294=DIRECTION('',(0.6903688783553209,-0.7234575397343067,0));
#10295=DIRECTION('',(-0.47823645552205385,0.8782311157148229,0));
#10296=FACE_SURFACE('',(#10301),#10297,.T.);
#10297=PLANE('',#10298);
#10298=AXIS2_PLACEMENT_3D('',#544,#10299,#10300);
#10299=DIRECTION('',(-0.9807409903326043,0.19531285129612574,0));
#10300=DIRECTION('',(0.19531285129612574,0.9807409903326042,0));
#10301=FACE_BOUND('',#10302,.T.);
#10302=EDGE_LOOP('',(#10303,#10304,#10305));
#10303=ORIENTED_EDGE('',*,*,#10306,.T.);
#10304=ORIENTED_EDGE('',*,*,#10307,.T.);
#10305=ORIENTED_EDGE('',*,*,#10308,.T.);
#10306=EDGE_CURVE('',#545,#401,#10309,.F.);
#10307=EDGE_CURVE('',#401,#385,#10310,.T.);
#10308=EDGE_CURVE('',#385,#545,#10311,.T.);
#10309=LINE('',#544,#10312);
#10310=LINE('',#400,#10313);
#10311=LINE('',#384,#10314);
#10312=VECTOR('',#10315,1.0);
#10313=VECTOR('',#10316,1.0);
#10314=VECTOR('',#10317,1.0);
#10315=DIRECTION('',(0.19531285129612574,0.9807409903326042,0));
#10316=DIRECTION('',(-0.012745422260733007,-0.06399967010489525,-0.9978685266295656));
#10317=DIRECTION('',(0,0,1));
#10318=FACE_SURFACE('',(#10323),#10319,.T.);
#10319=PLANE('',#10320);
#10320=AXIS2_PLACEMENT_3D('',#382,#10321,#10322);
#10321=DIRECTION('',(-0.9807409903326043,0.19531285129612574,0));
#10322=DIRECTION('',(-0.19531285129612574,-0.9807409903326042,0));
#10323=FACE_BOUND('',#10324,.T.);
#10324=EDGE_LOOP('',(#10325,#10326,#10327));
#10325=ORIENTED_EDGE('',*,*,#10328,.T.);
#10326=ORIENTED_EDGE('',*,*,#10329,.T.);
#10327=ORIENTED_EDGE('',*,*,#10330,.T.);
#10328=EDGE_CURVE('',#383,#385,#10331,.F.);
#10329=EDGE_CURVE('',#385,#401,#10332,.T.);
#10330=EDGE_CURVE('',#401,#383,#10333,.T.);
#10331=LINE('',#382,#10334);
#10332=LINE('',#384,#10335);
#10333=LINE('',#400,#10336);
#10334=VECTOR('',#10337,1.0);
#10335=VECTOR('',#10338,1.0);
#10336=VECTOR('',#10339,1.0);
#10337=DIRECTION('',(-0.19531285129612574,-0.9807409903326042,0));
#10338=DIRECTION('',(0.012745422260733007,0.06399967010489525,0.9978685266295656));
#10339=DIRECTION('',(0,0,-1));
#10340=FACE_SURFACE('',(#10345),#10341,.T.);
#10341=PLANE('',#10342);
#10342=AXIS2_PLACEMENT_3D('',#392,#10343,#10344);
#10343=DIRECTION('',(-0.8315139672628385,-0.5555038453933646,0));
#10344=DIRECTION('',(0,0,1));
#10345=FACE_BOUND('',#10346,.T.);
#10346=EDGE_LOOP('',(#10347,#10348,#10349));
#10347=ORIENTED_EDGE('',*,*,#10350,.T.);
#10348=ORIENTED_EDGE('',*,*,#10351,.T.);
#10349=ORIENTED_EDGE('',*,*,#10352,.T.);
#10350=EDGE_CURVE('',#393,#485,#10353,.F.);
#10351=EDGE_CURVE('',#485,#391,#10354,.T.);
#10352=EDGE_CURVE('',#391,#393,#10355,.T.);
#10353=LINE('',#392,#10356);
#10354=LINE('',#484,#10357);
#10355=LINE('',#390,#10358);
#10356=VECTOR('',#10359,1.0);
#10357=VECTOR('',#10360,1.0);
#10358=VECTOR('',#10361,1.0);
#10359=DIRECTION('',(0,0,1));
#10360=DIRECTION('',(-0.0362409733858938,0.05424782529854914,-0.997869613375626));
#10361=DIRECTION('',(0.5555038453933646,-0.8315139672628385,0));
#10362=FACE_SURFACE('',(#10367),#10363,.T.);
#10363=PLANE('',#10364);
#10364=AXIS2_PLACEMENT_3D('',#390,#10365,#10366);
#10365=DIRECTION('',(-0.8966400613347164,-0.44276020644325736,0));
#10366=DIRECTION('',(-0.02889287701651867,0.05851138075017545,0.9978685384259874));
#10367=FACE_BOUND('',#10368,.T.);
#10368=EDGE_LOOP('',(#10369,#10370,#10371));
#10369=ORIENTED_EDGE('',*,*,#10372,.T.);
#10370=ORIENTED_EDGE('',*,*,#10373,.T.);
#10371=ORIENTED_EDGE('',*,*,#10374,.T.);
#10372=EDGE_CURVE('',#391,#547,#10375,.F.);
#10373=EDGE_CURVE('',#547,#395,#10376,.T.);
#10374=EDGE_CURVE('',#395,#391,#10377,.T.);
#10375=LINE('',#390,#10378);
#10376=LINE('',#546,#10379);
#10377=LINE('',#394,#10380);
#10378=VECTOR('',#10381,1.0);
#10379=VECTOR('',#10382,1.0);
#10380=VECTOR('',#10383,1.0);
#10381=DIRECTION('',(-0.02889287701651867,0.05851138075017545,0.9978685384259874));
#10382=DIRECTION('',(0,0,-1));
#10383=DIRECTION('',(0.44276020644325736,-0.8966400613347164,0));
#10384=FACE_SURFACE('',(#10389),#10385,.T.);
#10385=PLANE('',#10386);
#10386=AXIS2_PLACEMENT_3D('',#390,#10387,#10388);
#10387=DIRECTION('',(-0.8966400613347164,-0.44276020644325736,0));
#10388=DIRECTION('',(0,0,1));
#10389=FACE_BOUND('',#10390,.T.);
#10390=EDGE_LOOP('',(#10391,#10392,#10393));
#10391=ORIENTED_EDGE('',*,*,#10394,.T.);
#10392=ORIENTED_EDGE('',*,*,#10395,.T.);
#10393=ORIENTED_EDGE('',*,*,#10396,.T.);
#10394=EDGE_CURVE('',#391,#535,#10397,.F.);
#10395=EDGE_CURVE('',#535,#547,#10398,.T.);
#10396=EDGE_CURVE('',#547,#391,#10399,.T.);
#10397=LINE('',#390,#10400);
#10398=LINE('',#534,#10401);
#10399=LINE('',#546,#10402);
#10400=VECTOR('',#10403,1.0);
#10401=VECTOR('',#10404,1.0);
#10402=VECTOR('',#10405,1.0);
#10403=DIRECTION('',(0,0,1));
#10404=DIRECTION('',(-0.44276020644325736,0.8966400613347164,0));
#10405=DIRECTION('',(0.02889287701651867,-0.05851138075017545,-0.9978685384259874));
#10406=FACE_SURFACE('',(#10411),#10407,.T.);
#10407=PLANE('',#10408);
#10408=AXIS2_PLACEMENT_3D('',#394,#10409,#10410);
#10409=DIRECTION('',(-0.9470734601649251,-0.3210169170795148,0));
#10410=DIRECTION('',(0,0,1));
#10411=FACE_BOUND('',#10412,.T.);
#10412=EDGE_LOOP('',(#10413,#10414,#10415));
#10413=ORIENTED_EDGE('',*,*,#10416,.T.);
#10414=ORIENTED_EDGE('',*,*,#10417,.T.);
#10415=ORIENTED_EDGE('',*,*,#10418,.T.);
#10416=EDGE_CURVE('',#395,#547,#10419,.F.);
#10417=EDGE_CURVE('',#547,#397,#10420,.T.);
#10418=EDGE_CURVE('',#397,#395,#10421,.T.);
#10419=LINE('',#394,#10422);
#10420=LINE('',#546,#10423);
#10421=LINE('',#396,#10424);
#10422=VECTOR('',#10425,1.0);
#10423=VECTOR('',#10426,1.0);
#10424=VECTOR('',#10427,1.0);
#10425=DIRECTION('',(0,0,1));
#10426=DIRECTION('',(-0.020955119049979178,0.061822402655234275,-0.9978671622593536));
#10427=DIRECTION('',(0.3210169170795148,-0.947073460164925,0));
#10428=FACE_SURFACE('',(#10433),#10429,.T.);
#10429=PLANE('',#10430);
#10430=AXIS2_PLACEMENT_3D('',#540,#10431,#10432);
#10431=DIRECTION('',(-0.9470734601649251,-0.3210169170795148,-0));
#10432=DIRECTION('',(0,0,-1));
#10433=FACE_BOUND('',#10434,.T.);
#10434=EDGE_LOOP('',(#10435,#10436,#10437));
#10435=ORIENTED_EDGE('',*,*,#10438,.T.);
#10436=ORIENTED_EDGE('',*,*,#10439,.T.);
#10437=ORIENTED_EDGE('',*,*,#10440,.T.);
#10438=EDGE_CURVE('',#541,#397,#10441,.F.);
#10439=EDGE_CURVE('',#397,#547,#10442,.T.);
#10440=EDGE_CURVE('',#547,#541,#10443,.T.);
#10441=LINE('',#540,#10444);
#10442=LINE('',#396,#10445);
#10443=LINE('',#546,#10446);
#10444=VECTOR('',#10447,1.0);
#10445=VECTOR('',#10448,1.0);
#10446=VECTOR('',#10449,1.0);
#10447=DIRECTION('',(0,0,-1));
#10448=DIRECTION('',(0.020955119049979178,-0.061822402655234275,0.9978671622593536));
#10449=DIRECTION('',(-0.3210169170795148,0.947073460164925,0));
#10450=FACE_SURFACE('',(#10455),#10451,.T.);
#10451=PLANE('',#10452);
#10452=AXIS2_PLACEMENT_3D('',#454,#10453,#10454);
#10453=DIRECTION('',(0,0,1));
#10454=DIRECTION('',(-0.7518016333606223,-0.6593893417976214,0));
#10455=FACE_BOUND('',#10456,.T.);
#10456=EDGE_LOOP('',(#10457,#10458,#10459));
#10457=ORIENTED_EDGE('',*,*,#10460,.T.);
#10458=ORIENTED_EDGE('',*,*,#10461,.T.);
#10459=ORIENTED_EDGE('',*,*,#10462,.T.);
#10460=EDGE_CURVE('',#455,#549,#10463,.F.);
#10461=EDGE_CURVE('',#549,#421,#10464,.T.);
#10462=EDGE_CURVE('',#421,#455,#10465,.T.);
#10463=LINE('',#454,#10466);
#10464=LINE('',#548,#10467);
#10465=LINE('',#420,#10468);
#10466=VECTOR('',#10469,1.0);
#10467=VECTOR('',#10470,1.0);
#10468=VECTOR('',#10471,1.0);
#10469=DIRECTION('',(-0.7518016333606223,-0.6593893417976214,0));
#10470=DIRECTION('',(0.7378510152599944,-0.6749636133005954,0));
#10471=DIRECTION('',(-0.6274965814831978,0.7786193166284154,0));
#10472=FACE_SURFACE('',(#10477),#10473,.T.);
#10473=PLANE('',#10474);
#10474=AXIS2_PLACEMENT_3D('',#540,#10475,#10476);
#10475=DIRECTION('',(-0.9807409903326043,-0.19531285129612574,-0));
#10476=DIRECTION('',(-0.012745422260733007,0.06399967010489525,-0.9978685266295656));
#10477=FACE_BOUND('',#10478,.T.);
#10478=EDGE_LOOP('',(#10479,#10480,#10481));
#10479=ORIENTED_EDGE('',*,*,#10482,.T.);
#10480=ORIENTED_EDGE('',*,*,#10483,.T.);
#10481=ORIENTED_EDGE('',*,*,#10484,.T.);
#10482=EDGE_CURVE('',#541,#399,#10485,.F.);
#10483=EDGE_CURVE('',#399,#397,#10486,.T.);
#10484=EDGE_CURVE('',#397,#541,#10487,.T.);
#10485=LINE('',#540,#10488);
#10486=LINE('',#398,#10489);
#10487=LINE('',#396,#10490);
#10488=VECTOR('',#10491,1.0);
#10489=VECTOR('',#10492,1.0);
#10490=VECTOR('',#10493,1.0);
#10491=DIRECTION('',(-0.012745422260733007,0.06399967010489525,-0.9978685266295656));
#10492=DIRECTION('',(0.19531285129612574,-0.9807409903326042,0));
#10493=DIRECTION('',(0,0,1));
#10494=FACE_SURFACE('',(#10499),#10495,.T.);
#10495=PLANE('',#10496);
#10496=AXIS2_PLACEMENT_3D('',#522,#10497,#10498);
#10497=DIRECTION('',(0,-0,1));
#10498=DIRECTION('',(0.7077519948529096,0.7064609782441823,0));
#10499=FACE_BOUND('',#10500,.T.);
#10500=EDGE_LOOP('',(#10501,#10502,#10503));
#10501=ORIENTED_EDGE('',*,*,#10504,.T.);
#10502=ORIENTED_EDGE('',*,*,#10505,.T.);
#10503=ORIENTED_EDGE('',*,*,#10506,.T.);
#10504=EDGE_CURVE('',#523,#421,#10507,.F.);
#10505=EDGE_CURVE('',#421,#549,#10508,.T.);
#10506=EDGE_CURVE('',#549,#523,#10509,.T.);
#10507=LINE('',#522,#10510);
#10508=LINE('',#420,#10511);
#10509=LINE('',#548,#10512);
#10510=VECTOR('',#10513,1.0);
#10511=VECTOR('',#10514,1.0);
#10512=VECTOR('',#10515,1.0);
#10513=DIRECTION('',(0.7077519948529096,0.7064609782441823,0));
#10514=DIRECTION('',(-0.7378510152599944,0.6749636133005954,0));
#10515=DIRECTION('',(0.6803623002859348,-0.7328759378978349,0));
#10516=FACE_SURFACE('',(#10521),#10517,.T.);
#10517=PLANE('',#10518);
#10518=AXIS2_PLACEMENT_3D('',#420,#10519,#10520);
#10519=DIRECTION('',(0,0,1));
#10520=DIRECTION('',(-0.5022987765829108,0.8646941303393421,0));
#10521=FACE_BOUND('',#10522,.T.);
#10522=EDGE_LOOP('',(#10523,#10524,#10525));
#10523=ORIENTED_EDGE('',*,*,#10526,.T.);
#10524=ORIENTED_EDGE('',*,*,#10527,.T.);
#10525=ORIENTED_EDGE('',*,*,#10528,.T.);
#10526=EDGE_CURVE('',#421,#423,#10529,.F.);
#10527=EDGE_CURVE('',#423,#455,#10530,.T.);
#10528=EDGE_CURVE('',#455,#421,#10531,.T.);
#10529=LINE('',#420,#10532);
#10530=LINE('',#422,#10533);
#10531=LINE('',#454,#10534);
#10532=VECTOR('',#10535,1.0);
#10533=VECTOR('',#10536,1.0);
#10534=VECTOR('',#10537,1.0);
#10535=DIRECTION('',(-0.5022987765829108,0.8646941303393421,0));
#10536=DIRECTION('',(-0.8315149111477848,-0.5555024325229293,0));
#10537=DIRECTION('',(0.6274965814831978,-0.7786193166284154,0));
#10538=FACE_SURFACE('',(#10543),#10539,.T.);
#10539=PLANE('',#10540);
#10540=AXIS2_PLACEMENT_3D('',#532,#10541,#10542);
#10541=DIRECTION('',(-0,0,1));
#10542=DIRECTION('',(0.9807408122454954,-0.19531374553790576,0));
#10543=FACE_BOUND('',#10544,.T.);
#10544=EDGE_LOOP('',(#10545,#10546,#10547));
#10545=ORIENTED_EDGE('',*,*,#10548,.T.);
#10546=ORIENTED_EDGE('',*,*,#10549,.T.);
#10547=ORIENTED_EDGE('',*,*,#10550,.T.);
#10548=EDGE_CURVE('',#533,#531,#10551,.F.);
#10549=EDGE_CURVE('',#531,#507,#10552,.T.);
#10550=EDGE_CURVE('',#507,#533,#10553,.T.);
#10551=LINE('',#532,#10554);
#10552=LINE('',#530,#10555);
#10553=LINE('',#506,#10556);
#10554=VECTOR('',#10557,1.0);
#10555=VECTOR('',#10558,1.0);
#10556=VECTOR('',#10559,1.0);
#10557=DIRECTION('',(0.9807408122454954,-0.19531374553790576,0));
#10558=DIRECTION('',(0.018024858455563,0.9998375390420471,0));
#10559=DIRECTION('',(-0.15936411233392342,-0.9872198740402367,0));
#10560=FACE_SURFACE('',(#10565),#10561,.T.);
#10561=PLANE('',#10562);
#10562=AXIS2_PLACEMENT_3D('',#434,#10563,#10564);
#10563=DIRECTION('',(0,0,1));
#10564=DIRECTION('',(-0.5555038741055554,-0.831513948081281,0));
#10565=FACE_BOUND('',#10566,.T.);
#10566=EDGE_LOOP('',(#10567,#10568,#10569));
#10567=ORIENTED_EDGE('',*,*,#10570,.T.);
#10568=ORIENTED_EDGE('',*,*,#10571,.T.);
#10569=ORIENTED_EDGE('',*,*,#10572,.T.);
#10570=EDGE_CURVE('',#435,#491,#10573,.F.);
#10571=EDGE_CURVE('',#491,#523,#10574,.T.);
#10572=EDGE_CURVE('',#523,#435,#10575,.T.);
#10573=LINE('',#434,#10576);
#10574=LINE('',#490,#10577);
#10575=LINE('',#522,#10578);
#10576=VECTOR('',#10579,1.0);
#10577=VECTOR('',#10580,1.0);
#10578=VECTOR('',#10581,1.0);
#10579=DIRECTION('',(-0.5555038741055554,-0.831513948081281,0));
#10580=DIRECTION('',(0.8682690776799944,-0.49609354838047603,0));
#10581=DIRECTION('',(-0.7832087972085553,0.6217587795722134,0));
#10582=FACE_SURFACE('',(#10587),#10583,.T.);
#10583=PLANE('',#10584);
#10584=AXIS2_PLACEMENT_3D('',#548,#10585,#10586);
#10585=DIRECTION('',(0,0,1));
#10586=DIRECTION('',(-0.6593886152967673,-0.7518022705585637,0));
#10587=FACE_BOUND('',#10588,.T.);
#10588=EDGE_LOOP('',(#10589,#10590,#10591));
#10589=ORIENTED_EDGE('',*,*,#10592,.T.);
#10590=ORIENTED_EDGE('',*,*,#10593,.T.);
#10591=ORIENTED_EDGE('',*,*,#10594,.T.);
#10592=EDGE_CURVE('',#549,#435,#10595,.F.);
#10593=EDGE_CURVE('',#435,#523,#10596,.T.);
#10594=EDGE_CURVE('',#523,#549,#10597,.T.);
#10595=LINE('',#548,#10598);
#10596=LINE('',#434,#10599);
#10597=LINE('',#522,#10600);
#10598=VECTOR('',#10601,1.0);
#10599=VECTOR('',#10602,1.0);
#10600=VECTOR('',#10603,1.0);
#10601=DIRECTION('',(-0.6593886152967673,-0.7518022705585637,0));
#10602=DIRECTION('',(0.7832087972085553,-0.6217587795722134,0));
#10603=DIRECTION('',(-0.6803623002859348,0.7328759378978349,0));
#10604=FACE_SURFACE('',(#10609),#10605,.T.);
#10605=PLANE('',#10606);
#10606=AXIS2_PLACEMENT_3D('',#496,#10607,#10608);
#10607=DIRECTION('',(0,0,1));
#10608=DIRECTION('',(-0.9531696936641918,-0.30243600162697376,0));
#10609=FACE_BOUND('',#10610,.T.);
#10610=EDGE_LOOP('',(#10611,#10612,#10613));
#10611=ORIENTED_EDGE('',*,*,#10614,.T.);
#10612=ORIENTED_EDGE('',*,*,#10615,.T.);
#10613=ORIENTED_EDGE('',*,*,#10616,.T.);
#10614=EDGE_CURVE('',#497,#541,#10617,.F.);
#10615=EDGE_CURVE('',#541,#489,#10618,.T.);
#10616=EDGE_CURVE('',#489,#497,#10619,.T.);
#10617=LINE('',#496,#10620);
#10618=LINE('',#540,#10621);
#10619=LINE('',#488,#10622);
#10620=VECTOR('',#10623,1.0);
#10621=VECTOR('',#10624,1.0);
#10622=VECTOR('',#10625,1.0);
#10623=DIRECTION('',(-0.9531696936641918,-0.30243600162697376,0));
#10624=DIRECTION('',(0.9745722890397271,0.22407332156208687,0));
#10625=DIRECTION('',(-0.25853889568377003,0.9660008485599879,0));
#10626=FACE_SURFACE('',(#10631),#10627,.T.);
#10627=PLANE('',#10628);
#10628=AXIS2_PLACEMENT_3D('',#528,#10629,#10630);
#10629=DIRECTION('',(0,0,1));
#10630=DIRECTION('',(0.9978643779187022,0.06531985365049145,0));
#10631=FACE_BOUND('',#10632,.T.);
#10632=EDGE_LOOP('',(#10633,#10634,#10635));
#10633=ORIENTED_EDGE('',*,*,#10636,.T.);
#10634=ORIENTED_EDGE('',*,*,#10637,.T.);
#10635=ORIENTED_EDGE('',*,*,#10638,.T.);
#10636=EDGE_CURVE('',#529,#517,#10639,.F.);
#10637=EDGE_CURVE('',#517,#465,#10640,.T.);
#10638=EDGE_CURVE('',#465,#529,#10641,.T.);
#10639=LINE('',#528,#10642);
#10640=LINE('',#516,#10643);
#10641=LINE('',#464,#10644);
#10642=VECTOR('',#10645,1.0);
#10643=VECTOR('',#10646,1.0);
#10644=VECTOR('',#10647,1.0);
#10645=DIRECTION('',(0.9978643779187022,0.06531985365049145,0));
#10646=DIRECTION('',(-0.01801584820138343,0.9998377014363805,0));
#10647=DIRECTION('',(-0.12134047597944188,-0.9926109453804559,0));
#10648=FACE_SURFACE('',(#10653),#10649,.T.);
#10649=PLANE('',#10650);
#10650=AXIS2_PLACEMENT_3D('',#526,#10651,#10652);
#10651=DIRECTION('',(0,0,1));
#10652=DIRECTION('',(-0.15935519208785462,0.9872213139689817,0));
#10653=FACE_BOUND('',#10654,.T.);
#10654=EDGE_LOOP('',(#10655,#10656,#10657));
#10655=ORIENTED_EDGE('',*,*,#10658,.T.);
#10656=ORIENTED_EDGE('',*,*,#10659,.T.);
#10657=ORIENTED_EDGE('',*,*,#10660,.T.);
#10658=EDGE_CURVE('',#527,#465,#10661,.F.);
#10659=EDGE_CURVE('',#465,#517,#10662,.T.);
#10660=EDGE_CURVE('',#517,#527,#10663,.T.);
#10661=LINE('',#526,#10664);
#10662=LINE('',#464,#10665);
#10663=LINE('',#516,#10666);
#10664=VECTOR('',#10667,1.0);
#10665=VECTOR('',#10668,1.0);
#10666=VECTOR('',#10669,1.0);
#10667=DIRECTION('',(-0.15935519208785462,0.9872213139689817,0));
#10668=DIRECTION('',(0.01801584820138343,-0.9998377014363805,0));
#10669=DIRECTION('',(0.9807408122454954,0.19531374553790576,0));
#10670=FACE_SURFACE('',(#10675),#10671,.T.);
#10671=PLANE('',#10672);
#10672=AXIS2_PLACEMENT_3D('',#480,#10673,#10674);
#10673=DIRECTION('',(0,0,1));
#10674=DIRECTION('',(-0.2997001558808911,0.9540334462506908,0));
#10675=FACE_BOUND('',#10676,.T.);
#10676=EDGE_LOOP('',(#10677,#10678,#10679));
#10677=ORIENTED_EDGE('',*,*,#10680,.T.);
#10678=ORIENTED_EDGE('',*,*,#10681,.T.);
#10679=ORIENTED_EDGE('',*,*,#10682,.T.);
#10680=EDGE_CURVE('',#481,#465,#10683,.F.);
#10681=EDGE_CURVE('',#465,#527,#10684,.T.);
#10682=EDGE_CURVE('',#527,#481,#10685,.T.);
#10683=LINE('',#480,#10686);
#10684=LINE('',#464,#10687);
#10685=LINE('',#526,#10688);
#10686=VECTOR('',#10689,1.0);
#10687=VECTOR('',#10690,1.0);
#10688=VECTOR('',#10691,1.0);
#10689=DIRECTION('',(-0.2997001558808911,0.9540334462506908,0));
#10690=DIRECTION('',(0.15935519208785462,-0.9872213139689817,0));
#10691=DIRECTION('',(0.9470729889459992,0.3210183072799605,0));
#10692=FACE_SURFACE('',(#10697),#10693,.T.);
#10693=PLANE('',#10694);
#10694=AXIS2_PLACEMENT_3D('',#458,#10695,#10696);
#10695=DIRECTION('',(0,0,1));
#10696=DIRECTION('',(-0.7071426481680294,-0.7070709123856719,0));
#10697=FACE_BOUND('',#10698,.T.);
#10698=EDGE_LOOP('',(#10699,#10700,#10701));
#10699=ORIENTED_EDGE('',*,*,#10702,.T.);
#10700=ORIENTED_EDGE('',*,*,#10703,.T.);
#10701=ORIENTED_EDGE('',*,*,#10704,.T.);
#10702=EDGE_CURVE('',#459,#465,#10705,.F.);
#10703=EDGE_CURVE('',#465,#463,#10706,.T.);
#10704=EDGE_CURVE('',#463,#459,#10707,.T.);
#10705=LINE('',#458,#10708);
#10706=LINE('',#464,#10709);
#10707=LINE('',#462,#10710);
#10708=VECTOR('',#10711,1.0);
#10709=VECTOR('',#10712,1.0);
#10710=VECTOR('',#10713,1.0);
#10711=DIRECTION('',(-0.7071426481680294,-0.7070709123856719,0));
#10712=DIRECTION('',(0.6803951948738514,-0.7328453989707338,0));
#10713=DIRECTION('',(-0.6753042183960261,0.7375392956422949,0));
#10714=FACE_SURFACE('',(#10719),#10715,.T.);
#10715=PLANE('',#10716);
#10716=AXIS2_PLACEMENT_3D('',#530,#10717,#10718);
#10717=DIRECTION('',(-0,0,1));
#10718=DIRECTION('',(0.9978643779187022,-0.06531985365049145,0));
#10719=FACE_BOUND('',#10720,.T.);
#10720=EDGE_LOOP('',(#10721,#10722,#10723));
#10721=ORIENTED_EDGE('',*,*,#10724,.T.);
#10722=ORIENTED_EDGE('',*,*,#10725,.T.);
#10723=ORIENTED_EDGE('',*,*,#10726,.T.);
#10724=EDGE_CURVE('',#531,#529,#10727,.F.);
#10725=EDGE_CURVE('',#529,#507,#10728,.T.);
#10726=EDGE_CURVE('',#507,#531,#10729,.T.);
#10727=LINE('',#530,#10730);
#10728=LINE('',#528,#10731);
#10729=LINE('',#506,#10732);
#10730=VECTOR('',#10733,1.0);
#10731=VECTOR('',#10734,1.0);
#10732=VECTOR('',#10735,1.0);
#10733=DIRECTION('',(0.9978643779187022,-0.06531985365049145,0));
#10734=DIRECTION('',(-0.1213317405283898,0.9926120131956653,0));
#10735=DIRECTION('',(-0.018024858455563,-0.9998375390420471,0));
#10736=FACE_SURFACE('',(#10741),#10737,.T.);
#10737=PLANE('',#10738);
#10738=AXIS2_PLACEMENT_3D('',#506,#10739,#10740);
#10739=DIRECTION('',(-0,0,1));
#10740=DIRECTION('',(0.1213317405283898,-0.9926120131956653,0));
#10741=FACE_BOUND('',#10742,.T.);
#10742=EDGE_LOOP('',(#10743,#10744,#10745));
#10743=ORIENTED_EDGE('',*,*,#10746,.T.);
#10744=ORIENTED_EDGE('',*,*,#10747,.T.);
#10745=ORIENTED_EDGE('',*,*,#10748,.T.);
#10746=EDGE_CURVE('',#507,#529,#10749,.F.);
#10747=EDGE_CURVE('',#529,#465,#10750,.T.);
#10748=EDGE_CURVE('',#465,#507,#10751,.T.);
#10749=LINE('',#506,#10752);
#10750=LINE('',#528,#10753);
#10751=LINE('',#464,#10754);
#10752=VECTOR('',#10755,1.0);
#10753=VECTOR('',#10756,1.0);
#10754=VECTOR('',#10757,1.0);
#10755=DIRECTION('',(0.1213317405283898,-0.9926120131956653,0));
#10756=DIRECTION('',(0.12134047597944188,0.9926109453804559,0));
#10757=DIRECTION('',(-1,0,0));
#10758=FACE_SURFACE('',(#10763),#10759,.T.);
#10759=PLANE('',#10760);
#10760=AXIS2_PLACEMENT_3D('',#490,#10761,#10762);
#10761=DIRECTION('',(0,0,1));
#10762=DIRECTION('',(-0.44276020644325736,-0.8966400613347164,0));
#10763=FACE_BOUND('',#10764,.T.);
#10764=EDGE_LOOP('',(#10765,#10766,#10767));
#10765=ORIENTED_EDGE('',*,*,#10768,.T.);
#10766=ORIENTED_EDGE('',*,*,#10769,.T.);
#10767=ORIENTED_EDGE('',*,*,#10770,.T.);
#10768=EDGE_CURVE('',#491,#403,#10771,.F.);
#10769=EDGE_CURVE('',#403,#523,#10772,.T.);
#10770=EDGE_CURVE('',#523,#491,#10773,.T.);
#10771=LINE('',#490,#10774);
#10772=LINE('',#402,#10775);
#10773=LINE('',#522,#10776);
#10774=VECTOR('',#10777,1.0);
#10775=VECTOR('',#10778,1.0);
#10776=VECTOR('',#10779,1.0);
#10777=DIRECTION('',(-0.44276020644325736,-0.8966400613347164,0));
#10778=DIRECTION('',(0.9333048813830717,-0.3590849459202245,0));
#10779=DIRECTION('',(-0.8682690776799944,0.49609354838047603,0));
#10780=FACE_SURFACE('',(#10785),#10781,.T.);
#10781=PLANE('',#10782);
#10782=AXIS2_PLACEMENT_3D('',#402,#10783,#10784);
#10783=DIRECTION('',(0,0,1));
#10784=DIRECTION('',(-0.3210169170795148,-0.947073460164925,0));
#10785=FACE_BOUND('',#10786,.T.);
#10786=EDGE_LOOP('',(#10787,#10788,#10789));
#10787=ORIENTED_EDGE('',*,*,#10790,.T.);
#10788=ORIENTED_EDGE('',*,*,#10791,.T.);
#10789=ORIENTED_EDGE('',*,*,#10792,.T.);
#10790=EDGE_CURVE('',#403,#401,#10793,.F.);
#10791=EDGE_CURVE('',#401,#523,#10794,.T.);
#10792=EDGE_CURVE('',#523,#403,#10795,.T.);
#10793=LINE('',#402,#10796);
#10794=LINE('',#400,#10797);
#10795=LINE('',#522,#10798);
#10796=VECTOR('',#10799,1.0);
#10797=VECTOR('',#10800,1.0);
#10798=VECTOR('',#10801,1.0);
#10799=DIRECTION('',(-0.3210169170795148,-0.947073460164925,0));
#10800=DIRECTION('',(0.976743259935076,-0.21441222952854264,0));
#10801=DIRECTION('',(-0.9333048813830717,0.3590849459202245,0));
#10802=FACE_SURFACE('',(#10807),#10803,.T.);
#10803=PLANE('',#10804);
#10804=AXIS2_PLACEMENT_3D('',#496,#10805,#10806);
#10805=DIRECTION('',(0,-0,1));
#10806=DIRECTION('',(0.25821790209783074,0.9660867016144024,0));
#10807=FACE_BOUND('',#10808,.T.);
#10808=EDGE_LOOP('',(#10809,#10810,#10811));
#10809=ORIENTED_EDGE('',*,*,#10812,.T.);
#10810=ORIENTED_EDGE('',*,*,#10813,.T.);
#10811=ORIENTED_EDGE('',*,*,#10814,.T.);
#10812=EDGE_CURVE('',#497,#523,#10815,.F.);
#10813=EDGE_CURVE('',#523,#401,#10816,.T.);
#10814=EDGE_CURVE('',#401,#497,#10817,.T.);
#10815=LINE('',#496,#10818);
#10816=LINE('',#522,#10819);
#10817=LINE('',#400,#10820);
#10818=VECTOR('',#10821,1.0);
#10819=VECTOR('',#10822,1.0);
#10820=VECTOR('',#10823,1.0);
#10821=DIRECTION('',(0.25821790209783074,0.9660867016144024,0));
#10822=DIRECTION('',(-0.976743259935076,0.21441222952854264,0));
#10823=DIRECTION('',(0.9560256132846267,-0.2932831852386932,0));
#10824=FACE_SURFACE('',(#10829),#10825,.T.);
#10825=PLANE('',#10826);
#10826=AXIS2_PLACEMENT_3D('',#544,#10827,#10828);
#10827=DIRECTION('',(-0,0,1));
#10828=DIRECTION('',(0.9892846329876471,-0.14599970867949166,0));
#10829=FACE_BOUND('',#10830,.T.);
#10830=EDGE_LOOP('',(#10831,#10832,#10833));
#10831=ORIENTED_EDGE('',*,*,#10834,.T.);
#10832=ORIENTED_EDGE('',*,*,#10835,.T.);
#10833=ORIENTED_EDGE('',*,*,#10836,.T.);
#10834=EDGE_CURVE('',#545,#497,#10837,.F.);
#10835=EDGE_CURVE('',#497,#401,#10838,.T.);
#10836=EDGE_CURVE('',#401,#545,#10839,.T.);
#10837=LINE('',#544,#10840);
#10838=LINE('',#496,#10841);
#10839=LINE('',#400,#10842);
#10840=VECTOR('',#10843,1.0);
#10841=VECTOR('',#10844,1.0);
#10842=VECTOR('',#10845,1.0);
#10843=DIRECTION('',(0.9892846329876471,-0.14599970867949166,0));
#10844=DIRECTION('',(-0.9560256132846267,0.2932831852386932,0));
#10845=DIRECTION('',(-0.19531285129612574,-0.9807409903326042,0));
#10846=FACE_SURFACE('',(#10851),#10847,.T.);
#10847=PLANE('',#10848);
#10848=AXIS2_PLACEMENT_3D('',#542,#10849,#10850);
#10849=DIRECTION('',(0,0,1));
#10850=DIRECTION('',(0.9999872330904227,0.005053083826781933,0));
#10851=FACE_BOUND('',#10852,.T.);
#10852=EDGE_LOOP('',(#10853,#10854,#10855));
#10853=ORIENTED_EDGE('',*,*,#10856,.T.);
#10854=ORIENTED_EDGE('',*,*,#10857,.T.);
#10855=ORIENTED_EDGE('',*,*,#10858,.T.);
#10856=EDGE_CURVE('',#543,#497,#10859,.F.);
#10857=EDGE_CURVE('',#497,#545,#10860,.T.);
#10858=EDGE_CURVE('',#545,#543,#10861,.T.);
#10859=LINE('',#542,#10862);
#10860=LINE('',#496,#10863);
#10861=LINE('',#544,#10864);
#10862=VECTOR('',#10865,1.0);
#10863=VECTOR('',#10866,1.0);
#10864=VECTOR('',#10867,1.0);
#10865=DIRECTION('',(0.9999872330904227,0.005053083826781933,0));
#10866=DIRECTION('',(-0.9892846329876471,0.14599970867949166,0));
#10867=DIRECTION('',(-0.06532104381086938,-0.9978643000105066,0));
#10868=FACE_SURFACE('',(#10873),#10869,.T.);
#10869=PLANE('',#10870);
#10870=AXIS2_PLACEMENT_3D('',#538,#10871,#10872);
#10871=DIRECTION('',(0,-0,1));
#10872=DIRECTION('',(0.9877791411171778,0.1558600923065633,0));
#10873=FACE_BOUND('',#10874,.T.);
#10874=EDGE_LOOP('',(#10875,#10876,#10877));
#10875=ORIENTED_EDGE('',*,*,#10878,.T.);
#10876=ORIENTED_EDGE('',*,*,#10879,.T.);
#10877=ORIENTED_EDGE('',*,*,#10880,.T.);
#10878=EDGE_CURVE('',#539,#497,#10881,.F.);
#10879=EDGE_CURVE('',#497,#543,#10882,.T.);
#10880=EDGE_CURVE('',#543,#539,#10883,.T.);
#10881=LINE('',#538,#10884);
#10882=LINE('',#496,#10885);
#10883=LINE('',#542,#10886);
#10884=VECTOR('',#10887,1.0);
#10885=VECTOR('',#10888,1.0);
#10886=VECTOR('',#10889,1.0);
#10887=DIRECTION('',(0.9877791411171778,0.1558600923065633,0));
#10888=DIRECTION('',(-0.9999872330904227,-0.005053083826781933,0));
#10889=DIRECTION('',(0.06532104381086938,-0.9978643000105066,0));
#10890=FACE_SURFACE('',(#10895),#10891,.T.);
#10891=PLANE('',#10892);
#10892=AXIS2_PLACEMENT_3D('',#540,#10893,#10894);
#10893=DIRECTION('',(0,-0,1));
#10894=DIRECTION('',(0.9531696936641918,0.30243600162697376,0));
#10895=FACE_BOUND('',#10896,.T.);
#10896=EDGE_LOOP('',(#10897,#10898,#10899));
#10897=ORIENTED_EDGE('',*,*,#10900,.T.);
#10898=ORIENTED_EDGE('',*,*,#10901,.T.);
#10899=ORIENTED_EDGE('',*,*,#10902,.T.);
#10900=EDGE_CURVE('',#541,#497,#10903,.F.);
#10901=EDGE_CURVE('',#497,#539,#10904,.T.);
#10902=EDGE_CURVE('',#539,#541,#10905,.T.);
#10903=LINE('',#540,#10906);
#10904=LINE('',#496,#10907);
#10905=LINE('',#538,#10908);
#10906=VECTOR('',#10909,1.0);
#10907=VECTOR('',#10910,1.0);
#10908=VECTOR('',#10911,1.0);
#10909=DIRECTION('',(0.9531696936641918,0.30243600162697376,0));
#10910=DIRECTION('',(-0.9877791411171778,-0.1558600923065633,0));
#10911=DIRECTION('',(0.19531285129612574,-0.9807409903326042,0));
#10912=FACE_SURFACE('',(#10917),#10913,.T.);
#10913=PLANE('',#10914);
#10914=AXIS2_PLACEMENT_3D('',#546,#10915,#10916);
#10915=DIRECTION('',(0,-0,1));
#10916=DIRECTION('',(0.9298522190221578,0.367933215107809,0));
#10917=FACE_BOUND('',#10918,.T.);
#10918=EDGE_LOOP('',(#10919,#10920,#10921));
#10919=ORIENTED_EDGE('',*,*,#10922,.T.);
#10920=ORIENTED_EDGE('',*,*,#10923,.T.);
#10921=ORIENTED_EDGE('',*,*,#10924,.T.);
#10922=EDGE_CURVE('',#547,#489,#10925,.F.);
#10923=EDGE_CURVE('',#489,#541,#10926,.T.);
#10924=EDGE_CURVE('',#541,#547,#10927,.T.);
#10925=LINE('',#546,#10928);
#10926=LINE('',#488,#10929);
#10927=LINE('',#540,#10930);
#10928=VECTOR('',#10931,1.0);
#10929=VECTOR('',#10932,1.0);
#10930=VECTOR('',#10933,1.0);
#10931=DIRECTION('',(0.9298522190221578,0.367933215107809,0));
#10932=DIRECTION('',(-0.9745722890397271,-0.22407332156208687,0));
#10933=DIRECTION('',(0.3210169170795148,-0.947073460164925,0));
#10934=FACE_SURFACE('',(#10939),#10935,.T.);
#10935=PLANE('',#10936);
#10936=AXIS2_PLACEMENT_3D('',#534,#10937,#10938);
#10937=DIRECTION('',(0,-0,1));
#10938=DIRECTION('',(0.8638473992824882,0.5037535813797074,0));
#10939=FACE_BOUND('',#10940,.T.);
#10940=EDGE_LOOP('',(#10941,#10942,#10943));
#10941=ORIENTED_EDGE('',*,*,#10944,.T.);
#10942=ORIENTED_EDGE('',*,*,#10945,.T.);
#10943=ORIENTED_EDGE('',*,*,#10946,.T.);
#10944=EDGE_CURVE('',#535,#489,#10947,.F.);
#10945=EDGE_CURVE('',#489,#547,#10948,.T.);
#10946=EDGE_CURVE('',#547,#535,#10949,.T.);
#10947=LINE('',#534,#10950);
#10948=LINE('',#488,#10951);
#10949=LINE('',#546,#10952);
#10950=VECTOR('',#10953,1.0);
#10951=VECTOR('',#10954,1.0);
#10952=VECTOR('',#10955,1.0);
#10953=DIRECTION('',(0.8638473992824882,0.5037535813797074,0));
#10954=DIRECTION('',(-0.9298522190221578,-0.367933215107809,0));
#10955=DIRECTION('',(0.44276020644325736,-0.8966400613347164,0));
#10956=FACE_SURFACE('',(#10961),#10957,.T.);
#10957=PLANE('',#10958);
#10958=AXIS2_PLACEMENT_3D('',#506,#10959,#10960);
#10959=DIRECTION('',(0,0,1));
#10960=DIRECTION('',(-0.7078302367925257,0.7063825846396817,0));
#10961=FACE_BOUND('',#10962,.T.);
#10962=EDGE_LOOP('',(#10963,#10964,#10965));
#10963=ORIENTED_EDGE('',*,*,#10966,.T.);
#10964=ORIENTED_EDGE('',*,*,#10967,.T.);
#10965=ORIENTED_EDGE('',*,*,#10968,.T.);
#10966=EDGE_CURVE('',#507,#489,#10969,.F.);
#10967=EDGE_CURVE('',#489,#487,#10970,.T.);
#10968=EDGE_CURVE('',#487,#507,#10971,.T.);
#10969=LINE('',#506,#10972);
#10970=LINE('',#488,#10973);
#10971=LINE('',#486,#10974);
#10972=VECTOR('',#10975,1.0);
#10973=VECTOR('',#10976,1.0);
#10974=VECTOR('',#10977,1.0);
#10975=DIRECTION('',(-0.7078302367925257,0.7063825846396817,0));
#10976=DIRECTION('',(-0.6753042183960261,-0.7375392956422949,0));
#10977=DIRECTION('',(0.6804003219815443,0.732840638779954,0));
#10978=FACE_SURFACE('',(#10983),#10979,.T.);
#10979=PLANE('',#10980);
#10980=AXIS2_PLACEMENT_3D('',#486,#10981,#10982);
#10981=DIRECTION('',(-0,0,1));
#10982=DIRECTION('',(0.7518015101772108,-0.6593894822449515,0));
#10983=FACE_BOUND('',#10984,.T.);
#10984=EDGE_LOOP('',(#10985,#10986,#10987));
#10985=ORIENTED_EDGE('',*,*,#10988,.T.);
#10986=ORIENTED_EDGE('',*,*,#10989,.T.);
#10987=ORIENTED_EDGE('',*,*,#10990,.T.);
#10988=EDGE_CURVE('',#487,#521,#10991,.F.);
#10989=EDGE_CURVE('',#521,#507,#10992,.T.);
#10990=EDGE_CURVE('',#507,#487,#10993,.T.);
#10991=LINE('',#486,#10994);
#10992=LINE('',#520,#10995);
#10993=LINE('',#506,#10996);
#10994=VECTOR('',#10997,1.0);
#10995=VECTOR('',#10998,1.0);
#10996=VECTOR('',#10999,1.0);
#10997=DIRECTION('',(0.7518015101772108,-0.6593894822449515,0));
#10998=DIRECTION('',(0.5636356996996185,0.8260234851528869,0));
#10999=DIRECTION('',(-0.6804003219815443,-0.732840638779954,0));
#11000=FACE_SURFACE('',(#11005),#11001,.T.);
#11001=PLANE('',#11002);
#11002=AXIS2_PLACEMENT_3D('',#520,#11003,#11004);
#11003=DIRECTION('',(-0,0,1));
#11004=DIRECTION('',(0.8315152939771598,-0.5555018594767054,0));
#11005=FACE_BOUND('',#11006,.T.);
#11006=EDGE_LOOP('',(#11007,#11008,#11009));
#11007=ORIENTED_EDGE('',*,*,#11010,.T.);
#11008=ORIENTED_EDGE('',*,*,#11011,.T.);
#11009=ORIENTED_EDGE('',*,*,#11012,.T.);
#11010=EDGE_CURVE('',#521,#469,#11013,.F.);
#11011=EDGE_CURVE('',#469,#507,#11014,.T.);
#11012=EDGE_CURVE('',#507,#521,#11015,.T.);
#11013=LINE('',#520,#11016);
#11014=LINE('',#468,#11017);
#11015=LINE('',#506,#11018);
#11016=VECTOR('',#11019,1.0);
#11017=VECTOR('',#11020,1.0);
#11018=VECTOR('',#11021,1.0);
#11019=DIRECTION('',(0.8315152939771598,-0.5555018594767054,0));
#11020=DIRECTION('',(0.4356142866071068,0.9001334308333301,0));
#11021=DIRECTION('',(-0.5636356996996185,-0.8260234851528869,0));
#11022=FACE_SURFACE('',(#11027),#11023,.T.);
#11023=PLANE('',#11024);
#11024=AXIS2_PLACEMENT_3D('',#468,#11025,#11026);
#11025=DIRECTION('',(-0,0,1));
#11026=DIRECTION('',(0.8966401912814309,-0.4427599432861998,0));
#11027=FACE_BOUND('',#11028,.T.);
#11028=EDGE_LOOP('',(#11029,#11030,#11031));
#11029=ORIENTED_EDGE('',*,*,#11032,.T.);
#11030=ORIENTED_EDGE('',*,*,#11033,.T.);
#11031=ORIENTED_EDGE('',*,*,#11034,.T.);
#11032=EDGE_CURVE('',#469,#493,#11035,.F.);
#11033=EDGE_CURVE('',#493,#507,#11036,.T.);
#11034=EDGE_CURVE('',#507,#469,#11037,.T.);
#11035=LINE('',#468,#11038);
#11036=LINE('',#492,#11039);
#11037=LINE('',#506,#11040);
#11038=VECTOR('',#11041,1.0);
#11039=VECTOR('',#11042,1.0);
#11040=VECTOR('',#11043,1.0);
#11041=DIRECTION('',(0.8966401912814309,-0.4427599432861998,0));
#11042=DIRECTION('',(0.29970860151467027,0.9540307930974349,0));
#11043=DIRECTION('',(-0.4356142866071068,-0.9001334308333301,0));
#11044=FACE_SURFACE('',(#11049),#11045,.T.);
#11045=PLANE('',#11046);
#11046=AXIS2_PLACEMENT_3D('',#484,#11047,#11048);
#11047=DIRECTION('',(0,-0,1));
#11048=DIRECTION('',(0.7782343871877225,0.627973915539929,0));
#11049=FACE_BOUND('',#11050,.T.);
#11050=EDGE_LOOP('',(#11051,#11052,#11053));
#11051=ORIENTED_EDGE('',*,*,#11054,.T.);
#11052=ORIENTED_EDGE('',*,*,#11055,.T.);
#11053=ORIENTED_EDGE('',*,*,#11056,.T.);
#11054=EDGE_CURVE('',#485,#489,#11057,.F.);
#11055=EDGE_CURVE('',#489,#535,#11058,.T.);
#11056=EDGE_CURVE('',#535,#485,#11059,.T.);
#11057=LINE('',#484,#11060);
#11058=LINE('',#488,#11061);
#11059=LINE('',#534,#11062);
#11060=VECTOR('',#11063,1.0);
#11061=VECTOR('',#11064,1.0);
#11062=VECTOR('',#11065,1.0);
#11063=DIRECTION('',(0.7782343871877225,0.627973915539929,0));
#11064=DIRECTION('',(-0.8638473992824882,-0.5037535813797074,0));
#11065=DIRECTION('',(0.5555038453933646,-0.8315139672628385,0));
#11066=FACE_SURFACE('',(#11071),#11067,.T.);
#11067=PLANE('',#11068);
#11068=AXIS2_PLACEMENT_3D('',#492,#11069,#11070);
#11069=DIRECTION('',(-0,0,1));
#11070=DIRECTION('',(0.9470729889459992,-0.3210183072799605,0));
#11071=FACE_BOUND('',#11072,.T.);
#11072=EDGE_LOOP('',(#11073,#11074,#11075));
#11073=ORIENTED_EDGE('',*,*,#11076,.T.);
#11074=ORIENTED_EDGE('',*,*,#11077,.T.);
#11075=ORIENTED_EDGE('',*,*,#11078,.T.);
#11076=EDGE_CURVE('',#493,#533,#11079,.F.);
#11077=EDGE_CURVE('',#533,#507,#11080,.T.);
#11078=EDGE_CURVE('',#507,#493,#11081,.T.);
#11079=LINE('',#492,#11082);
#11080=LINE('',#532,#11083);
#11081=LINE('',#506,#11084);
#11082=VECTOR('',#11085,1.0);
#11083=VECTOR('',#11086,1.0);
#11084=VECTOR('',#11087,1.0);
#11085=DIRECTION('',(0.9470729889459992,-0.3210183072799605,0));
#11086=DIRECTION('',(0.15936411233392342,0.9872198740402367,0));
#11087=DIRECTION('',(-0.29970860151467027,-0.9540307930974349,0));
#11088=FACE_SURFACE('',(#11093),#11089,.T.);
#11089=PLANE('',#11090);
#11090=AXIS2_PLACEMENT_3D('',#314,#11091,#11092);
#11091=DIRECTION('',(-0.44275941036270755,0.8966404544382701,0));
#11092=DIRECTION('',(-0.05851142393164723,-0.028892833723065187,0.9978685371475255));
#11093=FACE_BOUND('',#11094,.T.);
#11094=EDGE_LOOP('',(#11095,#11096,#11097));
#11095=ORIENTED_EDGE('',*,*,#11098,.T.);
#11096=ORIENTED_EDGE('',*,*,#11099,.T.);
#11097=ORIENTED_EDGE('',*,*,#11100,.T.);
#11098=EDGE_CURVE('',#315,#423,#11101,.F.);
#11099=EDGE_CURVE('',#423,#419,#11102,.T.);
#11100=EDGE_CURVE('',#419,#315,#11103,.T.);
#11101=LINE('',#314,#11104);
#11102=LINE('',#422,#11105);
#11103=LINE('',#418,#11106);
#11104=VECTOR('',#11107,1.0);
#11105=VECTOR('',#11108,1.0);
#11106=VECTOR('',#11109,1.0);
#11107=DIRECTION('',(-0.05851142393164723,-0.028892833723065187,0.9978685371475255));
#11108=DIRECTION('',(0.89664045443827,0.44275941036270755,0));
#11109=DIRECTION('',(0,0,-1));
#11110=FACE_SURFACE('',(#11115),#11111,.T.);
#11111=PLANE('',#11112);
#11112=AXIS2_PLACEMENT_3D('',#314,#11113,#11114);
#11113=DIRECTION('',(-0.3210183072799605,0.9470729889459992,0));
#11114=DIRECTION('',(0,0,1));
#11115=FACE_BOUND('',#11116,.T.);
#11116=EDGE_LOOP('',(#11117,#11118,#11119));
#11117=ORIENTED_EDGE('',*,*,#11120,.T.);
#11118=ORIENTED_EDGE('',*,*,#11121,.T.);
#11119=ORIENTED_EDGE('',*,*,#11122,.T.);
#11120=EDGE_CURVE('',#315,#419,#11123,.F.);
#11121=EDGE_CURVE('',#419,#317,#11124,.T.);
#11122=EDGE_CURVE('',#317,#315,#11125,.T.);
#11123=LINE('',#314,#11126);
#11124=LINE('',#418,#11127);
#11125=LINE('',#316,#11128);
#11126=VECTOR('',#11129,1.0);
#11127=VECTOR('',#11130,1.0);
#11128=VECTOR('',#11131,1.0);
#11129=DIRECTION('',(0,0,1));
#11130=DIRECTION('',(0.06182235945210678,0.020955205580781462,-0.9978671631188399));
#11131=DIRECTION('',(-0.9470729889459992,-0.3210183072799605,0));
#11132=FACE_SURFACE('',(#11137),#11133,.T.);
#11133=PLANE('',#11134);
#11134=AXIS2_PLACEMENT_3D('',#412,#11135,#11136);
#11135=DIRECTION('',(-0.3210183072799605,0.9470729889459992,0));
#11136=DIRECTION('',(0,0,-1));
#11137=FACE_BOUND('',#11138,.T.);
#11138=EDGE_LOOP('',(#11139,#11140,#11141));
#11139=ORIENTED_EDGE('',*,*,#11142,.T.);
#11140=ORIENTED_EDGE('',*,*,#11143,.T.);
#11141=ORIENTED_EDGE('',*,*,#11144,.T.);
#11142=EDGE_CURVE('',#413,#317,#11145,.F.);
#11143=EDGE_CURVE('',#317,#419,#11146,.T.);
#11144=EDGE_CURVE('',#419,#413,#11147,.T.);
#11145=LINE('',#412,#11148);
#11146=LINE('',#316,#11149);
#11147=LINE('',#418,#11150);
#11148=VECTOR('',#11151,1.0);
#11149=VECTOR('',#11152,1.0);
#11150=VECTOR('',#11153,1.0);
#11151=DIRECTION('',(0,0,-1));
#11152=DIRECTION('',(-0.06182235945210678,-0.020955205580781462,0.9978671631188399));
#11153=DIRECTION('',(0.9470729889459992,0.3210183072799605,0));
#11154=FACE_SURFACE('',(#11159),#11155,.T.);
#11155=PLANE('',#11156);
#11156=AXIS2_PLACEMENT_3D('',#412,#11157,#11158);
#11157=DIRECTION('',(-0.19531358614283406,0.9807408439888826,0));
#11158=DIRECTION('',(0.9807408439888825,0.19531358614283403,0));
#11159=FACE_BOUND('',#11160,.T.);
#11160=EDGE_LOOP('',(#11161,#11162,#11163));
#11161=ORIENTED_EDGE('',*,*,#11164,.T.);
#11162=ORIENTED_EDGE('',*,*,#11165,.T.);
#11163=ORIENTED_EDGE('',*,*,#11166,.T.);
#11164=EDGE_CURVE('',#413,#417,#11167,.F.);
#11165=EDGE_CURVE('',#417,#317,#11168,.T.);
#11166=EDGE_CURVE('',#317,#413,#11169,.T.);
#11167=LINE('',#412,#11170);
#11168=LINE('',#416,#11171);
#11169=LINE('',#316,#11172);
#11170=VECTOR('',#11173,1.0);
#11171=VECTOR('',#11174,1.0);
#11172=VECTOR('',#11175,1.0);
#11173=DIRECTION('',(0.9807408439888825,0.19531358614283403,0));
#11174=DIRECTION('',(-0.06399979928092309,-0.012745497841344473,-0.9978685173793077));
#11175=DIRECTION('',(0,0,1));
#11176=FACE_SURFACE('',(#11181),#11177,.T.);
#11177=PLANE('',#11178);
#11178=AXIS2_PLACEMENT_3D('',#318,#11179,#11180);
#11179=DIRECTION('',(-0.19531358614283406,0.9807408439888826,0));
#11180=DIRECTION('',(-0.9807408439888825,-0.19531358614283403,0));
#11181=FACE_BOUND('',#11182,.T.);
#11182=EDGE_LOOP('',(#11183,#11184,#11185));
#11183=ORIENTED_EDGE('',*,*,#11186,.T.);
#11184=ORIENTED_EDGE('',*,*,#11187,.T.);
#11185=ORIENTED_EDGE('',*,*,#11188,.T.);
#11186=EDGE_CURVE('',#319,#317,#11189,.F.);
#11187=EDGE_CURVE('',#317,#417,#11190,.T.);
#11188=EDGE_CURVE('',#417,#319,#11191,.T.);
#11189=LINE('',#318,#11192);
#11190=LINE('',#316,#11193);
#11191=LINE('',#416,#11194);
#11192=VECTOR('',#11195,1.0);
#11193=VECTOR('',#11196,1.0);
#11194=VECTOR('',#11197,1.0);
#11195=DIRECTION('',(-0.9807408439888825,-0.19531358614283403,0));
#11196=DIRECTION('',(0.06399979928092309,0.012745497841344473,0.9978685173793077));
#11197=DIRECTION('',(0,0,-1));
#11198=FACE_SURFACE('',(#11203),#11199,.T.);
#11199=PLANE('',#11200);
#11200=AXIS2_PLACEMENT_3D('',#318,#11201,#11202);
#11201=DIRECTION('',(-0.06532001861902387,0.9978643671199059,0));
#11202=DIRECTION('',(0,0,1));
#11203=FACE_BOUND('',#11204,.T.);
#11204=EDGE_LOOP('',(#11205,#11206,#11207));
#11205=ORIENTED_EDGE('',*,*,#11208,.T.);
#11206=ORIENTED_EDGE('',*,*,#11209,.T.);
#11207=ORIENTED_EDGE('',*,*,#11210,.T.);
#11208=EDGE_CURVE('',#319,#417,#11211,.F.);
#11209=EDGE_CURVE('',#417,#431,#11212,.T.);
#11210=EDGE_CURVE('',#431,#319,#11213,.T.);
#11211=LINE('',#318,#11214);
#11212=LINE('',#416,#11215);
#11213=LINE('',#430,#11216);
#11214=VECTOR('',#11217,1.0);
#11215=VECTOR('',#11218,1.0);
#11216=VECTOR('',#11219,1.0);
#11217=DIRECTION('',(0,0,1));
#11218=DIRECTION('',(0.9978643671199059,0.06532001861902387,0));
#11219=DIRECTION('',(-0.0651333947457201,-0.004263620084751894,-0.9978674573472527));
#11220=FACE_SURFACE('',(#11225),#11221,.T.);
#11221=PLANE('',#11222);
#11222=AXIS2_PLACEMENT_3D('',#446,#11223,#11224);
#11223=DIRECTION('',(0.7518022705585637,0.6593886152967673,0));
#11224=DIRECTION('',(0.6593886152967673,-0.7518022705585637,0));
#11225=FACE_BOUND('',#11226,.T.);
#11226=EDGE_LOOP('',(#11227,#11228,#11229));
#11227=ORIENTED_EDGE('',*,*,#11230,.T.);
#11228=ORIENTED_EDGE('',*,*,#11231,.T.);
#11229=ORIENTED_EDGE('',*,*,#11232,.T.);
#11230=EDGE_CURVE('',#447,#445,#11233,.F.);
#11231=EDGE_CURVE('',#445,#331,#11234,.T.);
#11232=EDGE_CURVE('',#331,#447,#11235,.T.);
#11233=LINE('',#446,#11236);
#11234=LINE('',#444,#11237);
#11235=LINE('',#330,#11238);
#11236=VECTOR('',#11239,1.0);
#11237=VECTOR('',#11240,1.0);
#11238=VECTOR('',#11241,1.0);
#11239=DIRECTION('',(0.6593886152967673,-0.7518022705585637,0));
#11240=DIRECTION('',(0,0,-1));
#11241=DIRECTION('',(-0.043044242427149625,0.04907691525222942,0.9978670500538628));
#11242=FACE_SURFACE('',(#11247),#11243,.T.);
#11243=PLANE('',#11244);
#11244=AXIS2_PLACEMENT_3D('',#444,#11245,#11246);
#11245=DIRECTION('',(0.831513948081281,0.5555038741055554,0));
#11246=DIRECTION('',(0.5555038741055554,-0.831513948081281,0));
#11247=FACE_BOUND('',#11248,.T.);
#11248=EDGE_LOOP('',(#11249,#11250,#11251));
#11249=ORIENTED_EDGE('',*,*,#11252,.T.);
#11250=ORIENTED_EDGE('',*,*,#11253,.T.);
#11251=ORIENTED_EDGE('',*,*,#11254,.T.);
#11252=EDGE_CURVE('',#445,#443,#11255,.F.);
#11253=EDGE_CURVE('',#443,#331,#11256,.T.);
#11254=EDGE_CURVE('',#331,#445,#11257,.T.);
#11255=LINE('',#444,#11258);
#11256=LINE('',#442,#11259);
#11257=LINE('',#330,#11260);
#11258=VECTOR('',#11261,1.0);
#11259=VECTOR('',#11262,1.0);
#11260=VECTOR('',#11263,1.0);
#11261=DIRECTION('',(0.5555038741055554,-0.831513948081281,0));
#11262=DIRECTION('',(-0.036240973393866484,0.054247821255187914,-0.9978696135951481));
#11263=DIRECTION('',(0,0,1));
#11264=FACE_SURFACE('',(#11269),#11265,.T.);
#11265=PLANE('',#11266);
#11266=AXIS2_PLACEMENT_3D('',#338,#11267,#11268);
#11267=DIRECTION('',(0.9978643000105067,-0.06532104381086938,0));
#11268=DIRECTION('',(0,0,1));
#11269=FACE_BOUND('',#11270,.T.);
#11270=EDGE_LOOP('',(#11271,#11272,#11273));
#11271=ORIENTED_EDGE('',*,*,#11274,.T.);
#11272=ORIENTED_EDGE('',*,*,#11275,.T.);
#11273=ORIENTED_EDGE('',*,*,#11276,.T.);
#11274=EDGE_CURVE('',#339,#473,#11277,.F.);
#11275=EDGE_CURVE('',#473,#471,#11278,.T.);
#11276=EDGE_CURVE('',#471,#339,#11279,.T.);
#11277=LINE('',#338,#11280);
#11278=LINE('',#472,#11281);
#11279=LINE('',#470,#11282);
#11280=VECTOR('',#11283,1.0);
#11281=VECTOR('',#11284,1.0);
#11282=VECTOR('',#11285,1.0);
#11283=DIRECTION('',(0,0,1));
#11284=DIRECTION('',(-0.06532104381086938,-0.9978643000105066,0));
#11285=DIRECTION('',(0.0042636957460190006,0.06513352394333698,-0.9978674485908978));
#11286=FACE_SURFACE('',(#11291),#11287,.T.);
#11287=PLANE('',#11288);
#11288=AXIS2_PLACEMENT_3D('',#338,#11289,#11290);
#11289=DIRECTION('',(0.9978643000105067,-0.06532104381086938,0));
#11290=DIRECTION('',(-0.0042636957460190006,-0.06513352394333698,0.9978674485908978));
#11291=FACE_BOUND('',#11292,.T.);
#11292=EDGE_LOOP('',(#11293,#11294,#11295));
#11293=ORIENTED_EDGE('',*,*,#11296,.T.);
#11294=ORIENTED_EDGE('',*,*,#11297,.T.);
#11295=ORIENTED_EDGE('',*,*,#11298,.T.);
#11296=EDGE_CURVE('',#339,#471,#11299,.F.);
#11297=EDGE_CURVE('',#471,#341,#11300,.T.);
#11298=EDGE_CURVE('',#341,#339,#11301,.T.);
#11299=LINE('',#338,#11302);
#11300=LINE('',#470,#11303);
#11301=LINE('',#340,#11304);
#11302=VECTOR('',#11305,1.0);
#11303=VECTOR('',#11306,1.0);
#11304=VECTOR('',#11307,1.0);
#11305=DIRECTION('',(-0.0042636957460190006,-0.06513352394333698,0.9978674485908978));
#11306=DIRECTION('',(0,0,-1));
#11307=DIRECTION('',(0.06532104381086938,0.9978643000105066,0));
#11308=FACE_SURFACE('',(#11313),#11309,.T.);
#11309=PLANE('',#11310);
#11310=AXIS2_PLACEMENT_3D('',#342,#11311,#11312);
#11311=DIRECTION('',(0.9807409903326043,-0.19531285129612574,0));
#11312=DIRECTION('',(0.19531285129612574,0.9807409903326042,0));
#11313=FACE_BOUND('',#11314,.T.);
#11314=EDGE_LOOP('',(#11315,#11316,#11317));
#11315=ORIENTED_EDGE('',*,*,#11318,.T.);
#11316=ORIENTED_EDGE('',*,*,#11319,.T.);
#11317=ORIENTED_EDGE('',*,*,#11320,.T.);
#11318=EDGE_CURVE('',#343,#341,#11321,.F.);
#11319=EDGE_CURVE('',#341,#457,#11322,.T.);
#11320=EDGE_CURVE('',#457,#343,#11323,.T.);
#11321=LINE('',#342,#11324);
#11322=LINE('',#340,#11325);
#11323=LINE('',#456,#11326);
#11324=VECTOR('',#11327,1.0);
#11325=VECTOR('',#11328,1.0);
#11326=VECTOR('',#11329,1.0);
#11327=DIRECTION('',(0.19531285129612574,0.9807409903326042,0));
#11328=DIRECTION('',(-0.012745422260733007,-0.06399967010489525,0.9978685266295656));
#11329=DIRECTION('',(0,0,-1));
#11330=FACE_SURFACE('',(#11335),#11331,.T.);
#11331=PLANE('',#11332);
#11332=AXIS2_PLACEMENT_3D('',#470,#11333,#11334);
#11333=DIRECTION('',(0.9807409903326043,-0.19531285129612574,0));
#11334=DIRECTION('',(-0.19531285129612574,-0.9807409903326042,0));
#11335=FACE_BOUND('',#11336,.T.);
#11336=EDGE_LOOP('',(#11337,#11338,#11339));
#11337=ORIENTED_EDGE('',*,*,#11340,.T.);
#11338=ORIENTED_EDGE('',*,*,#11341,.T.);
#11339=ORIENTED_EDGE('',*,*,#11342,.T.);
#11340=EDGE_CURVE('',#471,#457,#11343,.F.);
#11341=EDGE_CURVE('',#457,#341,#11344,.T.);
#11342=EDGE_CURVE('',#341,#471,#11345,.T.);
#11343=LINE('',#470,#11346);
#11344=LINE('',#456,#11347);
#11345=LINE('',#340,#11348);
#11346=VECTOR('',#11349,1.0);
#11347=VECTOR('',#11350,1.0);
#11348=VECTOR('',#11351,1.0);
#11349=DIRECTION('',(-0.19531285129612574,-0.9807409903326042,0));
#11350=DIRECTION('',(0.012745422260733007,0.06399967010489525,-0.9978685266295656));
#11351=DIRECTION('',(0,0,1));
#11352=FACE_SURFACE('',(#11357),#11353,.T.);
#11353=PLANE('',#11354);
#11354=AXIS2_PLACEMENT_3D('',#346,#11355,#11356);
#11355=DIRECTION('',(0.9470734601649251,-0.3210169170795148,0));
#11356=DIRECTION('',(0.3210169170795148,0.947073460164925,0));
#11357=FACE_BOUND('',#11358,.T.);
#11358=EDGE_LOOP('',(#11359,#11360,#11361));
#11359=ORIENTED_EDGE('',*,*,#11362,.T.);
#11360=ORIENTED_EDGE('',*,*,#11363,.T.);
#11361=ORIENTED_EDGE('',*,*,#11364,.T.);
#11362=EDGE_CURVE('',#347,#343,#11365,.F.);
#11363=EDGE_CURVE('',#343,#479,#11366,.T.);
#11364=EDGE_CURVE('',#479,#347,#11367,.T.);
#11365=LINE('',#346,#11368);
#11366=LINE('',#342,#11369);
#11367=LINE('',#478,#11370);
#11368=VECTOR('',#11371,1.0);
#11369=VECTOR('',#11372,1.0);
#11370=VECTOR('',#11373,1.0);
#11371=DIRECTION('',(0.3210169170795148,0.947073460164925,0));
#11372=DIRECTION('',(-0.020955119049979178,-0.061822402655234275,0.9978671622593536));
#11373=DIRECTION('',(0,0,-1));
#11374=FACE_SURFACE('',(#11379),#11375,.T.);
#11375=PLANE('',#11376);
#11376=AXIS2_PLACEMENT_3D('',#456,#11377,#11378);
#11377=DIRECTION('',(0.9470734601649251,-0.3210169170795148,0));
#11378=DIRECTION('',(-0.3210169170795148,-0.947073460164925,0));
#11379=FACE_BOUND('',#11380,.T.);
#11380=EDGE_LOOP('',(#11381,#11382,#11383));
#11381=ORIENTED_EDGE('',*,*,#11384,.T.);
#11382=ORIENTED_EDGE('',*,*,#11385,.T.);
#11383=ORIENTED_EDGE('',*,*,#11386,.T.);
#11384=EDGE_CURVE('',#457,#479,#11387,.F.);
#11385=EDGE_CURVE('',#479,#343,#11388,.T.);
#11386=EDGE_CURVE('',#343,#457,#11389,.T.);
#11387=LINE('',#456,#11390);
#11388=LINE('',#478,#11391);
#11389=LINE('',#342,#11392);
#11390=VECTOR('',#11393,1.0);
#11391=VECTOR('',#11394,1.0);
#11392=VECTOR('',#11395,1.0);
#11393=DIRECTION('',(-0.3210169170795148,-0.947073460164925,0));
#11394=DIRECTION('',(0.020955119049979178,0.061822402655234275,-0.9978671622593536));
#11395=DIRECTION('',(0,0,1));
#11396=FACE_SURFACE('',(#11401),#11397,.T.);
#11397=PLANE('',#11398);
#11398=AXIS2_PLACEMENT_3D('',#308,#11399,#11400);
#11399=DIRECTION('',(0.19531358614283406,0.9807408439888826,-0));
#11400=DIRECTION('',(0,0,1));
#11401=FACE_BOUND('',#11402,.T.);
#11402=EDGE_LOOP('',(#11403,#11404,#11405));
#11403=ORIENTED_EDGE('',*,*,#11406,.T.);
#11404=ORIENTED_EDGE('',*,*,#11407,.T.);
#11405=ORIENTED_EDGE('',*,*,#11408,.T.);
#11406=EDGE_CURVE('',#309,#433,#11409,.F.);
#11407=EDGE_CURVE('',#433,#307,#11410,.T.);
#11408=EDGE_CURVE('',#307,#309,#11411,.T.);
#11409=LINE('',#308,#11412);
#11410=LINE('',#432,#11413);
#11411=LINE('',#306,#11414);
#11412=VECTOR('',#11415,1.0);
#11413=VECTOR('',#11416,1.0);
#11414=VECTOR('',#11417,1.0);
#11415=DIRECTION('',(0,0,1));
#11416=DIRECTION('',(0.06399979928092309,-0.012745497841344473,-0.9978685173793077));
#11417=DIRECTION('',(-0.9807408439888825,0.19531358614283403,0));
#11418=FACE_SURFACE('',(#11423),#11419,.T.);
#11419=PLANE('',#11420);
#11420=AXIS2_PLACEMENT_3D('',#426,#11421,#11422);
#11421=DIRECTION('',(0.19531358614283406,0.9807408439888826,0));
#11422=DIRECTION('',(0,0,-1));
#11423=FACE_BOUND('',#11424,.T.);
#11424=EDGE_LOOP('',(#11425,#11426,#11427));
#11425=ORIENTED_EDGE('',*,*,#11428,.T.);
#11426=ORIENTED_EDGE('',*,*,#11429,.T.);
#11427=ORIENTED_EDGE('',*,*,#11430,.T.);
#11428=EDGE_CURVE('',#427,#307,#11431,.F.);
#11429=EDGE_CURVE('',#307,#433,#11432,.T.);
#11430=EDGE_CURVE('',#433,#427,#11433,.T.);
#11431=LINE('',#426,#11434);
#11432=LINE('',#306,#11435);
#11433=LINE('',#432,#11436);
#11434=VECTOR('',#11437,1.0);
#11435=VECTOR('',#11438,1.0);
#11436=VECTOR('',#11439,1.0);
#11437=DIRECTION('',(0,0,-1));
#11438=DIRECTION('',(-0.06399979928092309,0.012745497841344473,0.9978685173793077));
#11439=DIRECTION('',(0.9807408439888825,-0.19531358614283403,0));
#11440=FACE_SURFACE('',(#11445),#11441,.T.);
#11441=PLANE('',#11442);
#11442=AXIS2_PLACEMENT_3D('',#306,#11443,#11444);
#11443=DIRECTION('',(0.3210183072799605,0.9470729889459992,0));
#11444=DIRECTION('',(0.06182235945210678,-0.020955205580781462,0.9978671631188399));
#11445=FACE_BOUND('',#11446,.T.);
#11446=EDGE_LOOP('',(#11447,#11448,#11449));
#11447=ORIENTED_EDGE('',*,*,#11450,.T.);
#11448=ORIENTED_EDGE('',*,*,#11451,.T.);
#11449=ORIENTED_EDGE('',*,*,#11452,.T.);
#11450=EDGE_CURVE('',#307,#425,#11453,.F.);
#11451=EDGE_CURVE('',#425,#297,#11454,.T.);
#11452=EDGE_CURVE('',#297,#307,#11455,.T.);
#11453=LINE('',#306,#11456);
#11454=LINE('',#424,#11457);
#11455=LINE('',#296,#11458);
#11456=VECTOR('',#11459,1.0);
#11457=VECTOR('',#11460,1.0);
#11458=VECTOR('',#11461,1.0);
#11459=DIRECTION('',(0.06182235945210678,-0.020955205580781462,0.9978671631188399));
#11460=DIRECTION('',(0,0,-1));
#11461=DIRECTION('',(-0.9470729889459992,0.3210183072799605,0));
#11462=FACE_SURFACE('',(#11467),#11463,.T.);
#11463=PLANE('',#11464);
#11464=AXIS2_PLACEMENT_3D('',#306,#11465,#11466);
#11465=DIRECTION('',(0.3210183072799605,0.9470729889459992,-0));
#11466=DIRECTION('',(0,0,1));
#11467=FACE_BOUND('',#11468,.T.);
#11468=EDGE_LOOP('',(#11469,#11470,#11471));
#11469=ORIENTED_EDGE('',*,*,#11472,.T.);
#11470=ORIENTED_EDGE('',*,*,#11473,.T.);
#11471=ORIENTED_EDGE('',*,*,#11474,.T.);
#11472=EDGE_CURVE('',#307,#427,#11475,.F.);
#11473=EDGE_CURVE('',#427,#425,#11476,.T.);
#11474=EDGE_CURVE('',#425,#307,#11477,.T.);
#11475=LINE('',#306,#11478);
#11476=LINE('',#426,#11479);
#11477=LINE('',#424,#11480);
#11478=VECTOR('',#11481,1.0);
#11479=VECTOR('',#11482,1.0);
#11480=VECTOR('',#11483,1.0);
#11481=DIRECTION('',(0,0,1));
#11482=DIRECTION('',(0.9470729889459992,-0.3210183072799605,0));
#11483=DIRECTION('',(-0.06182235945210678,0.020955205580781462,-0.9978671631188399));
#11484=FACE_SURFACE('',(#11489),#11485,.T.);
#11485=PLANE('',#11486);
#11486=AXIS2_PLACEMENT_3D('',#296,#11487,#11488);
#11487=DIRECTION('',(0.44275941036270755,0.8966404544382701,-0));
#11488=DIRECTION('',(0,0,1));
#11489=FACE_BOUND('',#11490,.T.);
#11490=EDGE_LOOP('',(#11491,#11492,#11493));
#11491=ORIENTED_EDGE('',*,*,#11494,.T.);
#11492=ORIENTED_EDGE('',*,*,#11495,.T.);
#11493=ORIENTED_EDGE('',*,*,#11496,.T.);
#11494=EDGE_CURVE('',#297,#425,#11497,.F.);
#11495=EDGE_CURVE('',#425,#293,#11498,.T.);
#11496=EDGE_CURVE('',#293,#297,#11499,.T.);
#11497=LINE('',#296,#11500);
#11498=LINE('',#424,#11501);
#11499=LINE('',#292,#11502);
#11500=VECTOR('',#11503,1.0);
#11501=VECTOR('',#11504,1.0);
#11502=VECTOR('',#11505,1.0);
#11503=DIRECTION('',(0,0,1));
#11504=DIRECTION('',(0.05851142393164723,-0.028892833723065187,-0.9978685371475255));
#11505=DIRECTION('',(-0.89664045443827,0.44275941036270755,0));
#11506=FACE_SURFACE('',(#11511),#11507,.T.);
#11507=PLANE('',#11508);
#11508=AXIS2_PLACEMENT_3D('',#466,#11509,#11510);
#11509=DIRECTION('',(0.44275941036270755,0.8966404544382701,0));
#11510=DIRECTION('',(0,0,-1));
#11511=FACE_BOUND('',#11512,.T.);
#11512=EDGE_LOOP('',(#11513,#11514,#11515));
#11513=ORIENTED_EDGE('',*,*,#11516,.T.);
#11514=ORIENTED_EDGE('',*,*,#11517,.T.);
#11515=ORIENTED_EDGE('',*,*,#11518,.T.);
#11516=EDGE_CURVE('',#467,#293,#11519,.F.);
#11517=EDGE_CURVE('',#293,#425,#11520,.T.);
#11518=EDGE_CURVE('',#425,#467,#11521,.T.);
#11519=LINE('',#466,#11522);
#11520=LINE('',#292,#11523);
#11521=LINE('',#424,#11524);
#11522=VECTOR('',#11525,1.0);
#11523=VECTOR('',#11526,1.0);
#11524=VECTOR('',#11527,1.0);
#11525=DIRECTION('',(0,0,-1));
#11526=DIRECTION('',(-0.05851142393164723,0.028892833723065187,0.9978685371475255));
#11527=DIRECTION('',(0.89664045443827,-0.44275941036270755,0));
#11528=FACE_SURFACE('',(#11533),#11529,.T.);
#11529=PLANE('',#11530);
#11530=AXIS2_PLACEMENT_3D('',#292,#11531,#11532);
#11531=DIRECTION('',(0.5555024325229294,0.8315149111477848,-0));
#11532=DIRECTION('',(0,0,1));
#11533=FACE_BOUND('',#11534,.T.);
#11534=EDGE_LOOP('',(#11535,#11536,#11537));
#11535=ORIENTED_EDGE('',*,*,#11538,.T.);
#11536=ORIENTED_EDGE('',*,*,#11539,.T.);
#11537=ORIENTED_EDGE('',*,*,#11540,.T.);
#11538=EDGE_CURVE('',#293,#467,#11541,.F.);
#11539=EDGE_CURVE('',#467,#299,#11542,.T.);
#11540=EDGE_CURVE('',#299,#293,#11543,.T.);
#11541=LINE('',#292,#11544);
#11542=LINE('',#466,#11545);
#11543=LINE('',#298,#11546);
#11544=VECTOR('',#11547,1.0);
#11545=VECTOR('',#11548,1.0);
#11546=VECTOR('',#11549,1.0);
#11547=DIRECTION('',(0,0,1));
#11548=DIRECTION('',(0.054247782488269,-0.036240811472173784,-0.9978696215833728));
#11549=DIRECTION('',(-0.8315149111477848,0.5555024325229293,0));
#11550=FACE_SURFACE('',(#11555),#11551,.T.);
#11551=PLANE('',#11552);
#11552=AXIS2_PLACEMENT_3D('',#448,#11553,#11554);
#11553=DIRECTION('',(0.5555024325229294,0.8315149111477848,0));
#11554=DIRECTION('',(0,0,-1));
#11555=FACE_BOUND('',#11556,.T.);
#11556=EDGE_LOOP('',(#11557,#11558,#11559));
#11557=ORIENTED_EDGE('',*,*,#11560,.T.);
#11558=ORIENTED_EDGE('',*,*,#11561,.T.);
#11559=ORIENTED_EDGE('',*,*,#11562,.T.);
#11560=EDGE_CURVE('',#449,#299,#11563,.F.);
#11561=EDGE_CURVE('',#299,#467,#11564,.T.);
#11562=EDGE_CURVE('',#467,#449,#11565,.T.);
#11563=LINE('',#448,#11566);
#11564=LINE('',#298,#11567);
#11565=LINE('',#466,#11568);
#11566=VECTOR('',#11569,1.0);
#11567=VECTOR('',#11570,1.0);
#11568=VECTOR('',#11571,1.0);
#11569=DIRECTION('',(0,0,-1));
#11570=DIRECTION('',(-0.054247782488269,0.036240811472173784,0.9978696215833728));
#11571=DIRECTION('',(0.8315149111477848,-0.5555024325229293,0));
#11572=FACE_SURFACE('',(#11577),#11573,.T.);
#11573=PLANE('',#11574);
#11574=AXIS2_PLACEMENT_3D('',#448,#11575,#11576);
#11575=DIRECTION('',(0.6593893417976214,0.7518016333606223,0));
#11576=DIRECTION('',(0.7518016333606223,-0.6593893417976214,0));
#11577=FACE_BOUND('',#11578,.T.);
#11578=EDGE_LOOP('',(#11579,#11580,#11581));
#11579=ORIENTED_EDGE('',*,*,#11582,.T.);
#11580=ORIENTED_EDGE('',*,*,#11583,.T.);
#11581=ORIENTED_EDGE('',*,*,#11584,.T.);
#11582=EDGE_CURVE('',#449,#447,#11585,.F.);
#11583=EDGE_CURVE('',#447,#299,#11586,.T.);
#11584=EDGE_CURVE('',#299,#449,#11587,.T.);
#11585=LINE('',#448,#11588);
#11586=LINE('',#446,#11589);
#11587=LINE('',#298,#11590);
#11588=VECTOR('',#11591,1.0);
#11589=VECTOR('',#11592,1.0);
#11590=VECTOR('',#11593,1.0);
#11591=DIRECTION('',(0.7518016333606223,-0.6593893417976214,0));
#11592=DIRECTION('',(-0.049076948725007126,0.043044355693352576,-0.9978670435217244));
#11593=DIRECTION('',(0,0,1));
#11594=FACE_SURFACE('',(#11599),#11595,.T.);
#11595=PLANE('',#11596);
#11596=AXIS2_PLACEMENT_3D('',#300,#11597,#11598);
#11597=DIRECTION('',(0.6593893417976214,0.7518016333606223,-0));
#11598=DIRECTION('',(-0.7518016333606223,0.6593893417976214,0));
#11599=FACE_BOUND('',#11600,.T.);
#11600=EDGE_LOOP('',(#11601,#11602,#11603));
#11601=ORIENTED_EDGE('',*,*,#11604,.T.);
#11602=ORIENTED_EDGE('',*,*,#11605,.T.);
#11603=ORIENTED_EDGE('',*,*,#11606,.T.);
#11604=EDGE_CURVE('',#301,#299,#11607,.F.);
#11605=EDGE_CURVE('',#299,#447,#11608,.T.);
#11606=EDGE_CURVE('',#447,#301,#11609,.T.);
#11607=LINE('',#300,#11610);
#11608=LINE('',#298,#11611);
#11609=LINE('',#446,#11612);
#11610=VECTOR('',#11613,1.0);
#11611=VECTOR('',#11614,1.0);
#11612=VECTOR('',#11615,1.0);
#11613=DIRECTION('',(-0.7518016333606223,0.6593893417976214,0));
#11614=DIRECTION('',(0.049076948725007126,-0.043044355693352576,0.9978670435217244));
#11615=DIRECTION('',(0,0,-1));
#11616=FACE_SURFACE('',(#11621),#11617,.T.);
#11617=PLANE('',#11618);
#11618=AXIS2_PLACEMENT_3D('',#446,#11619,#11620);
#11619=DIRECTION('',(0.7518022705585637,0.6593886152967673,0));
#11620=DIRECTION('',(0.043044242427149625,-0.04907691525222942,-0.9978670500538628));
#11621=FACE_BOUND('',#11622,.T.);
#11622=EDGE_LOOP('',(#11623,#11624,#11625));
#11623=ORIENTED_EDGE('',*,*,#11626,.T.);
#11624=ORIENTED_EDGE('',*,*,#11627,.T.);
#11625=ORIENTED_EDGE('',*,*,#11628,.T.);
#11626=EDGE_CURVE('',#447,#331,#11629,.F.);
#11627=EDGE_CURVE('',#331,#301,#11630,.T.);
#11628=EDGE_CURVE('',#301,#447,#11631,.T.);
#11629=LINE('',#446,#11632);
#11630=LINE('',#330,#11633);
#11631=LINE('',#300,#11634);
#11632=VECTOR('',#11635,1.0);
#11633=VECTOR('',#11636,1.0);
#11634=VECTOR('',#11637,1.0);
#11635=DIRECTION('',(0.043044242427149625,-0.04907691525222942,-0.9978670500538628));
#11636=DIRECTION('',(-0.6593886152967673,0.7518022705585637,0));
#11637=DIRECTION('',(0,0,1));
#11638=FACE_SURFACE('',(#11643),#11639,.T.);
#11639=PLANE('',#11640);
#11640=AXIS2_PLACEMENT_3D('',#434,#11641,#11642);
#11641=DIRECTION('',(-0.7518022705585637,0.6593886152967673,0));
#11642=DIRECTION('',(0.6593886152967673,0.7518022705585637,0));
#11643=FACE_BOUND('',#11644,.T.);
#11644=EDGE_LOOP('',(#11645,#11646,#11647));
#11645=ORIENTED_EDGE('',*,*,#11648,.T.);
#11646=ORIENTED_EDGE('',*,*,#11649,.T.);
#11647=ORIENTED_EDGE('',*,*,#11650,.T.);
#11648=EDGE_CURVE('',#435,#549,#11651,.F.);
#11649=EDGE_CURVE('',#549,#337,#11652,.T.);
#11650=EDGE_CURVE('',#337,#435,#11653,.T.);
#11651=LINE('',#434,#11654);
#11652=LINE('',#548,#11655);
#11653=LINE('',#336,#11656);
#11654=VECTOR('',#11657,1.0);
#11655=VECTOR('',#11658,1.0);
#11656=VECTOR('',#11659,1.0);
#11657=DIRECTION('',(0.6593886152967673,0.7518022705585637,0));
#11658=DIRECTION('',(-0.043044242427149625,-0.04907691525222942,-0.9978670500538628));
#11659=DIRECTION('',(0,0,1));
#11660=FACE_SURFACE('',(#11665),#11661,.T.);
#11661=PLANE('',#11662);
#11662=AXIS2_PLACEMENT_3D('',#376,#11663,#11664);
#11663=DIRECTION('',(-0.7518022705585637,0.6593886152967673,0));
#11664=DIRECTION('',(-0.6593886152967673,-0.7518022705585637,0));
#11665=FACE_BOUND('',#11666,.T.);
#11666=EDGE_LOOP('',(#11667,#11668,#11669));
#11667=ORIENTED_EDGE('',*,*,#11670,.T.);
#11668=ORIENTED_EDGE('',*,*,#11671,.T.);
#11669=ORIENTED_EDGE('',*,*,#11672,.T.);
#11670=EDGE_CURVE('',#377,#337,#11673,.F.);
#11671=EDGE_CURVE('',#337,#549,#11674,.T.);
#11672=EDGE_CURVE('',#549,#377,#11675,.T.);
#11673=LINE('',#376,#11676);
#11674=LINE('',#336,#11677);
#11675=LINE('',#548,#11678);
#11676=VECTOR('',#11679,1.0);
#11677=VECTOR('',#11680,1.0);
#11678=VECTOR('',#11681,1.0);
#11679=DIRECTION('',(-0.6593886152967673,-0.7518022705585637,0));
#11680=DIRECTION('',(0.043044242427149625,0.04907691525222942,0.9978670500538628));
#11681=DIRECTION('',(0,0,-1));
#11682=FACE_SURFACE('',(#11687),#11683,.T.);
#11683=PLANE('',#11684);
#11684=AXIS2_PLACEMENT_3D('',#376,#11685,#11686);
#11685=DIRECTION('',(-0.6593893417976214,0.7518016333606223,0));
#11686=DIRECTION('',(0,0,1));
#11687=FACE_BOUND('',#11688,.T.);
#11688=EDGE_LOOP('',(#11689,#11690,#11691));
#11689=ORIENTED_EDGE('',*,*,#11692,.T.);
#11690=ORIENTED_EDGE('',*,*,#11693,.T.);
#11691=ORIENTED_EDGE('',*,*,#11694,.T.);
#11692=EDGE_CURVE('',#377,#549,#11695,.F.);
#11693=EDGE_CURVE('',#549,#313,#11696,.T.);
#11694=EDGE_CURVE('',#313,#377,#11697,.T.);
#11695=LINE('',#376,#11698);
#11696=LINE('',#548,#11699);
#11697=LINE('',#312,#11700);
#11698=VECTOR('',#11701,1.0);
#11699=VECTOR('',#11702,1.0);
#11700=VECTOR('',#11703,1.0);
#11701=DIRECTION('',(0,0,1));
#11702=DIRECTION('',(0.049076948725007126,0.043044355693352576,-0.9978670435217244));
#11703=DIRECTION('',(-0.7518016333606223,-0.6593893417976214,0));
#11704=FACE_SURFACE('',(#11709),#11705,.T.);
#11705=PLANE('',#11706);
#11706=AXIS2_PLACEMENT_3D('',#454,#11707,#11708);
#11707=DIRECTION('',(-0.6593893417976214,0.7518016333606223,0));
#11708=DIRECTION('',(0,0,-1));
#11709=FACE_BOUND('',#11710,.T.);
#11710=EDGE_LOOP('',(#11711,#11712,#11713));
#11711=ORIENTED_EDGE('',*,*,#11714,.T.);
#11712=ORIENTED_EDGE('',*,*,#11715,.T.);
#11713=ORIENTED_EDGE('',*,*,#11716,.T.);
#11714=EDGE_CURVE('',#455,#313,#11717,.F.);
#11715=EDGE_CURVE('',#313,#549,#11718,.T.);
#11716=EDGE_CURVE('',#549,#455,#11719,.T.);
#11717=LINE('',#454,#11720);
#11718=LINE('',#312,#11721);
#11719=LINE('',#548,#11722);
#11720=VECTOR('',#11723,1.0);
#11721=VECTOR('',#11724,1.0);
#11722=VECTOR('',#11725,1.0);
#11723=DIRECTION('',(0,0,-1));
#11724=DIRECTION('',(-0.049076948725007126,-0.043044355693352576,0.9978670435217244));
#11725=DIRECTION('',(0.7518016333606223,0.6593893417976214,0));
ENDSEC;
END-ISO-10303-21;
